id,title,domain,object_type,authority_level,approval_status,lifecycle_status,platform_scope,confidence,verification_required,source_ref,source_location,keywords,collection_file
ACA-CAT-0001,پادکست: روانشناسی معامله‌گری موفق,academy,CATALOG_ITEM,ACADEMY_DERIVED,PENDING_REVIEW,PENDING_REVIEW,,0.6,True,js/data.js,window.SSAData.podcasts[0] (id=p1),پادکست|روانشناسی|روانشناسی معامله‌گری موفق,knowledge_base/academy/catalog/academy_site_catalog.json
ACA-CAT-0002,پادکست: تحلیل تکنیکال پیشرفته,academy,CATALOG_ITEM,ACADEMY_DERIVED,PENDING_REVIEW,PENDING_REVIEW,,0.6,True,js/data.js,window.SSAData.podcasts[1] (id=p2),پادکست|تحلیل|تحلیل تکنیکال پیشرفته,knowledge_base/academy/catalog/academy_site_catalog.json
ACA-CAT-0003,پادکست: مدیریت سرمایه و ریسک,academy,CATALOG_ITEM,ACADEMY_DERIVED,PENDING_REVIEW,PENDING_REVIEW,,0.6,True,js/data.js,window.SSAData.podcasts[2] (id=p3),پادکست|معامله‌گری|مدیریت سرمایه و ریسک,knowledge_base/academy/catalog/academy_site_catalog.json
ACA-CAT-0004,پادکست: اشتباهات رایج معامله‌گران,academy,CATALOG_ITEM,ACADEMY_DERIVED,PENDING_REVIEW,PENDING_REVIEW,,0.6,True,js/data.js,window.SSAData.podcasts[3] (id=p4),پادکست|معامله‌گری|اشتباهات رایج معامله‌گران,knowledge_base/academy/catalog/academy_site_catalog.json
ACA-CAT-0005,پادکست: استراتژی پرایس اکشن,academy,CATALOG_ITEM,ACADEMY_DERIVED,PENDING_REVIEW,PENDING_REVIEW,,0.6,True,js/data.js,window.SSAData.podcasts[4] (id=p5),پادکست|تحلیل|استراتژی پرایس اکشن,knowledge_base/academy/catalog/academy_site_catalog.json
ACA-CAT-0006,پادکست: فارکس یا کریپتو؟,academy,CATALOG_ITEM,ACADEMY_DERIVED,PENDING_REVIEW,PENDING_REVIEW,,0.6,True,js/data.js,window.SSAData.podcasts[5] (id=p6),پادکست|معامله‌گری|فارکس یا کریپتو؟,knowledge_base/academy/catalog/academy_site_catalog.json
ACA-CAT-0101,کتاب صوتی: معامله‌گر منضبط,academy,CATALOG_ITEM,ACADEMY_DERIVED,PENDING_REVIEW,PENDING_REVIEW,,0.6,True,js/data.js,window.SSAData.books[0] (id=b1),کتاب صوتی|معامله‌گر منضبط|مارک داگلاس,knowledge_base/academy/catalog/academy_site_catalog.json
ACA-CAT-0102,کتاب صوتی: جادوگران بازار,academy,CATALOG_ITEM,ACADEMY_DERIVED,PENDING_REVIEW,PENDING_REVIEW,,0.6,True,js/data.js,window.SSAData.books[1] (id=b2),کتاب صوتی|جادوگران بازار|جک شواگر,knowledge_base/academy/catalog/academy_site_catalog.json
ACA-CAT-0103,کتاب صوتی: تحلیل تکنیکال,academy,CATALOG_ITEM,ACADEMY_DERIVED,PENDING_REVIEW,PENDING_REVIEW,,0.6,True,js/data.js,window.SSAData.books[2] (id=b3),کتاب صوتی|تحلیل تکنیکال|جان مورفی,knowledge_base/academy/catalog/academy_site_catalog.json
ACA-CAT-0104,کتاب صوتی: ذهن پول‌ساز,academy,CATALOG_ITEM,ACADEMY_DERIVED,PENDING_REVIEW,PENDING_REVIEW,,0.6,True,js/data.js,window.SSAData.books[3] (id=b4),کتاب صوتی|ذهن پول‌ساز|ناپلئون هیل,knowledge_base/academy/catalog/academy_site_catalog.json
ACA-CAT-0105,کتاب صوتی: سرمایه‌گذار هوشمند,academy,CATALOG_ITEM,ACADEMY_DERIVED,PENDING_REVIEW,PENDING_REVIEW,,0.6,True,js/data.js,window.SSAData.books[4] (id=b5),کتاب صوتی|سرمایه‌گذار هوشمند|بنجامین گراهام,knowledge_base/academy/catalog/academy_site_catalog.json
ACA-CAT-0106,کتاب صوتی: بازی برتر,academy,CATALOG_ITEM,ACADEMY_DERIVED,PENDING_REVIEW,PENDING_REVIEW,,0.6,True,js/data.js,window.SSAData.books[5] (id=b6),کتاب صوتی|بازی برتر|سبحان صمدی,knowledge_base/academy/catalog/academy_site_catalog.json
ACA-CLR-0001,آیا برای کار در فارکس فیلترشکن لازم است؟,academy,OPERATIONAL_FACT,ACADEMY_DERIVED,APPROVED,ACTIVE,BOTH,1.0,,MENTORAI_KB_DECISIONS.md,D-0003,فیلترشکن|VPN|سایت بروکر|اتصال متاتریدر|IP ثابت,knowledge_base/academy/operations/clarifications.json
ACA-INT-0001,دوره‌ی مقدماتی رایگان است و هدیه‌ی آکادمی است,academy,OPERATIONAL_FACT,ACADEMY_PRIMARY,PENDING_REVIEW,PENDING_REVIEW,NOT_APPLICABLE,0.95,False,raw_sources/academy/intro/intro_lesson_01.md,بخش ۱ و ۶,دوره مقدماتی|رایگان|هدیه|هزینه,knowledge_base/academy/intro/lesson_01.json
ACA-INT-0002,سرفصل‌های دوره‌ی مقدماتی,academy,CATALOG_ITEM,ACADEMY_PRIMARY,PENDING_REVIEW,PENDING_REVIEW,NOT_APPLICABLE,0.85,False,raw_sources/academy/intro/intro_lesson_01.md,بخش ۱۳ تا ۲۰,سرفصل|ویدیو|دوره مقدماتی|پین بار|ترند,knowledge_base/academy/intro/lesson_01.json
ACA-INT-0003,مسیر پیشنهادی تماشای دوره بر اساس سطح دانشجو,academy,RULE,ACADEMY_PRIMARY,PENDING_REVIEW,PENDING_REVIEW,NOT_APPLICABLE,0.9,False,raw_sources/academy/intro/intro_lesson_01.md,بخش ۱۳,از کجا شروع کنم|ترتیب ویدیو|سطح دانشجو,knowledge_base/academy/intro/lesson_01.json
ACA-INT-0004,هدف آکادمی: ساختن تریدر، نه تحلیلگر,academy,CONCEPT,ACADEMY_PRIMARY,PENDING_REVIEW,PENDING_REVIEW,NOT_APPLICABLE,0.95,False,raw_sources/academy/intro/intro_lesson_01.md,بخش ۵ و ۶,تریدر|تحلیلگر|هدف دوره,knowledge_base/academy/intro/lesson_01.json
ACA-INT-0005,سبک آکادمی: پرایس اکشن تکنیکال (معامله‌گری حرکات قیمت),academy,CONCEPT,ACADEMY_PRIMARY,PENDING_REVIEW,PENDING_REVIEW,NOT_APPLICABLE,0.9,False,raw_sources/academy/intro/intro_lesson_01.md,بخش ۵ و ۶,پرایس اکشن|سبک|متدولوژی,knowledge_base/academy/intro/lesson_01.json
ACA-INT-0006,سه اصل ساختار بازار: اسپایک، کانال قیمتی، تریدینگ رنج,academy,CONCEPT,ACADEMY_PRIMARY,PENDING_REVIEW,PENDING_REVIEW,NOT_APPLICABLE,0.85,False,raw_sources/academy/intro/intro_lesson_01.md,بخش ۲۱,اسپایک|کانال قیمتی|تریدینگ رنج|مارکت سایکل,knowledge_base/academy/intro/lesson_01.json
ACA-INT-0007,سه اصل نگاه به بازار (بیان دوم در همین جلسه),academy,CONCEPT,ACADEMY_PRIMARY,REVIEW_REQUIRED,PENDING_REVIEW,NOT_APPLICABLE,0.6,True,raw_sources/academy/intro/intro_lesson_01.md,بخش ۷,سه اصل|نقدینگی|سایکل,knowledge_base/academy/intro/lesson_01.json
ACA-INT-0008,علت حرکت قیمت: همه‌چیز از خود قیمت و نقدینگی,academy,CONCEPT,ACADEMY_PRIMARY,PENDING_REVIEW,PENDING_REVIEW,NOT_APPLICABLE,0.8,True,raw_sources/academy/intro/intro_lesson_01.md,بخش ۱۵,علت حرکت قیمت|نقدینگی,knowledge_base/academy/intro/lesson_01.json
ACA-INT-0009,«دسته پنجم»: همسو شدن با نقدینگی و پول‌های سنگین,academy,CONCEPT,ACADEMY_PRIMARY,REVIEW_REQUIRED,PENDING_REVIEW,NOT_APPLICABLE,0.6,True,raw_sources/academy/intro/intro_lesson_01.md,بخش ۸,دسته پنجم|نقدینگی|پول هوشمند,knowledge_base/academy/intro/lesson_01.json
ACA-INT-0010,رفتار متفاوت پول‌های سنگین در تریدینگ رنج,academy,CONCEPT,ACADEMY_PRIMARY,REVIEW_REQUIRED,PENDING_REVIEW,NOT_APPLICABLE,0.55,True,raw_sources/academy/intro/intro_lesson_01.md,بخش ۷,پول سنگین|تریدینگ رنج|ارزش و تقاضا,knowledge_base/academy/intro/lesson_01.json
ACA-INT-0011,استراتژی‌نویسی بر پایه‌ی چهار اصل,academy,CONCEPT,ACADEMY_PRIMARY,PENDING_REVIEW,PENDING_REVIEW,NOT_APPLICABLE,0.75,True,raw_sources/academy/intro/intro_lesson_01.md,بخش ۲۳,استراتژی‌نویسی|چهار اصل,knowledge_base/academy/intro/lesson_01.json
ACA-INT-0012,مدیریت سرمایه و ریسک، یعنی بقا,academy,RULE,ACADEMY_PRIMARY,PENDING_REVIEW,PENDING_REVIEW,NOT_APPLICABLE,0.85,False,raw_sources/academy/intro/intro_lesson_01.md,بخش ۲۲,مدیریت سرمایه|ریسک|بقا,knowledge_base/academy/intro/lesson_01.json
ACA-INT-0013,لوریج در فارکس با لوریج در کریپتو یکی نیست,academy,CONCEPT,ACADEMY_PRIMARY,PENDING_REVIEW,PENDING_REVIEW,NOT_APPLICABLE,0.8,True,raw_sources/academy/intro/intro_lesson_01.md,بخش ۱۷,لوریج|کریپتو|فارکس,knowledge_base/academy/intro/lesson_01.json
ACA-INT-0014,چرا با وجود آموزش دیدن، به سود نمی‌رسند,academy,CONCEPT,ACADEMY_PRIMARY,PENDING_REVIEW,PENDING_REVIEW,NOT_APPLICABLE,0.9,False,raw_sources/academy/intro/intro_lesson_01.md,بخش ۱۶,پلن|خودشناسی|مسیر اشتباه|آموزش,knowledge_base/academy/intro/lesson_01.json
ACA-INT-0015,چارچوب مشخص و استراتژی مکتوب,academy,RULE,ACADEMY_PRIMARY,PENDING_REVIEW,PENDING_REVIEW,NOT_APPLICABLE,0.9,False,raw_sources/academy/intro/intro_lesson_01.md,بخش ۹,چارچوب|استراتژی مکتوب|پلن,knowledge_base/academy/intro/lesson_01.json
ACA-INT-0016,لوپ اشتباه: هم سود و هم ضرر روان را به هم می‌ریزد,academy,COMMON_MISTAKE,ACADEMY_PRIMARY,PENDING_REVIEW,PENDING_REVIEW,NOT_APPLICABLE,0.85,False,raw_sources/academy/intro/intro_lesson_01.md,بخش ۹,سرخوشی|لوپ|کنترل روان|ترس و استرس,knowledge_base/academy/intro/lesson_01.json
ACA-INT-0017,ظرف دانش ذهن را خالی کن و روی چارت خودت پیاده کن,academy,RULE,ACADEMY_PRIMARY,PENDING_REVIEW,PENDING_REVIEW,NOT_APPLICABLE,0.9,False,raw_sources/academy/intro/intro_lesson_01.md,بخش ۱۴,ظرف دانش|گارد|پیاده‌سازی روی چارت,knowledge_base/academy/intro/lesson_01.json
ACA-INT-0018,باز کردن حساب ریل هنر نیست؛ هنر رشد دادن حساب است,academy,CONCEPT,ACADEMY_PRIMARY,PENDING_REVIEW,PENDING_REVIEW,NOT_APPLICABLE,0.95,False,raw_sources/academy/intro/intro_lesson_01.md,بخش ۲۰,حساب ریل|رشد حساب|سرمایه,knowledge_base/academy/intro/lesson_01.json
ACA-INT-0019,معامله‌گری یک مسیر است، نه مقصد,academy,CONCEPT,ACADEMY_PRIMARY,PENDING_REVIEW,PENDING_REVIEW,NOT_APPLICABLE,0.9,False,raw_sources/academy/intro/intro_lesson_01.md,بخش ۴ و ۲۴,مسیر|صبر|تعهد|ثابت‌قدمی,knowledge_base/academy/intro/lesson_01.json
ACA-INT-0020,تأکید دوباره: دوره‌ی مقدماتی رایگان است,academy,OPERATIONAL_FACT,ACADEMY_PRIMARY,PENDING_REVIEW,PENDING_REVIEW,NOT_APPLICABLE,0.9,False,raw_sources/academy/intro/intro_lesson_02.md,بخش ۱ و ۲,رایگان|هدیه|فروش غیرمجاز|دوره مقدماتی,knowledge_base/academy/intro/lesson_02.json
ACA-INT-0021,فقط کانال‌ها و صفحات رسمی معتبرند,academy,OPERATIONAL_FACT,ACADEMY_PRIMARY,PENDING_REVIEW,PENDING_REVIEW,NOT_APPLICABLE,0.8,True,raw_sources/academy/intro/intro_lesson_02.md,بخش ۲۲,کانال رسمی|اینستاگرام|کلاهبرداری|فیک,knowledge_base/academy/intro/lesson_02.json
ACA-INT-0022,فارکس چیست,academy,DEFINITION,ACADEMY_PRIMARY,PENDING_REVIEW,PENDING_REVIEW,NOT_APPLICABLE,0.9,False,raw_sources/academy/intro/intro_lesson_02.md,بخش ۵ و ۹,فارکس|foreign exchange|بازار مالی,knowledge_base/academy/intro/lesson_02.json
ACA-INT-0023,تاریخچه: از استاندارد طلا تا تأسیس فارکس,academy,CONCEPT,ACADEMY_PRIMARY,PENDING_REVIEW,PENDING_REVIEW,NOT_APPLICABLE,0.85,False,raw_sources/academy/intro/intro_lesson_02.md,بخش ۶، ۷ و ۸,برتون وودز|استاندارد طلا|نیکسون|۱۹۷۱|تاریخچه,knowledge_base/academy/intro/lesson_02.json
ACA-INT-0024,عرضه و تقاضا حرف اول و آخر را می‌زند,academy,RULE,ACADEMY_PRIMARY,PENDING_REVIEW,PENDING_REVIEW,NOT_APPLICABLE,0.9,False,raw_sources/academy/intro/intro_lesson_02.md,بخش ۸ و ۹,عرضه و تقاضا|قیمت|متدولوژی,knowledge_base/academy/intro/lesson_02.json
ACA-INT-0025,جفت‌ارز و رابطه‌ی معکوس دو ارز,academy,DEFINITION,ACADEMY_PRIMARY,PENDING_REVIEW,PENDING_REVIEW,NOT_APPLICABLE,0.9,False,raw_sources/academy/intro/intro_lesson_02.md,بخش ۱۰,جفت ارز|EURUSD|ارزش پول,knowledge_base/academy/intro/lesson_02.json
ACA-INT-0026,ابزارهای قابل معامله: جفت‌ارز، سهام و شاخص,academy,CONCEPT,ACADEMY_PRIMARY,PENDING_REVIEW,PENDING_REVIEW,NOT_APPLICABLE,0.85,False,raw_sources/academy/intro/intro_lesson_02.md,بخش ۱۰ و ۱۱,سهام|شاخص|US30|داوجونز|CFD,knowledge_base/academy/intro/lesson_02.json
ACA-INT-0027,نمادهای اصلی مدرس: US30، طلا، یورو به دلار,academy,OPERATIONAL_FACT,ACADEMY_PRIMARY,PENDING_REVIEW,PENDING_REVIEW,NOT_APPLICABLE,0.85,False,raw_sources/academy/intro/intro_lesson_02.md,بخش ۱۱,نماد|US30|طلا|EURUSD,knowledge_base/academy/intro/lesson_02.json
ACA-INT-0028,بازار دوطرفه: سود از بالا رفتن و پایین آمدن قیمت,academy,CONCEPT,ACADEMY_PRIMARY,PENDING_REVIEW,PENDING_REVIEW,NOT_APPLICABLE,0.9,False,raw_sources/academy/intro/intro_lesson_02.md,بخش ۱۵,بازار دوطرفه|خرید|فروش,knowledge_base/academy/intro/lesson_02.json
ACA-INT-0029,فروش استقراضی با مثال تخم‌مرغ,academy,EXAMPLE,ACADEMY_PRIMARY,PENDING_REVIEW,PENDING_REVIEW,NOT_APPLICABLE,0.9,False,raw_sources/academy/intro/intro_lesson_02.md,بخش ۱۶,فروش استقراضی|short|سل,knowledge_base/academy/intro/lesson_02.json
ACA-INT-0030,ریسک دوطرفه است و هنر، تشخیص جای درست است,academy,RULE,ACADEMY_PRIMARY,PENDING_REVIEW,PENDING_REVIEW,NOT_APPLICABLE,0.9,False,raw_sources/academy/intro/intro_lesson_02.md,بخش ۱۶,ریسک|جهت معامله|ورود و خروج,knowledge_base/academy/intro/lesson_02.json
ACA-INT-0031,پنج دسته‌ی معامله‌گر در بازار,academy,CONCEPT,ACADEMY_PRIMARY,PENDING_REVIEW,PENDING_REVIEW,NOT_APPLICABLE,0.75,True,raw_sources/academy/intro/intro_lesson_02.md,بخش ۱۷,دسته پنجم|بانک|بیمه|معامله‌گر خرد,knowledge_base/academy/intro/lesson_02.json
ACA-INT-0032,عمق بازار فارکس در برابر بازارهای کوچک,academy,CONCEPT,ACADEMY_PRIMARY,PENDING_REVIEW,PENDING_REVIEW,NOT_APPLICABLE,0.8,True,raw_sources/academy/intro/intro_lesson_02.md,بخش ۱۷,عمق بازار|گردش مالی|شش تریلیون,knowledge_base/academy/intro/lesson_02.json
ACA-INT-0033,بروکر چیست و چه نقشی دارد,academy,DEFINITION,ACADEMY_PRIMARY,PENDING_REVIEW,PENDING_REVIEW,NOT_APPLICABLE,0.9,False,raw_sources/academy/intro/intro_lesson_02.md,بخش ۱۸,بروکر|کارگزاری|کارمزد,knowledge_base/academy/intro/lesson_02.json
ACA-INT-0034,A-Book و B-Book و ضرورت رگوله بودن بروکر,academy,RULE,ACADEMY_PRIMARY,PENDING_REVIEW,PENDING_REVIEW,NOT_APPLICABLE,0.8,True,raw_sources/academy/intro/intro_lesson_02.md,بخش ۱۸ و ۱۹,A-Book|B-Book|رگوله|بروکر,knowledge_base/academy/intro/lesson_02.json
ACA-INT-0035,فاکتورهای انتخاب بروکر,academy,PROCEDURE,ACADEMY_PRIMARY,PENDING_REVIEW,PENDING_REVIEW,NOT_APPLICABLE,0.9,False,raw_sources/academy/intro/intro_lesson_02.md,بخش ۲۰,انتخاب بروکر|کارمزد|رگوله|پشتیبانی,knowledge_base/academy/intro/lesson_02.json
ACA-INT-0036,روش‌های واریز و برداشت,academy,PROCEDURE,ACADEMY_PRIMARY,PENDING_REVIEW,PENDING_REVIEW,NOT_APPLICABLE,0.85,False,raw_sources/academy/intro/intro_lesson_02.md,بخش ۲۱,واریز|برداشت|تتر|پرفکت مانی|وب مانی,knowledge_base/academy/intro/lesson_02.json
ACA-INT-0037,مزایای بازار فارکس از نگاه مدرس,academy,CONCEPT,ACADEMY_PRIMARY,PENDING_REVIEW,PENDING_REVIEW,NOT_APPLICABLE,0.85,False,raw_sources/academy/intro/intro_lesson_02.md,بخش ۱۲,مزایا|مکان ثابت|رئیس خودت|ساعت کاری,knowledge_base/academy/intro/lesson_02.json
ACA-INT-0038,سه ساعت در روز کافی است,academy,RULE,ACADEMY_PRIMARY,PENDING_REVIEW,PENDING_REVIEW,NOT_APPLICABLE,0.9,False,raw_sources/academy/intro/intro_lesson_02.md,بخش ۱۳,سه ساعت|زمان معامله|شغل تمام وقت,knowledge_base/academy/intro/lesson_02.json
ACA-INT-0039,سخت‌افزار و اینترنت موردنیاز,academy,PROCEDURE,ACADEMY_PRIMARY,PENDING_REVIEW,PENDING_REVIEW,NOT_APPLICABLE,0.8,True,raw_sources/academy/intro/intro_lesson_02.md,بخش ۱۴,لپ تاپ|سیستم|اینترنت|مانیتور,knowledge_base/academy/intro/lesson_02.json
ACA-INT-0040,حداقل سرمایه برای شروع: ۱۰۰ دلار,academy,RULE,ACADEMY_PRIMARY,PENDING_REVIEW,PENDING_REVIEW,NOT_APPLICABLE,0.85,False,raw_sources/academy/intro/intro_lesson_02.md,بخش ۱۲ (حداقل سرمایه),حداقل سرمایه|صد دلار|شروع,knowledge_base/academy/intro/lesson_02.json
ACA-INT-0041,انتظار میلیاردر شدن با سرمایه‌ی کوچک,academy,COMMON_MISTAKE,ACADEMY_PRIMARY,PENDING_REVIEW,PENDING_REVIEW,NOT_APPLICABLE,0.85,False,raw_sources/academy/intro/intro_lesson_02.md,بخش ۱۲ (حداقل سرمایه),انتظارات|سرمایه کوچک|جذب سرمایه,knowledge_base/academy/intro/lesson_02.json
ACA-INT-0042,سشن‌های معاملاتی و چرخش بازار,academy,CONCEPT,ACADEMY_PRIMARY,PENDING_REVIEW,PENDING_REVIEW,NOT_APPLICABLE,0.85,False,raw_sources/academy/intro/intro_lesson_02.md,بخش ۱۳,سشن|سیدنی|توکیو|لندن|نیویورک,knowledge_base/academy/intro/lesson_02.json
ACA-INT-0043,تریدر در فارکس، سرمایه‌گذار در بازارهای دیگر,academy,RULE,ACADEMY_PRIMARY,PENDING_REVIEW,PENDING_REVIEW,NOT_APPLICABLE,0.85,False,raw_sources/academy/intro/intro_lesson_02.md,بخش ۱۵,ترید|سرمایه‌گذاری|کریپتو|بورس,knowledge_base/academy/intro/lesson_02.json
ACA-INT-0044,درآمد دلاری به‌عنوان بیمه‌ی قدرت خرید,academy,CONCEPT,ACADEMY_PRIMARY,PENDING_REVIEW,PENDING_REVIEW,NOT_APPLICABLE,0.75,True,raw_sources/academy/intro/intro_lesson_02.md,بخش ۱۲ (درآمد دلاری),درآمد دلاری|تورم|قدرت خرید,knowledge_base/academy/intro/lesson_02.json
ACA-INT-0045,ایمان بدون عمل بی‌ارزش است,academy,CONCEPT,ACADEMY_PRIMARY,PENDING_REVIEW,PENDING_REVIEW,NOT_APPLICABLE,0.85,False,raw_sources/academy/intro/intro_lesson_02.md,بخش ۱۲ (درآمد دلاری),عمل|انگیزه|اقدام,knowledge_base/academy/intro/lesson_02.json
ACA-INT-0046,دلیل حرکت قیمت: تصمیم معامله‌گران,academy,RULE,ACADEMY_PRIMARY,PENDING_REVIEW,PENDING_REVIEW,NOT_APPLICABLE,0.9,False,raw_sources/academy/intro/intro_lesson_03.md,بخش ۲,دلیل حرکت قیمت|علت و معلول|تصمیم معامله‌گران,knowledge_base/academy/intro/lesson_03.json
ACA-INT-0047,پرایس اکشن، بازتاب رفتار انسان‌هاست,academy,CONCEPT,ACADEMY_PRIMARY,PENDING_REVIEW,PENDING_REVIEW,NOT_APPLICABLE,0.9,False,raw_sources/academy/intro/intro_lesson_03.md,بخش ۴,پرایس اکشن|رفتار انسان|ترس و طمع,knowledge_base/academy/intro/lesson_03.json
ACA-INT-0048,تمرکز بر علت، نه بر معلول,academy,RULE,ACADEMY_PRIMARY,PENDING_REVIEW,PENDING_REVIEW,NOT_APPLICABLE,0.85,False,raw_sources/academy/intro/intro_lesson_03.md,بخش ۴,علت|احتمالات|فشردگی قیمت|ورود,knowledge_base/academy/intro/lesson_03.json
ACA-INT-0049,معامله‌گر خرد و سوار شدن بر نقدینگی,academy,CONCEPT,ACADEMY_PRIMARY,PENDING_REVIEW,PENDING_REVIEW,NOT_APPLICABLE,0.85,False,raw_sources/academy/intro/intro_lesson_03.md,بخش ۳,معامله‌گر خرد|نقدینگی|دسته پنجم|بانک,knowledge_base/academy/intro/lesson_03.json
ACA-INT-0050,اکشن تئوری: قاعده‌ی بنیادی عرضه و تقاضا,academy,CONCEPT,ACADEMY_PRIMARY,PENDING_REVIEW,PENDING_REVIEW,NOT_APPLICABLE,0.9,False,raw_sources/academy/intro/intro_lesson_03.md,بخش ۵ و ۱۳,اکشن تئوری|عرضه و تقاضا|همه چیز در قیمت,knowledge_base/academy/intro/lesson_03.json
ACA-INT-0051,مثال ده نفر و یک کیلو طلا: چگونه قیمت ساخته و اشباع می‌شود,academy,EXAMPLE,ACADEMY_PRIMARY,PENDING_REVIEW,PENDING_REVIEW,NOT_APPLICABLE,0.85,False,raw_sources/academy/intro/intro_lesson_03.md,بخش ۵,مثال طلا|اشباع قیمت|عرضه و تقاضا,knowledge_base/academy/intro/lesson_03.json
ACA-INT-0052,چرخه‌ی سود گرفتن: خودِ بستن معامله، عرضه می‌سازد,academy,CONCEPT,ACADEMY_PRIMARY,PENDING_REVIEW,PENDING_REVIEW,NOT_APPLICABLE,0.85,False,raw_sources/academy/intro/intro_lesson_03.md,بخش ۷,ناحیه عرضه|برداشت سود|ریزش,knowledge_base/academy/intro/lesson_03.json
ACA-INT-0053,انواع نمودار و سایه‌ی کندل (شدو),academy,CONCEPT,ACADEMY_PRIMARY,PENDING_REVIEW,PENDING_REVIEW,NOT_APPLICABLE,0.85,False,raw_sources/academy/intro/intro_lesson_03.md,بخش ۶,کندل استیک|شدو|سایه|بارچارت,knowledge_base/academy/intro/lesson_03.json
ACA-INT-0054,حمایت و مقاومت (ساپورت و رزیستنس),academy,DEFINITION,ACADEMY_PRIMARY,PENDING_REVIEW,PENDING_REVIEW,NOT_APPLICABLE,0.85,False,raw_sources/academy/intro/intro_lesson_03.md,بخش ۷,حمایت|مقاومت|ساپورت|رزیستنس,knowledge_base/academy/intro/lesson_03.json
ACA-INT-0055,قیمت نمایانگر ارزش بنیادی نیست، نمایانگر تمایلات عوام است,academy,RULE,ACADEMY_PRIMARY,PENDING_REVIEW,PENDING_REVIEW,NOT_APPLICABLE,0.95,False,raw_sources/academy/intro/intro_lesson_03.md,بخش ۸,تمایلات عوام|ارزش بنیادی|روانشناسی بازار,knowledge_base/academy/intro/lesson_03.json
ACA-INT-0056,مثال قیمت خودرو و بورس: اثر تمایلات عوام,academy,EXAMPLE,ACADEMY_PRIMARY,PENDING_REVIEW,PENDING_REVIEW,NOT_APPLICABLE,0.75,True,raw_sources/academy/intro/intro_lesson_03.md,بخش ۸,تمایلات عوام|ترس|مثال,knowledge_base/academy/intro/lesson_03.json
ACA-INT-0057,تصمیم‌های غیرمنطقی جمعیت و استفاده از ترس و طمع,academy,CONCEPT,ACADEMY_PRIMARY,PENDING_REVIEW,PENDING_REVIEW,NOT_APPLICABLE,0.8,True,raw_sources/academy/intro/intro_lesson_03.md,بخش ۸,ترس و طمع|تصمیم غیرمنطقی|جمعیت,knowledge_base/academy/intro/lesson_03.json
ACA-INT-0058,سه دسته تحلیل: تکنیکال، فاندامنتال، تکنوفاندامنتال,academy,CONCEPT,ACADEMY_PRIMARY,PENDING_REVIEW,PENDING_REVIEW,NOT_APPLICABLE,0.9,False,raw_sources/academy/intro/intro_lesson_03.md,بخش ۹,تکنیکال|فاندامنتال|تکنوفاندامنتال,knowledge_base/academy/intro/lesson_03.json
ACA-INT-0059,موضع آکادمی درباره‌ی تحلیل فاندامنتال,academy,CONCEPT,ACADEMY_PRIMARY,PENDING_REVIEW,PENDING_REVIEW,NOT_APPLICABLE,0.85,False,raw_sources/academy/intro/intro_lesson_03.md,بخش ۹,فاندامنتال|موضع آکادمی|اخبار,knowledge_base/academy/intro/lesson_03.json
ACA-INT-0060,تحلیل فاندامنتال شامل چیست,academy,DEFINITION,ACADEMY_PRIMARY,PENDING_REVIEW,PENDING_REVIEW,NOT_APPLICABLE,0.85,False,raw_sources/academy/intro/intro_lesson_03.md,بخش ۹,GDP|CPI|PPI|فدرال رزرو|فاندامنتال,knowledge_base/academy/intro/lesson_03.json
ACA-INT-0061,اثر خبر جنگ بر دلار و طلا (نیازمند تأیید),academy,CONCEPT,ACADEMY_PRIMARY,REVIEW_REQUIRED,PENDING_REVIEW,NOT_APPLICABLE,0.5,True,raw_sources/academy/intro/intro_lesson_03.md,بخش ۹,اخبار|جنگ|طلا|دلار,knowledge_base/academy/intro/lesson_03.json
ACA-INT-0062,سیستم معاملاتی چیست,academy,DEFINITION,ACADEMY_PRIMARY,PENDING_REVIEW,PENDING_REVIEW,NOT_APPLICABLE,0.9,False,raw_sources/academy/intro/intro_lesson_03.md,بخش ۱۰,سیستم معاملاتی|الیوت|فیبوناچی|هارمونیک|ایچیموکو,knowledge_base/academy/intro/lesson_03.json
ACA-INT-0063,موضع رسمی آکادمی درباره‌ی سیستم‌های بیرونی,academy,RULE,ACADEMY_PRIMARY,PENDING_REVIEW,PENDING_REVIEW,NOT_APPLICABLE,0.9,False,raw_sources/academy/intro/intro_lesson_03.md,بخش ۱۰ و ۱۳,الیوت|هارمونیک|ایچیموکو|فیبوناچی|اندیکاتور|موضع آکادمی,knowledge_base/academy/intro/lesson_03.json
ACA-INT-0064,چهار عیب سیستم‌های سنتی از نگاه آکادمی,academy,CONCEPT,ACADEMY_PRIMARY,PENDING_REVIEW,PENDING_REVIEW,NOT_APPLICABLE,0.9,False,raw_sources/academy/intro/intro_lesson_03.md,بخش ۱۰,معایب|تأخیر سیگنال|حد ضرر عریض|تایم فریم,knowledge_base/academy/intro/lesson_03.json
ACA-INT-0065,چرا اندیکاتور «سایه‌ی قیمت» است,academy,CONCEPT,ACADEMY_PRIMARY,PENDING_REVIEW,PENDING_REVIEW,NOT_APPLICABLE,0.9,False,raw_sources/academy/intro/intro_lesson_03.md,بخش ۱۱,اندیکاتور|اسیلاتور|سایه قیمت|تأخیر,knowledge_base/academy/intro/lesson_03.json
ACA-INT-0066,اشتباه رایج: پرایس اکشن را با الگو یکی گرفتن,academy,COMMON_MISTAKE,ACADEMY_PRIMARY,PENDING_REVIEW,PENDING_REVIEW,NOT_APPLICABLE,0.85,False,raw_sources/academy/intro/intro_lesson_03.md,بخش ۱۰ و ۱۲,الگو|پرایس اکشن|شکست کاذب|فشردگی قیمت,knowledge_base/academy/intro/lesson_03.json
ACA-INT-0067,تریدری هنر است، نه تحلیل‌گری,academy,RULE,ACADEMY_PRIMARY,PENDING_REVIEW,PENDING_REVIEW,NOT_APPLICABLE,0.9,False,raw_sources/academy/intro/intro_lesson_03.md,بخش ۱۰,تریدر|تحلیلگر|لایو مارکت|گذشته,knowledge_base/academy/intro/lesson_03.json
ACA-INT-0068,منابع خارجی لزوماً برتر نیستند,academy,CONCEPT,ACADEMY_PRIMARY,PENDING_REVIEW,PENDING_REVIEW,NOT_APPLICABLE,0.75,True,raw_sources/academy/intro/intro_lesson_03.md,بخش ۸,منابع خارجی|دوره خارجی|اعتماد به نفس,knowledge_base/academy/intro/lesson_03.json
ACA-INT-0069,بروکر، واسط میان معامله‌گر و سیستم بانکی,academy,CONCEPT,ACADEMY_PRIMARY,PENDING_REVIEW,PENDING_REVIEW,NOT_APPLICABLE,0.9,False,raw_sources/academy/intro/intro_lesson_04.md,بخش ۲,بروکر|LP|نقدینگی|واسط,knowledge_base/academy/intro/lesson_04.json
ACA-INT-0070,چرا انتخاب بروکر برای ایرانی‌ها دشوار است,academy,CONCEPT,ACADEMY_PRIMARY,PENDING_REVIEW,PENDING_REVIEW,NOT_APPLICABLE,0.85,False,raw_sources/academy/intro/intro_lesson_04.md,بخش ۴,ایران|بروکر بی‌رگوله|کلاهبرداری|FxPro|IG,knowledge_base/academy/intro/lesson_04.json
ACA-INT-0071,چهار معیار انتخاب بروکر از نگاه مدرس,academy,RULE,ACADEMY_PRIMARY,PENDING_REVIEW,PENDING_REVIEW,NOT_APPLICABLE,0.9,False,raw_sources/academy/intro/intro_lesson_04.md,بخش ۵ و ۷,انتخاب بروکر|امنیت سرمایه|برداشت|رگوله|پشتیبانی,knowledge_base/academy/intro/lesson_04.json
ACA-INT-0072,رگوله یعنی چه,academy,DEFINITION,ACADEMY_PRIMARY,PENDING_REVIEW,PENDING_REVIEW,NOT_APPLICABLE,0.85,False,raw_sources/academy/intro/intro_lesson_04.md,بخش ۶,رگوله|مجوز|نظارت|بیمه حساب,knowledge_base/academy/intro/lesson_04.json
ACA-INT-0073,کانال رسمی تلگرام آکادمی,academy,OPERATIONAL_FACT,ACADEMY_PRIMARY,PENDING_REVIEW,PENDING_REVIEW,NOT_APPLICABLE,0.9,False,raw_sources/academy/intro/intro_lesson_04.md,بخش ۸,کانال رسمی|تلگرام|sobhanforex|کلاهبرداری,knowledge_base/academy/intro/lesson_04.json
ACA-INT-0074,لینک معرف بروکر و مزایای آن,academy,OPERATIONAL_FACT,ACADEMY_PRIMARY,PENDING_REVIEW,PENDING_REVIEW,NOT_APPLICABLE,0.85,False,raw_sources/academy/intro/intro_lesson_04.md,بخش ۹,لینک معرف|ریبیت|تخفیف معاملاتی|مدیر حساب,knowledge_base/academy/intro/lesson_04.json
ACA-INT-0075,مراحل ثبت‌نام در بروکر,academy,PROCEDURE,ACADEMY_PRIMARY,PENDING_REVIEW,PENDING_REVIEW,NOT_APPLICABLE,0.85,False,raw_sources/academy/intro/intro_lesson_04.md,بخش ۱۰,ثبت‌نام|فرم|بروکر|داشبورد,knowledge_base/academy/intro/lesson_04.json
ACA-INT-0076,ایمیل ثبت‌نام باید ایمیلی باشد که مرتب چک می‌شود,academy,RULE,ACADEMY_PRIMARY,PENDING_REVIEW,PENDING_REVIEW,NOT_APPLICABLE,0.9,False,raw_sources/academy/intro/intro_lesson_04.md,بخش ۱۰,ایمیل|اطلاع‌رسانی|تعطیلی بازار,knowledge_base/academy/intro/lesson_04.json
ACA-INT-0077,داشبورد معاملاتی بروکر,academy,OPERATIONAL_FACT,ACADEMY_PRIMARY,PENDING_REVIEW,PENDING_REVIEW,NOT_APPLICABLE,0.85,False,raw_sources/academy/intro/intro_lesson_04.md,بخش ۱۱,داشبورد|کابین معاملاتی|پرداخت‌ها,knowledge_base/academy/intro/lesson_04.json
ACA-INT-0078,دسترسی به سایت بروکر و موضوع فیلترشکن,academy,OPERATIONAL_FACT,ACADEMY_PRIMARY,PENDING_REVIEW,PENDING_REVIEW,NOT_APPLICABLE,0.85,False,raw_sources/academy/intro/intro_lesson_04.md,بخش ۱۰,فیلترشکن|IP ثابت|سایت بروکر,knowledge_base/academy/intro/lesson_04.json
ACA-INT-0079,دانلود متاتریدر ۴ از داشبورد بروکر,academy,PROCEDURE,ACADEMY_PRIMARY,PENDING_REVIEW,PENDING_REVIEW,MT4_ONLY,0.85,False,raw_sources/academy/intro/intro_lesson_04.md,بخش ۱۲,دانلود متاتریدر|متاتریدر ۴|اندروید|iOS,knowledge_base/academy/intro/lesson_04.json
ACA-INT-0080,اتصال متاتریدر ۴ به بروکر (گام‌به‌گام),academy,PROCEDURE,ACADEMY_PRIMARY,PENDING_REVIEW,PENDING_REVIEW,MT4_ONLY,0.9,False,raw_sources/academy/intro/intro_lesson_04.md,بخش ۱۳,اتصال متاتریدر|Open an Account|Add New Broker|Login,knowledge_base/academy/intro/lesson_04.json
ACA-INT-0081,بررسی وضعیت اتصال متاتریدر,academy,TROUBLESHOOTING,ACADEMY_PRIMARY,PENDING_REVIEW,PENDING_REVIEW,MT4_ONLY,0.85,False,raw_sources/academy/intro/intro_lesson_04.md,بخش ۱۳,No Connection|وضعیت اتصال|عیب‌یابی,knowledge_base/academy/intro/lesson_04.json
ACA-INT-0082,ثبت اولین معامله پس از اتصال,academy,PROCEDURE,ACADEMY_PRIMARY,PENDING_REVIEW,PENDING_REVIEW,MT4_ONLY,0.85,False,raw_sources/academy/intro/intro_lesson_04.md,بخش ۱۴,New Order|اولین معامله,knowledge_base/academy/intro/lesson_04.json
ACA-INT-0083,رسالت مدرس: سود دانشجو از سود او کم نمی‌کند,academy,CONCEPT,ACADEMY_PRIMARY,PENDING_REVIEW,PENDING_REVIEW,NOT_APPLICABLE,0.85,False,raw_sources/academy/intro/intro_lesson_04.md,بخش ۳,رسالت|سود مستمر|آموزش,knowledge_base/academy/intro/lesson_04.json
ACA-INT-0084,متاتریدر چیست و دستور معامله چه مسیری طی می‌کند,academy,CONCEPT,ACADEMY_PRIMARY,PENDING_REVIEW,PENDING_REVIEW,BOTH,0.9,False,raw_sources/academy/intro/intro_lesson_05.md,بخش ۱,متاتریدر|پلتفرم|LP|سی تریدر|نینجا تریدر,knowledge_base/academy/intro/lesson_05.json
ACA-INT-0085,تایم‌فریم‌ها در متاتریدر ۴,academy,CONCEPT,ACADEMY_PRIMARY,PENDING_REVIEW,PENDING_REVIEW,MT4_ONLY,0.9,False,raw_sources/academy/intro/intro_lesson_05.md,بخش ۲,تایم فریم|M5|H1|Daily|کندل,knowledge_base/academy/intro/lesson_05.json
ACA-INT-0086,تایم‌فریم شخصی مدرس: M5 و دی‌تریدینگ,academy,OPERATIONAL_FACT,ACADEMY_PRIMARY,PENDING_REVIEW,PENDING_REVIEW,MT4_ONLY,0.85,False,raw_sources/academy/intro/intro_lesson_05.md,بخش ۲,M5|دی تریدر|تایم فریم شخصی,knowledge_base/academy/intro/lesson_05.json
ACA-INT-0087,سه نوع نمودار و چرایی انتخاب کندل‌استیک,academy,CONCEPT,ACADEMY_PRIMARY,PENDING_REVIEW,PENDING_REVIEW,MT4_ONLY,0.9,False,raw_sources/academy/intro/intro_lesson_05.md,بخش ۳,کندل استیک|بارچارت|لاین چارت,knowledge_base/academy/intro/lesson_05.json
ACA-INT-0088,زوم مناسب نمودار,academy,PROCEDURE,ACADEMY_PRIMARY,PENDING_REVIEW,PENDING_REVIEW,MT4_ONLY,0.85,False,raw_sources/academy/intro/intro_lesson_05.md,بخش ۴,زوم|zoom in|zoom out,knowledge_base/academy/intro/lesson_05.json
ACA-INT-0089,موضع عملی درباره‌ی افزودن اندیکاتور در پلتفرم,academy,RULE,ACADEMY_PRIMARY,PENDING_REVIEW,PENDING_REVIEW,MT4_ONLY,0.85,False,raw_sources/academy/intro/intro_lesson_05.md,بخش ۵,اندیکاتور|سایه قیمت|نمودار,knowledge_base/academy/intro/lesson_05.json
ACA-INT-0090,مرتب کردن چند نمودار با Arrange Windows,academy,PROCEDURE,ACADEMY_PRIMARY,PENDING_REVIEW,PENDING_REVIEW,MT4_ONLY,0.85,False,raw_sources/academy/intro/intro_lesson_05.md,بخش ۶,arrange windows|چیدمان چارت,knowledge_base/academy/intro/lesson_05.json
ACA-INT-0091,دو گزینه‌ی مهم نمایش: Chart Shift و Auto Scroll,academy,PROCEDURE,ACADEMY_PRIMARY,PENDING_REVIEW,PENDING_REVIEW,MT4_ONLY,0.85,False,raw_sources/academy/intro/intro_lesson_05.md,بخش ۶,chart shift|auto scroll|نمایش چارت,knowledge_base/academy/intro/lesson_05.json
ACA-INT-0092,تنظیمات نمودار و ترجیحات نمایشی آکادمی,academy,PROCEDURE,ACADEMY_PRIMARY,PENDING_REVIEW,PENDING_REVIEW,MT4_ONLY,0.9,False,raw_sources/academy/intro/intro_lesson_05.md,بخش ۷,F8|properties|ask line|period separator|رنگ چارت,knowledge_base/academy/intro/lesson_05.json
ACA-INT-0093,ذخیره و بارگذاری تنظیمات با Template,academy,PROCEDURE,ACADEMY_PRIMARY,PENDING_REVIEW,PENDING_REVIEW,MT4_ONLY,0.9,False,raw_sources/academy/intro/intro_lesson_05.md,بخش ۸,template|قالب چارت|ذخیره تنظیمات,knowledge_base/academy/intro/lesson_05.json
ACA-INT-0094,ابزارهای تحلیلی متاتریدر,academy,PROCEDURE,ACADEMY_PRIMARY,PENDING_REVIEW,PENDING_REVIEW,MT4_ONLY,0.9,False,raw_sources/academy/intro/intro_lesson_05.md,بخش ۹,crosshair|خط افقی|خط روند|مستطیل|ابزار تحلیلی,knowledge_base/academy/intro/lesson_05.json
ACA-INT-0095,کار با خطوط: ویرایش، قفل، Ray و حذف,academy,PROCEDURE,ACADEMY_PRIMARY,PENDING_REVIEW,PENDING_REVIEW,MT4_ONLY,0.9,False,raw_sources/academy/intro/intro_lesson_05.md,بخش ۹,ray|قفل خط|delete all|Ctrl+Z,knowledge_base/academy/intro/lesson_05.json
ACA-INT-0096,شخصی‌سازی نوار ابزار,academy,PROCEDURE,ACADEMY_PRIMARY,PENDING_REVIEW,PENDING_REVIEW,MT4_ONLY,0.85,False,raw_sources/academy/intro/intro_lesson_05.md,بخش ۹,customize|نوار ابزار|toolbar,knowledge_base/academy/intro/lesson_05.json
ACA-INT-0097,تنظیم فیبوناچی به‌عنوان ابزار ریسک به ریوارد,academy,PROCEDURE,ACADEMY_PRIMARY,PENDING_REVIEW,PENDING_REVIEW,MT4_ONLY,0.9,False,raw_sources/academy/intro/intro_lesson_05.md,بخش ۱۰,فیبوناچی|ریسک به ریوارد|TP|SL|retracement,knowledge_base/academy/intro/lesson_05.json
ACA-INT-0098,تفاوت فیبوناچی به‌عنوان ابزار با سیستم معاملاتی فیبوناچی,academy,CONCEPT,ACADEMY_PRIMARY,PENDING_REVIEW,PENDING_REVIEW,MT4_ONLY,0.8,True,raw_sources/academy/intro/intro_lesson_05.md,بخش ۱۰ (در تطبیق با جلسه ۳),فیبوناچی|ابزار|سیستم معاملاتی|رفع ابهام,knowledge_base/academy/intro/lesson_05.json
ACA-INT-0099,Market Watch و افزودن نماد,academy,PROCEDURE,ACADEMY_PRIMARY,PENDING_REVIEW,PENDING_REVIEW,MT4_ONLY,0.9,False,raw_sources/academy/intro/intro_lesson_05.md,بخش ۱۱,market watch|symbols|افزودن نماد,knowledge_base/academy/intro/lesson_05.json
ACA-INT-0100,اسپرد از نگاه این درس,academy,DEFINITION,ACADEMY_PRIMARY,PENDING_REVIEW,PENDING_REVIEW,BROKER_DEPENDENT,0.85,False,raw_sources/academy/intro/intro_lesson_05.md,بخش ۱۱,اسپرد|کارمزد|کمیسیون,knowledge_base/academy/intro/lesson_05.json
ACA-INT-0101,پنجره‌ی ترمینال و مفاهیم حساب,academy,CONCEPT,ACADEMY_PRIMARY,PENDING_REVIEW,PENDING_REVIEW,MT4_ONLY,0.8,True,raw_sources/academy/intro/intro_lesson_05.md,بخش ۱۲,ترمینال|بالانس|اکویتی|مارجین|فری مارجین,knowledge_base/academy/intro/lesson_05.json
ACA-INT-0102,باز کردن معامله در متاتریدر ۴,academy,PROCEDURE,ACADEMY_PRIMARY,PENDING_REVIEW,PENDING_REVIEW,MT4_ONLY,0.9,False,raw_sources/academy/intro/intro_lesson_05.md,بخش ۱۳,new order|F9|one click trading|buy|sell,knowledge_base/academy/intro/lesson_05.json
ACA-INT-0103,مدیریت معامله‌ی باز,academy,PROCEDURE,ACADEMY_PRIMARY,PENDING_REVIEW,PENDING_REVIEW,MT4_ONLY,0.85,False,raw_sources/academy/intro/intro_lesson_05.md,بخش ۱۳,بستن معامله|modify|SL|TP,knowledge_base/academy/intro/lesson_05.json
ACA-INT-0104,تاریخچه‌ی معاملات و گزارش‌گیری,academy,PROCEDURE,ACADEMY_PRIMARY,PENDING_REVIEW,PENDING_REVIEW,MT4_ONLY,0.85,False,raw_sources/academy/intro/intro_lesson_05.md,بخش ۱۴,account history|گزارش|پیپ|دلار,knowledge_base/academy/intro/lesson_05.json
ACA-INT-0105,سواپ در تاریخچه‌ی معاملات,academy,CONCEPT,ACADEMY_PRIMARY,PENDING_REVIEW,PENDING_REVIEW,BROKER_DEPENDENT,0.75,True,raw_sources/academy/intro/intro_lesson_05.md,بخش ۱۴,سواپ|بهره شبانه|طلا,knowledge_base/academy/intro/lesson_05.json
ACA-INT-0106,تنظیم هشدار قیمتی (Alert),academy,PROCEDURE,ACADEMY_PRIMARY,PENDING_REVIEW,PENDING_REVIEW,MT4_ONLY,0.85,False,raw_sources/academy/intro/intro_lesson_05.md,بخش ۱۵,alert|هشدار قیمت,knowledge_base/academy/intro/lesson_05.json
ACA-INT-0107,منوهای بالای متاتریدر ۴,academy,CONCEPT,ACADEMY_PRIMARY,PENDING_REVIEW,PENDING_REVIEW,MT4_ONLY,0.85,False,raw_sources/academy/intro/intro_lesson_05.md,بخش ۱۶,منو|File|View|Tools|History Center,knowledge_base/academy/intro/lesson_05.json
ACA-INT-0108,کلیدهای میان‌بر متاتریدر ۴,academy,PROCEDURE,ACADEMY_PRIMARY,PENDING_REVIEW,PENDING_REVIEW,MT4_ONLY,0.9,False,raw_sources/academy/intro/intro_lesson_05.md,بخش ۱۶,شورت کات|کلید میانبر|F9|F8|Ctrl+M,knowledge_base/academy/intro/lesson_05.json
ACA-INT-0110,نسبت متاتریدر ۵ به متاتریدر ۴ از نگاه آکادمی,academy,CONCEPT,ACADEMY_PRIMARY,PENDING_REVIEW,PENDING_REVIEW,VERSION_DEPENDENT,0.9,False,raw_sources/academy/intro/intro_lesson_06.md,بخش ۳,متاتریدر ۵|متاتریدر ۴|تفاوت,knowledge_base/academy/intro/lesson_06.json
ACA-INT-0111,توصیه‌ی آکادمی برای انتخاب بین متاتریدر ۴ و ۵,academy,RULE,ACADEMY_PRIMARY,PENDING_REVIEW,PENDING_REVIEW,VERSION_DEPENDENT,0.9,False,raw_sources/academy/intro/intro_lesson_06.md,بخش ۳,انتخاب پلتفرم|متاتریدر ۴|متاتریدر ۵,knowledge_base/academy/intro/lesson_06.json
ACA-INT-0112,ورود به حساب در متاتریدر ۵,academy,PROCEDURE,ACADEMY_PRIMARY,PENDING_REVIEW,PENDING_REVIEW,MT5_ONLY,0.9,False,raw_sources/academy/intro/intro_lesson_06.md,بخش ۴,ورود|open an account|سرور|متاتریدر ۵,knowledge_base/academy/intro/lesson_06.json
ACA-INT-0113,باز کردن نمودار و کار با Market Watch در متاتریدر ۵,academy,PROCEDURE,ACADEMY_PRIMARY,PENDING_REVIEW,PENDING_REVIEW,MT5_ONLY,0.9,False,raw_sources/academy/intro/intro_lesson_06.md,بخش ۵,market watch|new chart|Ctrl+M|show all|hide all,knowledge_base/academy/intro/lesson_06.json
ACA-INT-0114,منوهای متاتریدر ۵,academy,CONCEPT,ACADEMY_PRIMARY,PENDING_REVIEW,PENDING_REVIEW,MT5_ONLY,0.85,False,raw_sources/academy/intro/intro_lesson_06.md,بخش ۶,منو|view|insert|chart|color theme,knowledge_base/academy/intro/lesson_06.json
ACA-INT-0115,ذخیره و بارگذاری Template در متاتریدر ۵,academy,PROCEDURE,ACADEMY_PRIMARY,PENDING_REVIEW,PENDING_REVIEW,MT5_ONLY,0.85,False,raw_sources/academy/intro/intro_lesson_06.md,بخش ۷,template|قالب|متاتریدر ۵,knowledge_base/academy/intro/lesson_06.json
ACA-INT-0116,Trade Level: نمایش یا پنهان کردن خطوط معامله روی چارت,academy,PROCEDURE,ACADEMY_PRIMARY,PENDING_REVIEW,PENDING_REVIEW,MT5_ONLY,0.75,True,raw_sources/academy/intro/intro_lesson_06.md,بخش ۸,trade level|خطوط معامله|چارت تمیز,knowledge_base/academy/intro/lesson_06.json
ACA-INT-0117,Trade History: نمایش معاملات گذشته روی چارت,academy,PROCEDURE,ACADEMY_PRIMARY,PENDING_REVIEW,PENDING_REVIEW,MT5_ONLY,0.85,False,raw_sources/academy/intro/intro_lesson_06.md,بخش ۸,trade history|بازبینی معاملات|نقطه ورود,knowledge_base/academy/intro/lesson_06.json
ACA-INT-0118,منوی Tools در متاتریدر ۵,academy,CONCEPT,ACADEMY_PRIMARY,PENDING_REVIEW,PENDING_REVIEW,MT5_ONLY,0.8,True,raw_sources/academy/intro/intro_lesson_06.md,بخش ۹,tools|new order|task manager|MQL5 market|options,knowledge_base/academy/intro/lesson_06.json
ACA-INT-0119,سرعت متاتریدر ۴ در برابر ۵ و تأثیر اینترنت,academy,CONCEPT,ACADEMY_PRIMARY,PENDING_REVIEW,PENDING_REVIEW,VERSION_DEPENDENT,0.8,True,raw_sources/academy/intro/intro_lesson_06.md,بخش ۱۰,سرعت|اینترنت|کانکشن|انتخاب پلتفرم,knowledge_base/academy/intro/lesson_06.json
ACA-INT-0120,پیپ: واحد اندازه‌گیری تغییر قیمت,academy,DEFINITION,ACADEMY_PRIMARY,PENDING_REVIEW,PENDING_REVIEW,NOT_APPLICABLE,0.9,False,raw_sources/academy/intro/intro_lesson_07.md,بخش ۲,پیپ|pip|واحد اندازه‌گیری,knowledge_base/academy/intro/lesson_07.json
ACA-INT-0121,پیپت: یک دهم پیپ,academy,DEFINITION,ACADEMY_PRIMARY,PENDING_REVIEW,PENDING_REVIEW,NOT_APPLICABLE,0.9,False,raw_sources/academy/intro/intro_lesson_07.md,بخش ۲,پیپت|pipette|point,knowledge_base/academy/intro/lesson_07.json
ACA-INT-0122,تشخیص پیپ و پیپت در جفت‌ارزهای مختلف,academy,RULE,ACADEMY_PRIMARY,PENDING_REVIEW,PENDING_REVIEW,NOT_APPLICABLE,0.9,False,raw_sources/academy/intro/intro_lesson_07.md,بخش ۳ (نسخه‌ی ساختاریافته),پیپ|ین|USDJPY|اعشار,knowledge_base/academy/intro/lesson_07.json
ACA-INT-0123,محاسبه‌ی تعداد پیپ با مثال,academy,EXAMPLE,ACADEMY_PRIMARY,PENDING_REVIEW,PENDING_REVIEW,NOT_APPLICABLE,0.9,False,raw_sources/academy/intro/intro_lesson_07.md,بخش ۴ (نسخه‌ی ساختاریافته),محاسبه پیپ|مثال,knowledge_base/academy/intro/lesson_07.json
ACA-INT-0124,چرا شناخت دقیق پیپ مهم است,academy,CONCEPT,ACADEMY_PRIMARY,PENDING_REVIEW,PENDING_REVIEW,NOT_APPLICABLE,0.85,False,raw_sources/academy/intro/intro_lesson_07.md,بخش ۲,پیپ|ریسک|محاسبه سود,knowledge_base/academy/intro/lesson_07.json
ACA-INT-0125,لات و انواع آن,academy,DEFINITION,ACADEMY_PRIMARY,PENDING_REVIEW,PENDING_REVIEW,NOT_APPLICABLE,0.9,False,raw_sources/academy/intro/intro_lesson_07.md,بخش ۵,لات|مینی لات|میکرو لات|نانو لات|حجم,knowledge_base/academy/intro/lesson_07.json
ACA-INT-0126,ارزش هر پیپ در یک لات استاندارد,academy,RULE,ACADEMY_PRIMARY,PENDING_REVIEW,PENDING_REVIEW,NOT_APPLICABLE,0.9,False,raw_sources/academy/intro/intro_lesson_07.md,بخش ۶,ارزش پیپ|سود|ضرر|لات,knowledge_base/academy/intro/lesson_07.json
ACA-INT-0127,فرمول ارزش پیپ در درس و نکته‌ی واحد پول,academy,CONCEPT,ACADEMY_PRIMARY,REVIEW_REQUIRED,PENDING_REVIEW,NOT_APPLICABLE,0.5,True,raw_sources/academy/intro/intro_lesson_07.md,بخش ۷,فرمول ارزش پیپ|ارز پایه|۹.۰۵,knowledge_base/academy/intro/lesson_07.json
ACA-INT-0128,ارزش پیپ در نمادهای غیر از جفت‌ارزهای دلاری,academy,CONCEPT,ACADEMY_PRIMARY,REVIEW_REQUIRED,PENDING_REVIEW,NOT_APPLICABLE,0.6,True,raw_sources/academy/intro/intro_lesson_07.md,بخش ۷ (نسخه‌ی ساختاریافته),ارزش پیپ|USDJPY|طلا|tick value,knowledge_base/academy/intro/lesson_07.json
ACA-INT-0129,لوریج (اهرم) چیست,academy,DEFINITION,ACADEMY_PRIMARY,PENDING_REVIEW,PENDING_REVIEW,NOT_APPLICABLE,0.85,False,raw_sources/academy/intro/intro_lesson_07.md,بخش ۸,لوریج|اهرم|leverage|کریپتو,knowledge_base/academy/intro/lesson_07.json
ACA-INT-0130,سود و زیان تابع حجم معامله است، نه لوریج,academy,RULE,ACADEMY_PRIMARY,PENDING_REVIEW,PENDING_REVIEW,NOT_APPLICABLE,0.9,False,raw_sources/academy/intro/intro_lesson_07.md,بخش ۸,لوریج|حجم|ریسک,knowledge_base/academy/intro/lesson_07.json
ACA-INT-0131,لوریج شمشیر دولبه است,academy,CONCEPT,ACADEMY_PRIMARY,PENDING_REVIEW,PENDING_REVIEW,NOT_APPLICABLE,0.85,False,raw_sources/academy/intro/intro_lesson_07.md,بخش ۸,شمشیر دولبه|لوریج|مدیریت ریسک,knowledge_base/academy/intro/lesson_07.json
ACA-INT-0132,معامله‌گری یک مهارت است، نه اتفاق یک‌شبه,academy,CONCEPT,ACADEMY_PRIMARY,PENDING_REVIEW,PENDING_REVIEW,NOT_APPLICABLE,0.85,False,raw_sources/academy/intro/intro_lesson_07.md,بخش ۱۰ (نسخه‌ی ساختاریافته),مهارت|پروسه|ثابت‌قدمی,knowledge_base/academy/intro/lesson_07.json
ACA-INT-0133,کندل‌استیک چیست,academy,DEFINITION,ACADEMY_PRIMARY,PENDING_REVIEW,PENDING_REVIEW,NOT_APPLICABLE,0.9,False,raw_sources/academy/intro/intro_lesson_08a.md,بخش ۲,کندل استیک|شمع|لاین چارت|بار چارت,knowledge_base/academy/intro/lesson_08a.json
ACA-INT-0134,ساختار یک کندل: چهار قیمت کلیدی,academy,CONCEPT,ACADEMY_PRIMARY,PENDING_REVIEW,PENDING_REVIEW,NOT_APPLICABLE,0.95,False,raw_sources/academy/intro/intro_lesson_08a.md,بخش ۳,OHLC|بدنه|سایه|open|close|high|low,knowledge_base/academy/intro/lesson_08a.json
ACA-INT-0135,کندل صعودی (Bullish),academy,EXAMPLE,ACADEMY_PRIMARY,PENDING_REVIEW,PENDING_REVIEW,NOT_APPLICABLE,0.9,False,raw_sources/academy/intro/intro_lesson_08a.md,بخش ۴,کندل صعودی|bullish|سبز,knowledge_base/academy/intro/lesson_08a.json
ACA-INT-0136,کندل نزولی (Bearish),academy,EXAMPLE,ACADEMY_PRIMARY,PENDING_REVIEW,PENDING_REVIEW,NOT_APPLICABLE,0.9,False,raw_sources/academy/intro/intro_lesson_08a.md,بخش ۵,کندل نزولی|bearish|قرمز,knowledge_base/academy/intro/lesson_08a.json
ACA-INT-0137,معنی سایه‌ها: قدرت خریدار و فروشنده,academy,CONCEPT,ACADEMY_PRIMARY,PENDING_REVIEW,PENDING_REVIEW,NOT_APPLICABLE,0.9,False,raw_sources/academy/intro/intro_lesson_08a.md,بخش ۶,سایه|شدو|قدرت خریدار|قدرت فروشنده,knowledge_base/academy/intro/lesson_08a.json
ACA-INT-0138,دوجی: کندل بلاتکلیفی,academy,CONCEPT,ACADEMY_PRIMARY,PENDING_REVIEW,PENDING_REVIEW,NOT_APPLICABLE,0.9,False,raw_sources/academy/intro/intro_lesson_08a.md,بخش ۷,دوجی|doji|بلاتکلیفی,knowledge_base/academy/intro/lesson_08a.json
ACA-INT-0139,ساعات باز بودن بازار فارکس,academy,OPERATIONAL_FACT,ACADEMY_PRIMARY,PENDING_REVIEW,PENDING_REVIEW,NOT_APPLICABLE,0.8,True,raw_sources/academy/intro/intro_lesson_08a.md,بخش ۸,ساعات بازار|۲۴ ساعته|هفته معاملاتی,knowledge_base/academy/intro/lesson_08a.json
ACA-INT-0140,فهرست تایم‌فریم‌ها و نماد اختصاری آن‌ها,academy,CONCEPT,ACADEMY_PRIMARY,PENDING_REVIEW,PENDING_REVIEW,NOT_APPLICABLE,0.95,False,raw_sources/academy/intro/intro_lesson_08a.md,بخش ۸,تایم فریم|MN|W1|D1|H4|M5,knowledge_base/academy/intro/lesson_08a.json
ACA-INT-0141,رابطه‌ی تودرتوی تایم‌فریم‌ها,academy,CONCEPT,ACADEMY_PRIMARY,PENDING_REVIEW,PENDING_REVIEW,NOT_APPLICABLE,0.9,False,raw_sources/academy/intro/intro_lesson_08a.md,بخش ۹,تایم فریم|تودرتو|نسبت,knowledge_base/academy/intro/lesson_08a.json
ACA-INT-0142,مثال: یک کندل بزرگ، خلاصه‌ی کل بازه,academy,EXAMPLE,ACADEMY_PRIMARY,PENDING_REVIEW,PENDING_REVIEW,NOT_APPLICABLE,0.8,True,raw_sources/academy/intro/intro_lesson_08a.md,بخش ۹,مثال طلا|کندل سالیانه|خلاصه,knowledge_base/academy/intro/lesson_08a.json
ACA-INT-0143,مولتی تایم‌فریم چیست,academy,CONCEPT,ACADEMY_PRIMARY,PENDING_REVIEW,PENDING_REVIEW,NOT_APPLICABLE,0.85,False,raw_sources/academy/intro/intro_lesson_08a.md,بخش ۱۰,مولتی تایم فریم|روند|نقطه ورود,knowledge_base/academy/intro/lesson_08a.json
ACA-INT-0144,سبک شخصی مدرس: تک تایم‌فریم,academy,OPERATIONAL_FACT,ACADEMY_PRIMARY,PENDING_REVIEW,PENDING_REVIEW,NOT_APPLICABLE,0.9,False,raw_sources/academy/intro/intro_lesson_08a.md,بخش ۱۰,M5|تک تایم فریم|سبک شخصی,knowledge_base/academy/intro/lesson_08a.json
ACA-INT-0145,کندل‌خوانی با تمرین به مهارت ذهنی تبدیل می‌شود,academy,CONCEPT,ACADEMY_PRIMARY,PENDING_REVIEW,PENDING_REVIEW,NOT_APPLICABLE,0.85,False,raw_sources/academy/intro/intro_lesson_08a.md,بخش ۱۱,کندل خوانی|تمرین|مهارت,knowledge_base/academy/intro/lesson_08a.json
ACA-INT-0146,دو نوع اصلی سفارش: مارکت اردر و پندینگ اردر,academy,CONCEPT,ACADEMY_PRIMARY,PENDING_REVIEW,PENDING_REVIEW,NOT_APPLICABLE,0.95,False,raw_sources/academy/intro/intro_lesson_09.md,بخش ۲,مارکت اردر|پندینگ اردر|market order|pending order|سفارش,knowledge_base/academy/intro/lesson_09.json
ACA-INT-0147,مارکت اردر (Market Order),academy,DEFINITION,ACADEMY_PRIMARY,PENDING_REVIEW,PENDING_REVIEW,NOT_APPLICABLE,0.95,False,raw_sources/academy/intro/intro_lesson_09.md,بخش ۲,مارکت اردر|buy|sell|معامله در لحظه,knowledge_base/academy/intro/lesson_09.json
ACA-INT-0148,پندینگ اردر (Pending Order): سفارش شرطی,academy,DEFINITION,ACADEMY_PRIMARY,PENDING_REVIEW,PENDING_REVIEW,NOT_APPLICABLE,0.95,False,raw_sources/academy/intro/intro_lesson_09.md,بخش ۲ و بخش ۹,پندینگ اردر|سفارش شرطی|pending order,knowledge_base/academy/intro/lesson_09.json
ACA-INT-0149,تفاوت استاپ و لیمیت: ادامه‌ی حرکت در برابر برگشت,academy,CONCEPT,ACADEMY_PRIMARY,PENDING_REVIEW,PENDING_REVIEW,NOT_APPLICABLE,0.95,False,raw_sources/academy/intro/intro_lesson_09.md,بخش ۳,استاپ|لیمیت|stop|limit|شکست|برگشت,knowledge_base/academy/intro/lesson_09.json
ACA-INT-0150,چهار نوع پندینگ اردر و کاربرد هرکدام,academy,COMPARISON,ACADEMY_PRIMARY,PENDING_REVIEW,PENDING_REVIEW,NOT_APPLICABLE,0.95,False,raw_sources/academy/intro/intro_lesson_09.md,بخش ۳,buy stop|sell stop|buy limit|sell limit|حمایت|مقاومت,knowledge_base/academy/intro/lesson_09.json
ACA-INT-0151,باز کردن معامله از پنجره‌ی New Order,academy,PROCEDURE,ACADEMY_PRIMARY,PENDING_REVIEW,PENDING_REVIEW,BOTH,0.9,False,raw_sources/academy/intro/intro_lesson_09.md,بخش ۴,new order|F9|لات|buy|sell,knowledge_base/academy/intro/lesson_09.json
ACA-INT-0152,وان کلیک تریدینگ (One Click Trading),academy,PROCEDURE,ACADEMY_PRIMARY,PENDING_REVIEW,PENDING_REVIEW,BOTH,0.9,False,raw_sources/academy/intro/intro_lesson_09.md,بخش ۴ و بخش ۶,one click trading|وان کلیک|معامله سریع,knowledge_base/academy/intro/lesson_09.json
ACA-INT-0153,حد ضرر (Stop Loss) در تعریف درس,academy,DEFINITION,ACADEMY_PRIMARY,PENDING_REVIEW,PENDING_REVIEW,NOT_APPLICABLE,0.95,False,raw_sources/academy/intro/intro_lesson_09.md,بخش ۵,حد ضرر|stop loss|SL,knowledge_base/academy/intro/lesson_09.json
ACA-INT-0154,حد سود (Take Profit) در تعریف درس,academy,DEFINITION,ACADEMY_PRIMARY,PENDING_REVIEW,PENDING_REVIEW,NOT_APPLICABLE,0.95,False,raw_sources/academy/intro/intro_lesson_09.md,بخش ۵,حد سود|take profit|TP,knowledge_base/academy/intro/lesson_09.json
ACA-INT-0155,تعیین حد ضرر و حد سود: دو روش,academy,PROCEDURE,ACADEMY_PRIMARY,PENDING_REVIEW,PENDING_REVIEW,BOTH,0.9,False,raw_sources/academy/intro/intro_lesson_09.md,بخش ۵,modify order|stop loss|take profit|کشیدن روی چارت,knowledge_base/academy/intro/lesson_09.json
ACA-INT-0156,بستن معامله: سه روش,academy,PROCEDURE,ACADEMY_PRIMARY,PENDING_REVIEW,PENDING_REVIEW,BOTH,0.9,False,raw_sources/academy/intro/intro_lesson_09.md,بخش ۶,بستن معامله|close|close order|trade,knowledge_base/academy/intro/lesson_09.json
ACA-INT-0157,مثال عملی درس: معامله‌ی فروش روی داو جونز,academy,EXAMPLE,ACADEMY_PRIMARY,PENDING_REVIEW,PENDING_REVIEW,NOT_APPLICABLE,0.9,False,raw_sources/academy/intro/intro_lesson_09.md,بخش «مثال عملی»,داوجونز|مثال معامله|sell|SL|TP,knowledge_base/academy/intro/lesson_09.json
ACA-INT-0158,چهار قاعده‌ی اردرگذاری,academy,RULE,ACADEMY_PRIMARY,PENDING_REVIEW,PENDING_REVIEW,NOT_APPLICABLE,0.95,False,raw_sources/academy/intro/intro_lesson_09.md,بخش «نکات مهم در اردرگذاری» و بخش ۹,قانون اول|حد ضرر|حجم|ریسک به ریوارد,knowledge_base/academy/intro/lesson_09.json
ACA-INT-0159,ریسک به ریوارد و حداقل ۱:۲,academy,CONCEPT,ACADEMY_PRIMARY,PENDING_REVIEW,PENDING_REVIEW,NOT_APPLICABLE,0.9,False,raw_sources/academy/intro/intro_lesson_09.md,بخش ۷,ریسک به ریوارد|risk reward|R:R|۱ به ۲,knowledge_base/academy/intro/lesson_09.json
ACA-INT-0160,اندازه‌گیری ریسک به ریوارد با فیبوناچی (تکرار و تکمیل جلسه ۵),academy,PROCEDURE,ACADEMY_PRIMARY,PENDING_REVIEW,PENDING_REVIEW,BOTH,0.7,True,raw_sources/academy/intro/intro_lesson_09.md,بخش ۸,فیبوناچی|ریسک به ریوارد|TP1|TP2|retracement,knowledge_base/academy/intro/lesson_09.json
ACA-INT-0161,تمرین با حساب دمو پیش از معامله‌ی واقعی,academy,RULE,ACADEMY_PRIMARY,PENDING_REVIEW,PENDING_REVIEW,NOT_APPLICABLE,0.9,False,raw_sources/academy/intro/intro_lesson_09.md,بخش ۱۰,حساب دمو|تمرین|demo,knowledge_base/academy/intro/lesson_09.json
ACA-INT-0162,نام نمادها بین بروکرها فرق می‌کند,academy,PROCEDURE,ACADEMY_PRIMARY,PENDING_REVIEW,PENDING_REVIEW,BROKER_DEPENDENT,0.95,False,raw_sources/academy/intro/intro_lesson_10.md,بخش «نکته مهم درباره نمادها»,US30|DJI|داوجونز|show all|market watch|نام نماد,knowledge_base/academy/intro/lesson_10.json
ACA-INT-0163,اشاره‌ی مدرس به بروکرهایی که به ایرانی‌ها خدمات نمی‌دهند,academy,OPERATIONAL_FACT,ACADEMY_PRIMARY,REVIEW_REQUIRED,PENDING_REVIEW,BROKER_DEPENDENT,0.5,True,raw_sources/academy/intro/intro_lesson_10.md,بخش «نکته مهم درباره نمادها»,روبوفارکس|بروکر|ایران|خدمات,knowledge_base/academy/intro/lesson_10.json
ACA-INT-0164,پنجره‌ی ترمینال و پنج سنجه‌ی حساب,academy,CONCEPT,ACADEMY_PRIMARY,PENDING_REVIEW,PENDING_REVIEW,BOTH,0.95,False,raw_sources/academy/intro/intro_lesson_10.md,بخش ۲,terminal|ترمینال|balance|equity|margin,knowledge_base/academy/intro/lesson_10.json
ACA-INT-0165,بالانس (Balance),academy,DEFINITION,ACADEMY_PRIMARY,PENDING_REVIEW,PENDING_REVIEW,NOT_APPLICABLE,0.95,False,raw_sources/academy/intro/intro_lesson_10.md,بخش ۳,بالانس|balance|موجودی,knowledge_base/academy/intro/lesson_10.json
ACA-INT-0166,اکویتی (Equity),academy,DEFINITION,ACADEMY_PRIMARY,PENDING_REVIEW,PENDING_REVIEW,NOT_APPLICABLE,0.95,False,raw_sources/academy/intro/intro_lesson_10.md,بخش ۴,اکویتی|equity|شناور,knowledge_base/academy/intro/lesson_10.json
ACA-INT-0167,مارجین (Margin),academy,DEFINITION,ACADEMY_PRIMARY,PENDING_REVIEW,PENDING_REVIEW,NOT_APPLICABLE,0.95,False,raw_sources/academy/intro/intro_lesson_10.md,بخش ۵,مارجین|margin|وثیقه|لوریج,knowledge_base/academy/intro/lesson_10.json
ACA-INT-0168,فری مارجین (Free Margin),academy,DEFINITION,ACADEMY_PRIMARY,PENDING_REVIEW,PENDING_REVIEW,NOT_APPLICABLE,0.95,False,raw_sources/academy/intro/intro_lesson_10.md,بخش ۶,فری مارجین|free margin|پول آزاد,knowledge_base/academy/intro/lesson_10.json
ACA-INT-0169,مارجین لیول (Margin Level),academy,DEFINITION,ACADEMY_PRIMARY,PENDING_REVIEW,PENDING_REVIEW,NOT_APPLICABLE,0.95,False,raw_sources/academy/intro/intro_lesson_10.md,بخش ۷,مارجین لیول|margin level|درصد,knowledge_base/academy/intro/lesson_10.json
ACA-INT-0170,سطح بحرانی مارجین لیول و استاپ اوت,academy,CONCEPT,ACADEMY_PRIMARY,PENDING_REVIEW,PENDING_REVIEW,BROKER_DEPENDENT,0.8,True,raw_sources/academy/intro/intro_lesson_10.md,بخش ۷ و بخش «نکات پایانی»,stop out|استاپ اوت|مارجین کال|۱۰۰ درصد,knowledge_base/academy/intro/lesson_10.json
ACA-INT-0171,سود شناور در برابر سود واقعی,academy,CONCEPT,ACADEMY_PRIMARY,PENDING_REVIEW,PENDING_REVIEW,NOT_APPLICABLE,0.95,False,raw_sources/academy/intro/intro_lesson_10.md,بخش ۸,سود شناور|floating|سود واقعی|محقق,knowledge_base/academy/intro/lesson_10.json
ACA-INT-0172,قانون ۲٪: سقف ریسک در هر معامله,academy,RULE,ACADEMY_PRIMARY,PENDING_REVIEW,PENDING_REVIEW,NOT_APPLICABLE,0.95,False,raw_sources/academy/intro/intro_lesson_10.md,بخش ۹,قانون ۲ درصد|ریسک|مدیریت سرمایه,knowledge_base/academy/intro/lesson_10.json
ACA-INT-0173,مثال قانون ۲٪ روی حساب ۱۰٬۰۰۰ دلاری,academy,EXAMPLE,ACADEMY_PRIMARY,PENDING_REVIEW,PENDING_REVIEW,NOT_APPLICABLE,0.9,False,raw_sources/academy/intro/intro_lesson_10.md,بخش ۹,مثال ریسک|۲ درصد|۵۰ پیپ|حجم,knowledge_base/academy/intro/lesson_10.json
ACA-INT-0174,ترکیب قانون ۲٪ با ریسک به ریوارد ۱:۲,academy,CONCEPT,ACADEMY_PRIMARY,PENDING_REVIEW,PENDING_REVIEW,NOT_APPLICABLE,0.9,False,raw_sources/academy/intro/intro_lesson_10.md,بخش ۹,ریسک به ریوارد|۲ درصد|۴ درصد|1:2,knowledge_base/academy/intro/lesson_10.json
ACA-INT-0175,ریسک ۲۰٪ یا ۱۰۰٪ در یک معامله = قمار,academy,COMMON_MISTAKE,ACADEMY_PRIMARY,PENDING_REVIEW,PENDING_REVIEW,NOT_APPLICABLE,0.95,False,raw_sources/academy/intro/intro_lesson_10.md,بخش ۱۰,قمار|ریسک بالا|شانس,knowledge_base/academy/intro/lesson_10.json
ACA-INT-0176,پنج نکته‌ی پایانی جلسه‌ی دهم,academy,RULE,ACADEMY_PRIMARY,PENDING_REVIEW,PENDING_REVIEW,NOT_APPLICABLE,0.95,False,raw_sources/academy/intro/intro_lesson_10.md,بخش «نکات پایانی»,جمع‌بندی|قواعد ریسک|لوریج|مارجین لیول,knowledge_base/academy/intro/lesson_10.json
ACA-INT-0177,پرایس اکشن چیست,academy,DEFINITION,ACADEMY_PRIMARY,PENDING_REVIEW,PENDING_REVIEW,NOT_APPLICABLE,0.95,False,raw_sources/academy/intro/intro_lesson_11.md,بخش ۲,پرایس اکشن|price action|عرضه و تقاضا|بدون اندیکاتور,knowledge_base/academy/intro/lesson_11.json
ACA-INT-0178,جایگاه پرایس اکشن میان سه نوع تحلیل,academy,CONCEPT,ACADEMY_PRIMARY,PENDING_REVIEW,PENDING_REVIEW,NOT_APPLICABLE,0.95,False,raw_sources/academy/intro/intro_lesson_11.md,بخش «سه نوع تحلیل در بازار»,تکنیکال|فاندامنتال|پرایس اکشن|انواع تحلیل,knowledge_base/academy/intro/lesson_11.json
ACA-INT-0179,روش کار پرایس اکشن: سه عاملی که بررسی می‌شود,academy,CONCEPT,ACADEMY_PRIMARY,PENDING_REVIEW,PENDING_REVIEW,NOT_APPLICABLE,0.9,False,raw_sources/academy/intro/intro_lesson_11.md,بخش «روش معامله‌گری پرایس اکشن»,اسپایک|کانال قیمتی|تریدینگ رنج|ساختار بازار|نقاط هیجانی,knowledge_base/academy/intro/lesson_11.json
ACA-INT-0180,چرا پرایس اکشن منقضی نمی‌شود,academy,CONCEPT,ACADEMY_PRIMARY,PENDING_REVIEW,PENDING_REVIEW,NOT_APPLICABLE,0.9,False,raw_sources/academy/intro/intro_lesson_11.md,بخش «پرایس اکشن = بازتابی از رفتار انسان‌ها» و بخش ۶,رفتار انسان|منقضی نمی‌شود|ترس و طمع,knowledge_base/academy/intro/lesson_11.json
ACA-INT-0181,پرایس اکشن در همه‌ی بازارها کار می‌کند,academy,CONCEPT,ACADEMY_PRIMARY,PENDING_REVIEW,PENDING_REVIEW,NOT_APPLICABLE,0.9,False,raw_sources/academy/intro/intro_lesson_11.md,بخش «پرایس اکشن = بازتابی از رفتار انسان‌ها» و بخش ۵,فارکس|بورس ایران|ارز دیجیتال|CFD|کالا,knowledge_base/academy/intro/lesson_11.json
ACA-INT-0182,پرایس اکشن در همه‌ی تایم‌فریم‌ها,academy,CONCEPT,ACADEMY_PRIMARY,PENDING_REVIEW,PENDING_REVIEW,NOT_APPLICABLE,0.9,False,raw_sources/academy/intro/intro_lesson_11.md,بخش «پرایس اکشن در تمام تایم‌فریم‌ها»,تایم فریم|تیک|پیپ,knowledge_base/academy/intro/lesson_11.json
ACA-INT-0183,قانون شصت‌چهل: بازار، بازار احتمالات است,academy,CONCEPT,ACADEMY_PRIMARY,PENDING_REVIEW,PENDING_REVIEW,NOT_APPLICABLE,0.85,False,raw_sources/academy/intro/intro_lesson_11.md,بخش «قانون شصت‌چهل در بازار» و بخش ۴,قانون شصت چهل|احتمالات|پیش‌بینی|فدرال رزرو,knowledge_base/academy/intro/lesson_11.json
ACA-INT-0184,پنج مزیت پرایس اکشن از نگاه آکادمی,academy,CONCEPT,ACADEMY_PRIMARY,PENDING_REVIEW,PENDING_REVIEW,NOT_APPLICABLE,0.9,False,raw_sources/academy/intro/intro_lesson_11.md,بخش «مزایای پرایس اکشن» و بخش ۵,مزایا|بدون تأخیر|ریسک به ریوارد,knowledge_base/academy/intro/lesson_11.json
ACA-INT-0185,پنج جزء موفقیت در معامله‌گری,academy,CONCEPT,ACADEMY_PRIMARY,PENDING_REVIEW,PENDING_REVIEW,NOT_APPLICABLE,0.95,False,raw_sources/academy/intro/intro_lesson_11.md,بخش «تأثیر روانشناسی بر معامله‌گری» و بخش ۷,موفقیت|روانشناسی|تریدینگ پلن|منتورینگ,knowledge_base/academy/intro/lesson_11.json
ACA-INT-0186,نقش ناخودآگاه در تصمیم‌های معاملاتی,academy,CONCEPT,ACADEMY_PRIMARY,PENDING_REVIEW,PENDING_REVIEW,NOT_APPLICABLE,0.8,True,raw_sources/academy/intro/intro_lesson_11.md,بخش «تأثیر روانشناسی بر معامله‌گری» و بخش ۸,ناخودآگاه|روانشناسی|ذهنیت|۷۰ درصد,knowledge_base/academy/intro/lesson_11.json
ACA-INT-0187,چهار باور غلط رایج که درس رد می‌کند,academy,COMMON_MISTAKE,ACADEMY_PRIMARY,PENDING_REVIEW,PENDING_REVIEW,NOT_APPLICABLE,0.85,False,raw_sources/academy/intro/intro_lesson_11.md,بخش «باورهای غلط رایج» و بخش ۹,باور غلط|تجسم|بانک‌ها|سود,knowledge_base/academy/intro/lesson_11.json
ACA-INT-0188,درخواست مدرس: دو هفته فقط با این روش روی چارت کار کن,academy,RULE,ACADEMY_PRIMARY,PENDING_REVIEW,PENDING_REVIEW,NOT_APPLICABLE,0.9,False,raw_sources/academy/intro/intro_lesson_11.md,بخش «مقدمه»,ظرف دانش|هارمونیک|الیوت|ایچیموکو|دو هفته,knowledge_base/academy/intro/lesson_11.json
ACA-INT-0189,جمع‌بندی جلسه‌ی یازدهم,academy,CONCEPT,ACADEMY_PRIMARY,PENDING_REVIEW,PENDING_REVIEW,NOT_APPLICABLE,0.95,False,raw_sources/academy/intro/intro_lesson_11.md,بخش ۱۰,جمع‌بندی|پرایس اکشن|احتمالات,knowledge_base/academy/intro/lesson_11.json
ACA-OPS-0001,معرفی آکادمی سبحان صمدی,academy,OPERATIONAL_FACT,ACADEMY_DERIVED,PENDING_REVIEW,PENDING_REVIEW,,0.6,True,index.html,"index.html:57-70,200-212",آکادمی|سبحان صمدی|معرفی|خدمات,knowledge_base/academy/catalog/academy_site_catalog.json
ACA-OPS-0002,منتورینگ اختصاصی آکادمی,academy,OPERATIONAL_FACT,ACADEMY_DERIVED,PENDING_REVIEW,PENDING_REVIEW,,0.6,True,index.html,index.html:187-212,منتورینگ|ثبت‌نام|VIP|جلسه خصوصی,knowledge_base/academy/catalog/academy_site_catalog.json
ACA-OPS-0003,کار با پخش‌کننده‌ی صوتی سایت آکادمی,academy,PROCEDURE,ACADEMY_DERIVED,PENDING_REVIEW,PENDING_REVIEW,,0.6,True,README.md,README.md:امکانات پلیر,پلیر|پخش|سرعت پخش|تکرار,knowledge_base/academy/catalog/academy_site_catalog.json
ACA-PSY-0001,چهارچوب، نه استراتژی: موضوع اصلی این درس,academy,CONCEPT,ACADEMY_PRIMARY,PENDING_REVIEW,PENDING_REVIEW,NOT_APPLICABLE,0.75,True,raw_sources/academy/psychology/psychology_lesson_p01.txt,خط 3، 9، 19,چهارچوب|استراتژی|حاشیه,knowledge_base/academy/psychology/lesson_p01.json
ACA-PSY-0002,معامله بدون قانون، قمار است,academy,RULE,ACADEMY_PRIMARY,PENDING_REVIEW,PENDING_REVIEW,NOT_APPLICABLE,0.75,True,raw_sources/academy/psychology/psychology_lesson_p01.txt,خط 23، 25، 29,قمار|قانون|چهارچوب,knowledge_base/academy/psychology/lesson_p01.json
ACA-PSY-0003,سود مستمر فقط از محدود کردن خود و ساختن قانون به دست می‌آید,academy,RULE,ACADEMY_PRIMARY,PENDING_REVIEW,PENDING_REVIEW,NOT_APPLICABLE,0.85,True,raw_sources/academy/psychology/psychology_lesson_p01.txt,خط 31، 33,سود مستمر|قانون|انضباط,knowledge_base/academy/psychology/lesson_p01.json
ACA-PSY-0004,زیر پا گذاشتن قانون، از سودی که می‌دهد پرهزینه‌تر است,academy,RULE,ACADEMY_PRIMARY,PENDING_REVIEW,PENDING_REVIEW,NOT_APPLICABLE,0.8,True,raw_sources/academy/psychology/psychology_lesson_p01.txt,خط 33، 59,قانون‌شکنی|هزینه|سود,knowledge_base/academy/psychology/lesson_p01.json
ACA-PSY-0005,مثال اورست: یک استثنا، کل گروه را از بین می‌برد,academy,EXAMPLE,ACADEMY_PRIMARY,PENDING_REVIEW,PENDING_REVIEW,NOT_APPLICABLE,0.75,True,raw_sources/academy/psychology/psychology_lesson_p01.txt,خط 45–59,دومینو|استثنا|قانون|مثال,knowledge_base/academy/psychology/lesson_p01.json
ACA-PSY-0006,شکستن حد ضرر روزانه و سودی که عادت بد می‌سازد,academy,COMMON_MISTAKE,ACADEMY_PRIMARY,PENDING_REVIEW,PENDING_REVIEW,NOT_APPLICABLE,0.8,True,raw_sources/academy/psychology/psychology_lesson_p01.txt,خط 59,حد ضرر روزانه|قانون شکنی|عادت,knowledge_base/academy/psychology/lesson_p01.json
ACA-PSY-0007,کار عمیق و استراحت عمیق: پنج روز معامله، آخر هفته رها,academy,PROCEDURE,ACADEMY_PRIMARY,PENDING_REVIEW,PENDING_REVIEW,NOT_APPLICABLE,0.7,True,raw_sources/academy/psychology/psychology_lesson_p01.txt,خط 59,استراحت|کار عمیق|آخر هفته,knowledge_base/academy/psychology/lesson_p01.json
ACA-PSY-0008,حال خوب، پیش‌نیاز است نه نتیجه‌ی پول,academy,CONCEPT,ACADEMY_PRIMARY,REVIEW_REQUIRED,PENDING_REVIEW,NOT_APPLICABLE,0.6,True,raw_sources/academy/psychology/psychology_lesson_p01.txt,خط 59,حال خوب|ذهن|استقلال از نتیجه,knowledge_base/academy/psychology/lesson_p01.json
ACA-PSY-0009,نوشتن نقاط ضعف و قوت رفتاری,academy,PROCEDURE,ACADEMY_PRIMARY,PENDING_REVIEW,PENDING_REVIEW,NOT_APPLICABLE,0.75,True,raw_sources/academy/psychology/psychology_lesson_p01.txt,خط 63,نقطه ضعف|خودشناسی|ژورنال,knowledge_base/academy/psychology/lesson_p01.json
ACA-PSY-0010,نتیجه‌ی معاملات را به کسی نگویید,academy,RULE,ACADEMY_PRIMARY,PENDING_REVIEW,PENDING_REVIEW,NOT_APPLICABLE,0.85,True,raw_sources/academy/psychology/psychology_lesson_p01.txt,خط 59,سرخوشی|توقع|حریم شخصی|سود,knowledge_base/academy/psychology/lesson_p01.json
ACA-PSY-0011,تجربه‌ی شخصی: دمنوش و لو رفتن وضعیت روحی,academy,EXAMPLE,ACADEMY_PRIMARY,PENDING_REVIEW,PENDING_REVIEW,NOT_APPLICABLE,0.7,True,raw_sources/academy/psychology/psychology_lesson_p01.txt,خط 59,تجربه شخصی|خانواده|ضرر,knowledge_base/academy/psychology/lesson_p01.json
ACA-PSY-0012,سرخوشی بعد از سود,academy,COMMON_MISTAKE,ACADEMY_PRIMARY,PENDING_REVIEW,PENDING_REVIEW,NOT_APPLICABLE,0.8,True,raw_sources/academy/psychology/psychology_lesson_p01.txt,خط 63,سرخوشی|هیجان|ثبات,knowledge_base/academy/psychology/lesson_p01.json
ACA-PSY-0013,سه ماه سود مستمر، خطرناک‌ترین نقطه است,academy,CONCEPT,ACADEMY_PRIMARY,PENDING_REVIEW,PENDING_REVIEW,NOT_APPLICABLE,0.7,True,raw_sources/academy/psychology/psychology_lesson_p01.txt,خط 63,سود مستمر|روتین|سرخوشی,knowledge_base/academy/psychology/lesson_p01.json
ACA-PSY-0014,زنجیره‌ی سرخوشی: از جشن تا انتقام,academy,CONCEPT,ACADEMY_PRIMARY,REVIEW_REQUIRED,PENDING_REVIEW,NOT_APPLICABLE,0.65,True,raw_sources/academy/psychology/psychology_lesson_p01.txt,خط 63,انتقام|جبران|سرخوردگی,knowledge_base/academy/psychology/lesson_p01.json
ACA-PSY-0015,در برد، استراتژی را ببین؛ در ضرر، آن را دور نریز,academy,RULE,ACADEMY_PRIMARY,PENDING_REVIEW,PENDING_REVIEW,NOT_APPLICABLE,0.8,True,raw_sources/academy/psychology/psychology_lesson_p01.txt,خط 63,استراتژی|بک تست|ضرر پیاپی,knowledge_base/academy/psychology/lesson_p01.json
ACA-PSY-0016,واکنش افراطی و توقف بی‌بررسی پس از ضرر,academy,COMMON_MISTAKE,ACADEMY_PRIMARY,REVIEW_REQUIRED,PENDING_REVIEW,NOT_APPLICABLE,0.6,True,raw_sources/academy/psychology/psychology_lesson_p01.txt,خط 63,توقف|بررسی|واکنش افراطی,knowledge_base/academy/psychology/lesson_p01.json
ACA-RULE-0001,پرسش پلتفرم پیش از پاسخ به سؤال متاتریدر,academy,RULE,ACADEMY_DERIVED,APPROVED,ACTIVE,NOT_APPLICABLE,1.0,,MENTORAI_KB_DECISIONS.md,D-0001,متاتریدر ۴|متاتریدر ۵|پرسش پلتفرم|disambiguation,knowledge_base/academy/rules/academy_response_policies.json
ACA-RULE-0002,عدم پیشنهاد اکسپرت، سیگنال و کپی‌تریدینگ,academy,RULE,ACADEMY_DERIVED,APPROVED,ACTIVE,NOT_APPLICABLE,1.0,,MENTORAI_KB_DECISIONS.md,D-0002,اکسپرت|ربات|سیگنال|کپی تریدینگ|MetaTrader Market|Signals,knowledge_base/academy/rules/academy_response_policies.json
ACA-RULE-0003,موارد ارجاع به پشتیبانی انسانی,academy,RULE,ACADEMY_DERIVED,APPROVED,ACTIVE,NOT_APPLICABLE,1.0,,MENTORAI_KB_DECISIONS.md,D-0002,ارجاع|پشتیبانی|escalation,knowledge_base/academy/rules/academy_response_policies.json
BRK-FACT-0001,بروکر معرفی‌شده‌ی آکادمی: WM Market,brokers,BROKER_RULE,ACADEMY_PRIMARY,REVIEW_REQUIRED,PENDING_REVIEW,MT4_ONLY,0.6,True,raw_sources/academy/intro/intro_lesson_04.md,بخش ۷ و ۱۰,WM Market|دبلیو مارکت|بروکر آکادمی|MISA|رگوله|کومور,knowledge_base/brokers/academy_recommended_broker.json
CONF-0001,حجم واقعی محتوای صوتی منتشرشده‌ی آکادمی,academy,CONFLICT_RECORD,,OPEN,,,,,,,,knowledge_base/conflicts/conflict_registry.json
CONF-0002,دو فهرست متفاوت از «سه اصل بازار» در جلسه‌ی اول دوره‌ی مقدماتی,academy,CONFLICT_RECORD,,OPEN,,,,,,,,knowledge_base/conflicts/conflict_registry.json
CONF-0003,الزام یا عدم الزام فیلترشکن در دوره‌ی مقدماتی,academy,CONFLICT_RECORD,,RESOLVED,,,,,,,,knowledge_base/conflicts/conflict_registry.json
CONF-0004,کارکرد گزینه‌ی Open Offline در متاتریدر ۴,academy,CONFLICT_RECORD,,RESOLVED,,,,,,,,knowledge_base/conflicts/conflict_registry.json
EXT-CONC-0001,Smart Money Concepts (SMC),general_trading,CONCEPT,EXTERNAL_METHODOLOGY,PENDING_VERIFICATION,PENDING_REVIEW,NOT_APPLICABLE,0.7,True,tools/seed_governance.py,EXTERNAL[0],اسمارت مانی|SMC|order block|liquidity,knowledge_base/general_trading/external_methodologies_quarantine.json
EXT-CONC-0002,ICT,general_trading,CONCEPT,EXTERNAL_METHODOLOGY,PENDING_VERIFICATION,PENDING_REVIEW,NOT_APPLICABLE,0.7,True,tools/seed_governance.py,EXTERNAL[1],ICT|fair value gap|FVG,knowledge_base/general_trading/external_methodologies_quarantine.json
EXT-CONC-0003,ایچیموکو,general_trading,CONCEPT,EXTERNAL_METHODOLOGY,PENDING_VERIFICATION,PENDING_REVIEW,NOT_APPLICABLE,0.7,True,tools/seed_governance.py,EXTERNAL[2],ایچیموکو|ichimoku|کومو,knowledge_base/general_trading/external_methodologies_quarantine.json
EXT-CONC-0004,امواج الیوت,general_trading,CONCEPT,EXTERNAL_METHODOLOGY,PENDING_VERIFICATION,PENDING_REVIEW,NOT_APPLICABLE,0.7,True,tools/seed_governance.py,EXTERNAL[3],الیوت|elliott wave|موج,knowledge_base/general_trading/external_methodologies_quarantine.json
EXT-CONC-0005,وایکاف,general_trading,CONCEPT,EXTERNAL_METHODOLOGY,PENDING_VERIFICATION,PENDING_REVIEW,NOT_APPLICABLE,0.7,True,tools/seed_governance.py,EXTERNAL[4],وایکاف|wyckoff|انباشت,knowledge_base/general_trading/external_methodologies_quarantine.json
EXT-CONC-0006,الگوهای هارمونیک,general_trading,CONCEPT,EXTERNAL_METHODOLOGY,PENDING_VERIFICATION,PENDING_REVIEW,NOT_APPLICABLE,0.7,True,tools/seed_governance.py,EXTERNAL[5],هارمونیک|گارتلی|harmonic,knowledge_base/general_trading/external_methodologies_quarantine.json
EXT-CONC-0007,اردر فلو و ولوم پروفایل,general_trading,CONCEPT,EXTERNAL_METHODOLOGY,PENDING_VERIFICATION,PENDING_REVIEW,NOT_APPLICABLE,0.7,True,tools/seed_governance.py,EXTERNAL[6],order flow|volume profile|فوت پرینت,knowledge_base/general_trading/external_methodologies_quarantine.json
GEN-CONC-0001,بازارها و نمادهای رایج,general_trading,CONCEPT,GENERAL_KNOWLEDGE,PENDING_VERIFICATION,PENDING_REVIEW,NOT_APPLICABLE,0.85,True,tools/seed_general_mechanics.py,ITEMS[1],فارکس|طلا|شاخص|نماد,knowledge_base/general_trading/market_mechanics.json
GEN-CONC-0002,جفت‌ارزهای اصلی، فرعی و کراس,general_trading,CONCEPT,GENERAL_KNOWLEDGE,PENDING_VERIFICATION,PENDING_REVIEW,NOT_APPLICABLE,0.85,True,tools/seed_general_mechanics.py,ITEMS[2],major|cross|جفت ارز,knowledge_base/general_trading/market_mechanics.json
GEN-CONC-0003,بازار اسپات و قرارداد مابه‌التفاوت (CFD),general_trading,CONCEPT,GENERAL_KNOWLEDGE,PENDING_VERIFICATION,PENDING_REVIEW,NOT_APPLICABLE,0.8,True,tools/seed_general_mechanics.py,ITEMS[3],CFD|spot|قرارداد مابه‌التفاوت,knowledge_base/general_trading/market_mechanics.json
GEN-CONC-0004,انواع حساب معاملاتی,general_trading,CONCEPT,GENERAL_KNOWLEDGE,PENDING_VERIFICATION,PENDING_REVIEW,NOT_APPLICABLE,0.7,True,tools/seed_general_mechanics.py,ITEMS[4],ECN|حساب سنت|بدون سواپ|نوع حساب,knowledge_base/general_trading/market_mechanics.json
GEN-CONC-0005,اسپرد ثابت و اسپرد شناور,general_trading,CONCEPT,GENERAL_KNOWLEDGE,PENDING_VERIFICATION,PENDING_REVIEW,NOT_APPLICABLE,0.8,True,tools/seed_general_mechanics.py,ITEMS[5],fixed spread|floating spread,knowledge_base/general_trading/market_mechanics.json
GEN-CONC-0006,هزینه‌ی کل یک معامله,general_trading,CONCEPT,GENERAL_KNOWLEDGE,PENDING_VERIFICATION,PENDING_REVIEW,NOT_APPLICABLE,0.85,True,tools/seed_general_mechanics.py,ITEMS[6],هزینه معامله|کمیسیون|سواپ|اسپرد,knowledge_base/general_trading/market_mechanics.json
GEN-CONC-0007,محاسبه‌ی ارزش هر پیپ,general_trading,CONCEPT,GENERAL_KNOWLEDGE,PENDING_VERIFICATION,PENDING_REVIEW,NOT_APPLICABLE,0.8,True,tools/seed_general_mechanics.py,ITEMS[7],ارزش پیپ|pip value|محاسبه,knowledge_base/general_trading/market_mechanics.json
GEN-CONC-0008,محاسبه‌ی مارجین موردنیاز,general_trading,CONCEPT,GENERAL_KNOWLEDGE,PENDING_VERIFICATION,PENDING_REVIEW,NOT_APPLICABLE,0.8,True,tools/seed_general_mechanics.py,ITEMS[8],margin|محاسبه مارجین|اهرم,knowledge_base/general_trading/market_mechanics.json
GEN-CONC-0009,محاسبه‌ی حجم معامله بر اساس ریسک,general_trading,CONCEPT,GENERAL_KNOWLEDGE,PENDING_VERIFICATION,PENDING_REVIEW,NOT_APPLICABLE,0.8,True,tools/seed_general_mechanics.py,ITEMS[9],position size|حجم معامله|محاسبه ریسک,knowledge_base/general_trading/market_mechanics.json
GEN-CONC-0010,امید ریاضی و نرخ برد,general_trading,CONCEPT,GENERAL_KNOWLEDGE,PENDING_VERIFICATION,PENDING_REVIEW,NOT_APPLICABLE,0.85,True,tools/seed_general_mechanics.py,ITEMS[10],expectancy|win rate|امید ریاضی|نرخ برد,knowledge_base/general_trading/market_mechanics.json
GEN-CONC-0011,ریاضیات جبران افت سرمایه,general_trading,CONCEPT,GENERAL_KNOWLEDGE,PENDING_VERIFICATION,PENDING_REVIEW,NOT_APPLICABLE,0.9,True,tools/seed_general_mechanics.py,ITEMS[11],drawdown|جبران ضرر|ریاضیات ریسک,knowledge_base/general_trading/market_mechanics.json
GEN-CONC-0012,سری ضررهای متوالی,general_trading,CONCEPT,GENERAL_KNOWLEDGE,PENDING_VERIFICATION,PENDING_REVIEW,NOT_APPLICABLE,0.8,True,tools/seed_general_mechanics.py,ITEMS[12],losing streak|ضرر متوالی,knowledge_base/general_trading/market_mechanics.json
GEN-CONC-0013,گپ قیمتی و بازگشایی بازار,general_trading,CONCEPT,GENERAL_KNOWLEDGE,PENDING_VERIFICATION,PENDING_REVIEW,NOT_APPLICABLE,0.85,True,tools/seed_general_mechanics.py,ITEMS[13],gap|گپ|بازگشایی بازار,knowledge_base/general_trading/market_mechanics.json
GEN-CONC-0014,رول‌اوور و پایان روز معاملاتی,general_trading,CONCEPT,GENERAL_KNOWLEDGE,PENDING_VERIFICATION,PENDING_REVIEW,NOT_APPLICABLE,0.8,True,tools/seed_general_mechanics.py,ITEMS[14],rollover|پایان روز|سواپ,knowledge_base/general_trading/market_mechanics.json
GEN-CONC-0015,سشن‌های معاملاتی و همپوشانی,general_trading,CONCEPT,GENERAL_KNOWLEDGE,PENDING_VERIFICATION,PENDING_REVIEW,NOT_APPLICABLE,0.75,True,tools/seed_general_mechanics.py,ITEMS[15],session|لندن|نیویورک|همپوشانی,knowledge_base/general_trading/market_mechanics.json
GEN-CONC-0016,مهم‌ترین داده‌های تقویم اقتصادی,general_trading,CONCEPT,GENERAL_KNOWLEDGE,PENDING_VERIFICATION,PENDING_REVIEW,NOT_APPLICABLE,0.8,True,tools/seed_general_mechanics.py,ITEMS[16],NFP|CPI|نرخ بهره|اخبار,knowledge_base/general_trading/market_mechanics.json
GEN-CONC-0017,نقدشوندگی، تأمین‌کننده و نحوه‌ی اجرای بروکر,general_trading,CONCEPT,GENERAL_KNOWLEDGE,PENDING_VERIFICATION,PENDING_REVIEW,NOT_APPLICABLE,0.7,True,tools/seed_general_mechanics.py,ITEMS[17],liquidity provider|execution|بروکر,knowledge_base/general_trading/market_mechanics.json
GEN-CONC-0018,سنجش نوسان و اندیکاتور ATR,general_trading,CONCEPT,GENERAL_KNOWLEDGE,PENDING_VERIFICATION,PENDING_REVIEW,NOT_APPLICABLE,0.8,True,tools/seed_general_mechanics.py,ITEMS[18],ATR|نوسان|volatility,knowledge_base/general_trading/market_mechanics.json
GEN-CONC-0019,سرمایه‌ی ریسک‌پذیر و سلامت مالی,general_trading,CONCEPT,GENERAL_KNOWLEDGE,PENDING_VERIFICATION,PENDING_REVIEW,NOT_APPLICABLE,0.85,True,tools/seed_general_mechanics.py,ITEMS[19],سرمایه ریسک‌پذیر|risk capital|سلامت مالی,knowledge_base/general_trading/market_mechanics.json
GEN-CONC-0020,انتظارات واقع‌بینانه از بازدهی,general_trading,CONCEPT,GENERAL_KNOWLEDGE,PENDING_VERIFICATION,PENDING_REVIEW,NOT_APPLICABLE,0.8,True,tools/seed_general_mechanics.py,ITEMS[20],بازدهی|انتظارات|هدف‌گذاری,knowledge_base/general_trading/market_mechanics.json
GEN-DEF-0001,پیپ (Pip),general_trading,GLOSSARY,GENERAL_KNOWLEDGE,PENDING_VERIFICATION,PENDING_REVIEW,NOT_APPLICABLE,0.9,True,tools/seed_general_trading.py,TERMS[0],پیپ|pip|واحد قیمت,knowledge_base/general_trading/glossary/general_trading_glossary.json
GEN-DEF-0002,پوینت (Point),general_trading,GLOSSARY,GENERAL_KNOWLEDGE,PENDING_VERIFICATION,PENDING_REVIEW,NOT_APPLICABLE,0.9,True,tools/seed_general_trading.py,TERMS[1],پوینت|point|دیجیت,knowledge_base/general_trading/glossary/general_trading_glossary.json
GEN-DEF-0003,اسپرد (Spread),general_trading,GLOSSARY,GENERAL_KNOWLEDGE,PENDING_VERIFICATION,PENDING_REVIEW,NOT_APPLICABLE,0.9,True,tools/seed_general_trading.py,TERMS[2],اسپرد|spread|bid|ask,knowledge_base/general_trading/glossary/general_trading_glossary.json
GEN-DEF-0004,لات (Lot),general_trading,GLOSSARY,GENERAL_KNOWLEDGE,PENDING_VERIFICATION,PENDING_REVIEW,NOT_APPLICABLE,0.85,True,tools/seed_general_trading.py,TERMS[3],لات|lot|حجم معامله|volume,knowledge_base/general_trading/glossary/general_trading_glossary.json
GEN-DEF-0005,اندازه‌ی قرارداد (Contract Size),general_trading,GLOSSARY,GENERAL_KNOWLEDGE,PENDING_VERIFICATION,PENDING_REVIEW,NOT_APPLICABLE,0.8,True,tools/seed_general_trading.py,TERMS[4],contract size|اندازه قرارداد|مشخصات نماد,knowledge_base/general_trading/glossary/general_trading_glossary.json
GEN-DEF-0006,اهرم (Leverage),general_trading,GLOSSARY,GENERAL_KNOWLEDGE,PENDING_VERIFICATION,PENDING_REVIEW,NOT_APPLICABLE,0.85,True,tools/seed_general_trading.py,TERMS[5],اهرم|leverage|مارجین,knowledge_base/general_trading/glossary/general_trading_glossary.json
GEN-DEF-0007,مارجین (Margin),general_trading,GLOSSARY,GENERAL_KNOWLEDGE,PENDING_VERIFICATION,PENDING_REVIEW,NOT_APPLICABLE,0.9,True,tools/seed_general_trading.py,TERMS[6],مارجین|margin|وثیقه,knowledge_base/general_trading/glossary/general_trading_glossary.json
GEN-DEF-0008,مارجین آزاد و سطح مارجین,general_trading,GLOSSARY,GENERAL_KNOWLEDGE,PENDING_VERIFICATION,PENDING_REVIEW,NOT_APPLICABLE,0.8,True,tools/seed_general_trading.py,TERMS[7],free margin|margin level|margin call|stop out|استاپ اوت,knowledge_base/general_trading/glossary/general_trading_glossary.json
GEN-DEF-0009,بالانس، اکوئیتی و شناور,general_trading,GLOSSARY,GENERAL_KNOWLEDGE,PENDING_VERIFICATION,PENDING_REVIEW,NOT_APPLICABLE,0.9,True,tools/seed_general_trading.py,TERMS[8],بالانس|اکوئیتی|equity|balance|شناور,knowledge_base/general_trading/glossary/general_trading_glossary.json
GEN-DEF-0010,افت سرمایه (Drawdown),general_trading,GLOSSARY,GENERAL_KNOWLEDGE,PENDING_VERIFICATION,PENDING_REVIEW,NOT_APPLICABLE,0.85,True,tools/seed_general_trading.py,TERMS[9],drawdown|افت سرمایه|ریسک,knowledge_base/general_trading/glossary/general_trading_glossary.json
GEN-DEF-0011,سواپ (Swap),general_trading,GLOSSARY,GENERAL_KNOWLEDGE,PENDING_VERIFICATION,PENDING_REVIEW,NOT_APPLICABLE,0.8,True,tools/seed_general_trading.py,TERMS[10],سواپ|swap|بهره شبانه|rollover,knowledge_base/general_trading/glossary/general_trading_glossary.json
GEN-DEF-0012,کمیسیون (Commission),general_trading,GLOSSARY,GENERAL_KNOWLEDGE,PENDING_VERIFICATION,PENDING_REVIEW,NOT_APPLICABLE,0.75,True,tools/seed_general_trading.py,TERMS[11],کمیسیون|commission|هزینه معامله,knowledge_base/general_trading/glossary/general_trading_glossary.json
GEN-DEF-0013,لغزش قیمت (Slippage),general_trading,GLOSSARY,GENERAL_KNOWLEDGE,PENDING_VERIFICATION,PENDING_REVIEW,NOT_APPLICABLE,0.85,True,tools/seed_general_trading.py,TERMS[12],slippage|لغزش|اجرای سفارش,knowledge_base/general_trading/glossary/general_trading_glossary.json
GEN-DEF-0014,نقدشوندگی (Liquidity),general_trading,GLOSSARY,GENERAL_KNOWLEDGE,PENDING_VERIFICATION,PENDING_REVIEW,NOT_APPLICABLE,0.8,True,tools/seed_general_trading.py,TERMS[13],نقدشوندگی|liquidity,knowledge_base/general_trading/glossary/general_trading_glossary.json
GEN-DEF-0015,نوسان (Volatility),general_trading,GLOSSARY,GENERAL_KNOWLEDGE,PENDING_VERIFICATION,PENDING_REVIEW,NOT_APPLICABLE,0.8,True,tools/seed_general_trading.py,TERMS[14],نوسان|volatility|ATR,knowledge_base/general_trading/glossary/general_trading_glossary.json
GEN-DEF-0016,نسبت ریسک به ریوارد,general_trading,GLOSSARY,GENERAL_KNOWLEDGE,PENDING_VERIFICATION,PENDING_REVIEW,NOT_APPLICABLE,0.85,True,tools/seed_general_trading.py,TERMS[15],risk reward|R:R|ریسک به ریوارد,knowledge_base/general_trading/glossary/general_trading_glossary.json
GEN-DEF-0017,تعیین حجم معامله (Position Sizing),general_trading,GLOSSARY,GENERAL_KNOWLEDGE,PENDING_VERIFICATION,PENDING_REVIEW,NOT_APPLICABLE,0.75,True,tools/seed_general_trading.py,TERMS[16],position sizing|حجم معامله|مدیریت ریسک,knowledge_base/general_trading/glossary/general_trading_glossary.json
GEN-DEF-0018,حد ضرر (Stop Loss),general_trading,GLOSSARY,GENERAL_KNOWLEDGE,PENDING_VERIFICATION,PENDING_REVIEW,NOT_APPLICABLE,0.85,True,tools/seed_general_trading.py,TERMS[17],stop loss|حد ضرر|SL,knowledge_base/general_trading/glossary/general_trading_glossary.json
GEN-DEF-0019,حد سود (Take Profit),general_trading,GLOSSARY,GENERAL_KNOWLEDGE,PENDING_VERIFICATION,PENDING_REVIEW,NOT_APPLICABLE,0.85,True,tools/seed_general_trading.py,TERMS[18],take profit|حد سود|TP,knowledge_base/general_trading/glossary/general_trading_glossary.json
GEN-DEF-0020,سفارش بازار و سفارش معلق,general_trading,GLOSSARY,GENERAL_KNOWLEDGE,PENDING_VERIFICATION,PENDING_REVIEW,NOT_APPLICABLE,0.85,True,tools/seed_general_trading.py,TERMS[19],market order|pending order|limit|stop|سفارش معلق,knowledge_base/general_trading/glossary/general_trading_glossary.json
GEN-DEF-0021,سشن‌های معاملاتی,general_trading,GLOSSARY,GENERAL_KNOWLEDGE,PENDING_VERIFICATION,PENDING_REVIEW,NOT_APPLICABLE,0.75,True,tools/seed_general_trading.py,TERMS[20],سشن|session|ساعت بازار,knowledge_base/general_trading/glossary/general_trading_glossary.json
GEN-DEF-0022,تقویم اقتصادی و اخبار,general_trading,GLOSSARY,GENERAL_KNOWLEDGE,PENDING_VERIFICATION,PENDING_REVIEW,NOT_APPLICABLE,0.8,True,tools/seed_general_trading.py,TERMS[21],اخبار|news|تقویم اقتصادی|NFP,knowledge_base/general_trading/glossary/general_trading_glossary.json
MET-RULE-0001,متدولوژی آکادمی مرجع نهایی است,meta,RULE,ACADEMY_DERIVED,APPROVED,ACTIVE,,1.0,,MENTORAI_KB_CHARTER.md,بخش ۳ و ۴,متدولوژی|مرجعیت|authority,knowledge_base/academy/methodology/kb_policy_rules.json
MET-RULE-0002,قرنطینه‌ی روش‌های بیرونی,meta,RULE,ACADEMY_DERIVED,APPROVED,ACTIVE,,1.0,,MENTORAI_KB_CHARTER.md,بخش ۴,قرنطینه|SMC|ICT|روش بیرونی,knowledge_base/academy/methodology/kb_policy_rules.json
MET-RULE-0003,ممنوعیت ساختن دانش بدون منبع,meta,RULE,ACADEMY_DERIVED,APPROVED,ACTIVE,,1.0,,MENTORAI_KB_CHARTER.md,بخش ۵,منبع|provenance|توهم دانش,knowledge_base/academy/methodology/kb_policy_rules.json
MET-RULE-0004,پاسخ منتور به‌تنهایی قانون رسمی نمی‌شود,meta,RULE,ACADEMY_DERIVED,APPROVED,ACTIVE,,1.0,,MENTORAI_KB_CHARTER.md,بخش ۳,منتور|اعتبارسنجی|تعارض,knowledge_base/academy/methodology/kb_policy_rules.json
MET-RULE-0005,تفکیک دانش پلتفرم و دانش بروکر,meta,RULE,ACADEMY_DERIVED,APPROVED,ACTIVE,,1.0,,MENTORAI_KB_CHARTER.md,بخش ۶,MT4|MT5|بروکر|دامنه,knowledge_base/academy/methodology/kb_policy_rules.json
MET-RULE-0006,جدایی دانش از حافظه‌ی دانشجو,meta,RULE,ACADEMY_DERIVED,APPROVED,ACTIVE,,1.0,,MENTORAI_KB_CHARTER.md,بخش ۶,حریم خصوصی|PII|حافظه,knowledge_base/academy/methodology/kb_policy_rules.json
MT-CMP-0001,تفاوت انواع سفارش معلق در متاتریدر ۴ و ۵,metatrader,COMPARISON,GENERAL_KNOWLEDGE,PENDING_VERIFICATION,PENDING_REVIEW,VERSION_DEPENDENT,0.85,True,tools/seed_mt_comparison.py,MT-CMP-0001,pending order|stop limit|تفاوت,knowledge_base/metatrader/comparison/mt4_vs_mt5.json
MT-CMP-0002,تفاوت حسابداری پوزیشن (Netting / Hedging),metatrader,COMPARISON,GENERAL_KNOWLEDGE,PENDING_VERIFICATION,PENDING_REVIEW,VERSION_DEPENDENT,0.85,True,tools/seed_mt_comparison.py,MT-CMP-0002,netting|hedging,knowledge_base/metatrader/comparison/mt4_vs_mt5.json
MT-CMP-0003,تفاوت تعداد تایم‌فریم‌ها,metatrader,COMPARISON,GENERAL_KNOWLEDGE,PENDING_VERIFICATION,PENDING_REVIEW,VERSION_DEPENDENT,0.8,True,tools/seed_mt_comparison.py,MT-CMP-0003,timeframe|تایم فریم,knowledge_base/metatrader/comparison/mt4_vs_mt5.json
MT-CMP-0004,ناسازگاری اکسپرت‌ها و اندیکاتورها (MQL4 و MQL5),metatrader,COMPARISON,GENERAL_KNOWLEDGE,PENDING_VERIFICATION,PENDING_REVIEW,VERSION_DEPENDENT,0.9,True,tools/seed_mt_comparison.py,MT-CMP-0004,MQL4|MQL5|ex4|ex5,knowledge_base/metatrader/comparison/mt4_vs_mt5.json
MT-CMP-0005,تفاوت تستر استراتژی,metatrader,COMPARISON,GENERAL_KNOWLEDGE,PENDING_VERIFICATION,PENDING_REVIEW,VERSION_DEPENDENT,0.8,True,tools/seed_mt_comparison.py,MT-CMP-0005,strategy tester|backtest|optimization,knowledge_base/metatrader/comparison/mt4_vs_mt5.json
MT-CMP-0006,عمق بازار و تقویم اقتصادی داخلی,metatrader,COMPARISON,GENERAL_KNOWLEDGE,PENDING_VERIFICATION,PENDING_REVIEW,VERSION_DEPENDENT,0.75,True,tools/seed_mt_comparison.py,MT-CMP-0006,depth of market|economic calendar,knowledge_base/metatrader/comparison/mt4_vs_mt5.json
MT-CMP-0007,تفاوت مدیریت داده‌های تاریخی,metatrader,COMPARISON,GENERAL_KNOWLEDGE,PENDING_VERIFICATION,PENDING_REVIEW,VERSION_DEPENDENT,0.75,True,tools/seed_mt_comparison.py,MT-CMP-0007,history center|داده تاریخی|ticks,knowledge_base/metatrader/comparison/mt4_vs_mt5.json
MT-CMP-0008,تفاوت مدل معامله: تیکت در برابر Order/Deal/Position,metatrader,COMPARISON,GENERAL_KNOWLEDGE,PENDING_VERIFICATION,PENDING_REVIEW,VERSION_DEPENDENT,0.8,True,tools/seed_mt_comparison.py,MT-CMP-0008,ticket|order|deal|position,knowledge_base/metatrader/comparison/mt4_vs_mt5.json
MT-CMP-0009,تفاوت بستن جزئی معامله,metatrader,COMPARISON,GENERAL_KNOWLEDGE,PENDING_VERIFICATION,PENDING_REVIEW,VERSION_DEPENDENT,0.75,True,tools/seed_mt_comparison.py,MT-CMP-0009,partial close|بستن جزئی,knowledge_base/metatrader/comparison/mt4_vs_mt5.json
MT-CMP-0010,تفاوت تنظیمات اجرای سفارش,metatrader,COMPARISON,GENERAL_KNOWLEDGE,PENDING_VERIFICATION,PENDING_REVIEW,VERSION_DEPENDENT,0.75,True,tools/seed_mt_comparison.py,MT-CMP-0010,filling|deviation|execution,knowledge_base/metatrader/comparison/mt4_vs_mt5.json
MT-CMP-0011,تفاوت ابزارهای پیش‌فرض و وضعیت توسعه,metatrader,COMPARISON,GENERAL_KNOWLEDGE,PENDING_VERIFICATION,PENDING_REVIEW,VERSION_DEPENDENT,0.7,True,tools/seed_mt_comparison.py,MT-CMP-0011,اندیکاتور پیش‌فرض|پشتیبانی|انتخاب پلتفرم,knowledge_base/metatrader/comparison/mt4_vs_mt5.json
MT-CMP-0012,تفاوت نمایش معاملات و سفارش‌ها در تب Trade,metatrader,COMPARISON,GENERAL_KNOWLEDGE,PENDING_VERIFICATION,PENDING_REVIEW,VERSION_DEPENDENT,0.75,True,tools/seed_mt_comparison.py,MT-CMP-0012,trade tab|positions|orders,knowledge_base/metatrader/comparison/mt4_vs_mt5.json
MT-CONC-0001,Bid و Ask در متاتریدر,metatrader,DEFINITION,GENERAL_KNOWLEDGE,PENDING_VERIFICATION,PENDING_REVIEW,BOTH,0.9,True,tools/seed_mt_concepts.py,MT-CONC-0001,bid|ask|قیمت خرید|قیمت فروش,knowledge_base/metatrader/mt_concepts.json
MT-CONC-0002,اسپرد در متاتریدر و نمایش آن,metatrader,DEFINITION,GENERAL_KNOWLEDGE,PENDING_VERIFICATION,PENDING_REVIEW,BOTH,0.85,True,tools/seed_mt_concepts.py,MT-CONC-0002,spread|اسپرد|market watch,knowledge_base/metatrader/mt_concepts.json
MT-CONC-0003,پوینت، دیجیت و نحوه‌ی نمایش قیمت,metatrader,DEFINITION,GENERAL_KNOWLEDGE,PENDING_VERIFICATION,PENDING_REVIEW,BOTH,0.85,True,tools/seed_mt_concepts.py,MT-CONC-0003,point|digits|pip|پوینت,knowledge_base/metatrader/mt_concepts.json
MT-CONC-0004,Tick Size و Tick Value,metatrader,DEFINITION,GENERAL_KNOWLEDGE,PENDING_VERIFICATION,PENDING_REVIEW,BOTH,0.8,True,tools/seed_mt_concepts.py,MT-CONC-0004,tick size|tick value|ارزش پیپ,knowledge_base/metatrader/mt_concepts.json
MT-CONC-0005,اندازه‌ی قرارداد و محدودیت‌های حجم,metatrader,DEFINITION,GENERAL_KNOWLEDGE,PENDING_VERIFICATION,PENDING_REVIEW,BROKER_DEPENDENT,0.85,True,tools/seed_mt_concepts.py,MT-CONC-0005,contract size|volume step|حداقل حجم,knowledge_base/metatrader/mt_concepts.json
MT-CONC-0006,مارجین موردنیاز و اهرم در پلتفرم,metatrader,CONCEPT,GENERAL_KNOWLEDGE,PENDING_VERIFICATION,PENDING_REVIEW,BROKER_DEPENDENT,0.8,True,tools/seed_mt_concepts.py,MT-CONC-0006,margin|leverage|اهرم|مارجین,knowledge_base/metatrader/mt_concepts.json
MT-CONC-0007,Margin Call و Stop Out در متاتریدر,metatrader,CONCEPT,GENERAL_KNOWLEDGE,PENDING_VERIFICATION,PENDING_REVIEW,BROKER_DEPENDENT,0.8,True,tools/seed_mt_concepts.py,MT-CONC-0007,margin call|stop out|کال مارجین,knowledge_base/metatrader/mt_concepts.json
MT-CONC-0008,سواپ و زمان محاسبه‌ی آن,metatrader,CONCEPT,GENERAL_KNOWLEDGE,PENDING_VERIFICATION,PENDING_REVIEW,BROKER_DEPENDENT,0.8,True,tools/seed_mt_concepts.py,MT-CONC-0008,swap|rollover|سواپ,knowledge_base/metatrader/mt_concepts.json
MT-CONC-0009,Stops Level و Freeze Level,metatrader,CONCEPT,GENERAL_KNOWLEDGE,PENDING_VERIFICATION,PENDING_REVIEW,BROKER_DEPENDENT,0.8,True,tools/seed_mt_concepts.py,MT-CONC-0009,stops level|freeze level|invalid stops,knowledge_base/metatrader/mt_concepts.json
MT-CONC-0010,حالت‌های اجرای سفارش,metatrader,CONCEPT,GENERAL_KNOWLEDGE,PENDING_VERIFICATION,PENDING_REVIEW,BROKER_DEPENDENT,0.75,True,tools/seed_mt_concepts.py,MT-CONC-0010,instant execution|market execution|deviation|requote,knowledge_base/metatrader/mt_concepts.json
MT-CONC-0011,زمان سرور بروکر و اختلاف آن با ساعت محلی,metatrader,CONCEPT,GENERAL_KNOWLEDGE,PENDING_VERIFICATION,PENDING_REVIEW,BOTH,0.85,True,tools/seed_mt_concepts.py,MT-CONC-0011,server time|زمان سرور|کندل روزانه,knowledge_base/metatrader/mt_concepts.json
MT-CONC-0012,تایم‌فریم و نحوه‌ی ساخته شدن کندل,metatrader,CONCEPT,GENERAL_KNOWLEDGE,PENDING_VERIFICATION,PENDING_REVIEW,BOTH,0.85,True,tools/seed_mt_concepts.py,MT-CONC-0012,timeframe|candle|تایم فریم|کندل,knowledge_base/metatrader/mt_concepts.json
MT-CONC-0013,پسوند نمادها و تفاوت نام‌گذاری بروکرها,metatrader,CONCEPT,GENERAL_KNOWLEDGE,PENDING_VERIFICATION,PENDING_REVIEW,BROKER_DEPENDENT,0.8,True,tools/seed_mt_concepts.py,MT-CONC-0013,symbol suffix|پسوند نماد|XAUUSD,knowledge_base/metatrader/mt_concepts.json
MT-CONC-0014,پنجره‌های اصلی پلتفرم: Market Watch، Navigator و Toolbox,metatrader,CONCEPT,GENERAL_KNOWLEDGE,PENDING_VERIFICATION,PENDING_REVIEW,BOTH,0.85,True,tools/seed_mt_concepts.py,MT-CONC-0014,market watch|navigator|toolbox|terminal,knowledge_base/metatrader/mt_concepts.json
MT-CONC-0015,پوشه‌ی داده (Data Folder) و ساختار فایل‌ها,metatrader,CONCEPT,GENERAL_KNOWLEDGE,PENDING_VERIFICATION,PENDING_REVIEW,BOTH,0.85,True,tools/seed_mt_concepts.py,MT-CONC-0015,data folder|MQL4|MQL5|نصب اندیکاتور,knowledge_base/metatrader/mt_concepts.json
MT-CONC-0016,Journal و Experts: لاگ‌های پلتفرم,metatrader,CONCEPT,GENERAL_KNOWLEDGE,PENDING_VERIFICATION,PENDING_REVIEW,BOTH,0.85,True,tools/seed_mt_concepts.py,MT-CONC-0016,journal|experts log|لاگ,knowledge_base/metatrader/mt_concepts.json
MT-PROC-0001,نصب پلتفرم و اجرای چند نسخه به‌صورت همزمان,metatrader,METATRADER_PROCEDURE,GENERAL_KNOWLEDGE,PENDING_VERIFICATION,PENDING_REVIEW,BOTH,0.8,True,tools/seed_mt_common.py,MT-PROC-0001,نصب|install|چند حساب,knowledge_base/metatrader/mt_common_procedures.json
MT-PROC-0002,ساخت حساب دمو از داخل پلتفرم,metatrader,METATRADER_PROCEDURE,GENERAL_KNOWLEDGE,PENDING_VERIFICATION,PENDING_REVIEW,BOTH,0.8,True,tools/seed_mt_common.py,MT-PROC-0002,demo|حساب آزمایشی,knowledge_base/metatrader/mt_common_procedures.json
MT-PROC-0003,تغییر رمز عبور حساب معاملاتی,metatrader,METATRADER_PROCEDURE,GENERAL_KNOWLEDGE,PENDING_VERIFICATION,PENDING_REVIEW,BOTH,0.8,True,tools/seed_mt_common.py,MT-PROC-0003,password|investor|رمز عبور,knowledge_base/metatrader/mt_common_procedures.json
MT-PROC-0004,افزودن، تنظیم و حذف اندیکاتور روی چارت,metatrader,METATRADER_PROCEDURE,GENERAL_KNOWLEDGE,PENDING_VERIFICATION,PENDING_REVIEW,BOTH,0.85,True,tools/seed_mt_common.py,MT-PROC-0004,indicator|اندیکاتور|Ctrl+I,knowledge_base/metatrader/mt_common_procedures.json
MT-PROC-0005,تنظیم نمایش چارت: نوع نمودار، تایم‌فریم، زوم و پیمایش,metatrader,METATRADER_PROCEDURE,GENERAL_KNOWLEDGE,PENDING_VERIFICATION,PENDING_REVIEW,BOTH,0.85,True,tools/seed_mt_common.py,MT-PROC-0005,chart|timeframe|auto scroll|F8,knowledge_base/metatrader/mt_common_procedures.json
MT-PROC-0006,ذخیره و اعمال Template (قالب چارت),metatrader,METATRADER_PROCEDURE,GENERAL_KNOWLEDGE,PENDING_VERIFICATION,PENDING_REVIEW,BOTH,0.8,True,tools/seed_mt_common.py,MT-PROC-0006,template|قالب|default,knowledge_base/metatrader/mt_common_procedures.json
MT-PROC-0007,پروفایل: ذخیره‌ی چیدمان چند چارت,metatrader,METATRADER_PROCEDURE,GENERAL_KNOWLEDGE,PENDING_VERIFICATION,PENDING_REVIEW,BOTH,0.8,True,tools/seed_mt_common.py,MT-PROC-0007,profile|workspace|چیدمان,knowledge_base/metatrader/mt_common_procedures.json
MT-PROC-0008,رسم اشیاء گرافیکی و مدیریت آن‌ها,metatrader,METATRADER_PROCEDURE,GENERAL_KNOWLEDGE,PENDING_VERIFICATION,PENDING_REVIEW,BOTH,0.85,True,tools/seed_mt_common.py,MT-PROC-0008,trendline|fibonacci|object list|Ctrl+B,knowledge_base/metatrader/mt_common_procedures.json
MT-PROC-0009,فعال‌سازی معامله‌ی یک‌کلیکی (One Click Trading),metatrader,METATRADER_PROCEDURE,GENERAL_KNOWLEDGE,PENDING_VERIFICATION,PENDING_REVIEW,BOTH,0.8,True,tools/seed_mt_common.py,MT-PROC-0009,one click trading|یک کلیکی,knowledge_base/metatrader/mt_common_procedures.json
MT-PROC-0010,بستن معامله: کامل، جزئی و بستن متقابل,metatrader,METATRADER_PROCEDURE,GENERAL_KNOWLEDGE,PENDING_VERIFICATION,PENDING_REVIEW,BOTH,0.8,True,tools/seed_mt_common.py,MT-PROC-0010,close|partial close|close by|بستن معامله,knowledge_base/metatrader/mt_common_procedures.json
MT-PROC-0011,تنظیم Trailing Stop,metatrader,METATRADER_PROCEDURE,GENERAL_KNOWLEDGE,PENDING_VERIFICATION,PENDING_REVIEW,BOTH,0.85,True,tools/seed_mt_common.py,MT-PROC-0011,trailing stop|تریلینگ,knowledge_base/metatrader/mt_common_procedures.json
MT-PROC-0012,ساخت هشدار قیمتی (Alert),metatrader,METATRADER_PROCEDURE,GENERAL_KNOWLEDGE,PENDING_VERIFICATION,PENDING_REVIEW,BOTH,0.8,True,tools/seed_mt_common.py,MT-PROC-0012,alert|هشدار قیمت,knowledge_base/metatrader/mt_common_procedures.json
MT-PROC-0013,فعال‌سازی اعلان پوش روی موبایل (MetaQuotes ID),metatrader,METATRADER_PROCEDURE,GENERAL_KNOWLEDGE,PENDING_VERIFICATION,PENDING_REVIEW,BOTH,0.75,True,tools/seed_mt_common.py,MT-PROC-0013,push notification|metaquotes id|اعلان موبایل,knowledge_base/metatrader/mt_common_procedures.json
MT-PROC-0014,کار با ترمینال موبایل,metatrader,METATRADER_PROCEDURE,GENERAL_KNOWLEDGE,PENDING_VERIFICATION,PENDING_REVIEW,BOTH,0.8,True,tools/seed_mt_common.py,MT-PROC-0014,mobile|موبایل|اندروید|iOS,knowledge_base/metatrader/mt_common_procedures.json
MT-PROC-0015,کار با وب‌ترمینال,metatrader,METATRADER_PROCEDURE,GENERAL_KNOWLEDGE,PENDING_VERIFICATION,PENDING_REVIEW,BOTH,0.75,True,tools/seed_mt_common.py,MT-PROC-0015,web terminal|وب ترمینال,knowledge_base/metatrader/mt_common_procedures.json
MT-PROC-0016,استفاده از VPS یا Virtual Hosting,metatrader,METATRADER_PROCEDURE,GENERAL_KNOWLEDGE,PENDING_VERIFICATION,PENDING_REVIEW,BOTH,0.75,True,tools/seed_mt_common.py,MT-PROC-0016,VPS|virtual hosting|سرور مجازی,knowledge_base/metatrader/mt_common_procedures.json
MT-PROC-0017,تنظیمات پلتفرم (پنجره‌ی Options),metatrader,METATRADER_PROCEDURE,GENERAL_KNOWLEDGE,PENDING_VERIFICATION,PENDING_REVIEW,BOTH,0.8,True,tools/seed_mt_common.py,MT-PROC-0017,options|settings|تنظیمات,knowledge_base/metatrader/mt_common_procedures.json
MT-PROC-0018,کار با MetaEditor و کامپایل فایل‌های سورس,metatrader,METATRADER_PROCEDURE,GENERAL_KNOWLEDGE,PENDING_VERIFICATION,PENDING_REVIEW,BOTH,0.8,True,tools/seed_mt_common.py,MT-PROC-0018,metaeditor|compile|mq4|mq5,knowledge_base/metatrader/mt_common_procedures.json
MT-PROC-0019,اجرای اسکریپت روی چارت,metatrader,METATRADER_PROCEDURE,GENERAL_KNOWLEDGE,PENDING_VERIFICATION,PENDING_REVIEW,BOTH,0.8,True,tools/seed_mt_common.py,MT-PROC-0019,script|اسکریپت,knowledge_base/metatrader/mt_common_procedures.json
MT-PROC-0020,پشتیبان‌گیری از تنظیمات، تمپلیت‌ها و اکسپرت‌ها,metatrader,METATRADER_PROCEDURE,GENERAL_KNOWLEDGE,PENDING_VERIFICATION,PENDING_REVIEW,BOTH,0.75,True,tools/seed_mt_common.py,MT-PROC-0020,backup|پشتیبان|data folder,knowledge_base/metatrader/mt_common_procedures.json
MT-PROC-0021,کار با پنجره‌ی Market Watch: ستون‌ها، Tick Chart و مجموعه‌ی نمادها,metatrader,METATRADER_PROCEDURE,GENERAL_KNOWLEDGE,PENDING_VERIFICATION,PENDING_REVIEW,BOTH,0.75,True,tools/seed_mt_common.py,MT-PROC-0021,market watch|tick chart|sets|spread,knowledge_base/metatrader/mt_common_procedures.json
MT-PROC-0022,ویرایش یا حذف سفارش معلق,metatrader,METATRADER_PROCEDURE,GENERAL_KNOWLEDGE,PENDING_VERIFICATION,PENDING_REVIEW,BOTH,0.8,True,tools/seed_mt_common.py,MT-PROC-0022,pending order|modify|delete|سفارش معلق,knowledge_base/metatrader/mt_common_procedures.json
MT-PROC-0023,مدیریت معاملات باز در تب Trade,metatrader,METATRADER_PROCEDURE,GENERAL_KNOWLEDGE,PENDING_VERIFICATION,PENDING_REVIEW,BOTH,0.8,True,tools/seed_mt_common.py,MT-PROC-0023,trade tab|equity|floating|معاملات باز,knowledge_base/metatrader/mt_common_procedures.json
MT-TRBL-0001,خطای Invalid S/L or T/P هنگام ثبت سفارش,metatrader,TROUBLESHOOTING,GENERAL_KNOWLEDGE,PENDING_VERIFICATION,PENDING_REVIEW,BOTH,0.8,True,tools/seed_mt_troubleshooting.py,MT-TRBL-0001,invalid stops|stops level|خطا,knowledge_base/metatrader/mt_troubleshooting.json
MT-TRBL-0002,خطای Market closed,metatrader,TROUBLESHOOTING,GENERAL_KNOWLEDGE,PENDING_VERIFICATION,PENDING_REVIEW,BOTH,0.85,True,tools/seed_mt_troubleshooting.py,MT-TRBL-0002,market closed|ساعت بازار,knowledge_base/metatrader/mt_troubleshooting.json
MT-TRBL-0003,خطای Not enough money / کمبود مارجین,metatrader,TROUBLESHOOTING,GENERAL_KNOWLEDGE,PENDING_VERIFICATION,PENDING_REVIEW,BOTH,0.85,True,tools/seed_mt_troubleshooting.py,MT-TRBL-0003,not enough money|margin|کمبود موجودی,knowledge_base/metatrader/mt_troubleshooting.json
MT-TRBL-0004,خطای Trade is disabled / معامله غیرفعال است,metatrader,TROUBLESHOOTING,GENERAL_KNOWLEDGE,PENDING_VERIFICATION,PENDING_REVIEW,BOTH,0.75,True,tools/seed_mt_troubleshooting.py,MT-TRBL-0004,trade disabled|investor password,knowledge_base/metatrader/mt_troubleshooting.json
MT-TRBL-0005,خطای No connection / قطع اتصال به سرور,metatrader,TROUBLESHOOTING,GENERAL_KNOWLEDGE,PENDING_VERIFICATION,PENDING_REVIEW,BOTH,0.8,True,tools/seed_mt_troubleshooting.py,MT-TRBL-0005,no connection|journal|قطعی,knowledge_base/metatrader/mt_troubleshooting.json
MT-TRBL-0006,خطای Off quotes یا ریکوت مکرر,metatrader,TROUBLESHOOTING,GENERAL_KNOWLEDGE,PENDING_VERIFICATION,PENDING_REVIEW,BOTH,0.75,True,tools/seed_mt_troubleshooting.py,MT-TRBL-0006,off quotes|requote|ریکوت,knowledge_base/metatrader/mt_troubleshooting.json
MT-TRBL-0007,نماد پیدا نمی‌شود یا نام آن متفاوت است,metatrader,TROUBLESHOOTING,GENERAL_KNOWLEDGE,PENDING_VERIFICATION,PENDING_REVIEW,BOTH,0.8,True,tools/seed_mt_troubleshooting.py,MT-TRBL-0007,symbol not found|پسوند نماد|market watch,knowledge_base/metatrader/mt_troubleshooting.json
MT-TRBL-0008,اندیکاتور یا اکسپرت در Navigator دیده نمی‌شود,metatrader,TROUBLESHOOTING,GENERAL_KNOWLEDGE,PENDING_VERIFICATION,PENDING_REVIEW,BOTH,0.85,True,tools/seed_mt_troubleshooting.py,MT-TRBL-0008,navigator|data folder|نصب اندیکاتور,knowledge_base/metatrader/mt_troubleshooting.json
MT-TRBL-0009,خطای Invalid volume / حجم نامعتبر,metatrader,TROUBLESHOOTING,GENERAL_KNOWLEDGE,PENDING_VERIFICATION,PENDING_REVIEW,BOTH,0.8,True,tools/seed_mt_troubleshooting.py,MT-TRBL-0009,invalid volume|volume step|حجم,knowledge_base/metatrader/mt_troubleshooting.json
MT-TRBL-0010,اکسپرت اجرا نمی‌شود یا معامله باز نمی‌کند,metatrader,TROUBLESHOOTING,GENERAL_KNOWLEDGE,PENDING_VERIFICATION,PENDING_REVIEW,BOTH,0.8,True,tools/seed_mt_troubleshooting.py,MT-TRBL-0010,autotrading|expert advisor|اکسپرت کار نمی‌کنه,knowledge_base/metatrader/mt_troubleshooting.json
MT-TRBL-0011,قیمت‌ها به‌روزرسانی نمی‌شوند با وجود اتصال,metatrader,TROUBLESHOOTING,GENERAL_KNOWLEDGE,PENDING_VERIFICATION,PENDING_REVIEW,BOTH,0.75,True,tools/seed_mt_troubleshooting.py,MT-TRBL-0011,waiting for update|قیمت ثابت|داده زنده,knowledge_base/metatrader/mt_troubleshooting.json
MT-TRBL-0012,چارت خالی یا داده‌ی تاریخی ناقص,metatrader,TROUBLESHOOTING,GENERAL_KNOWLEDGE,PENDING_VERIFICATION,PENDING_REVIEW,BOTH,0.75,True,tools/seed_mt_troubleshooting.py,MT-TRBL-0012,waiting for update|max bars|داده تاریخی,knowledge_base/metatrader/mt_troubleshooting.json
MT-TRBL-0013,اختلاف ساعت پلتفرم با ساعت محلی و کندل روزانه,metatrader,TROUBLESHOOTING,GENERAL_KNOWLEDGE,PENDING_VERIFICATION,PENDING_REVIEW,BOTH,0.85,True,tools/seed_mt_troubleshooting.py,MT-TRBL-0013,server time|timezone|اختلاف ساعت,knowledge_base/metatrader/mt_troubleshooting.json
MT-TRBL-0014,خطای Trade context is busy در متاتریدر ۴,metatrader,TROUBLESHOOTING,GENERAL_KNOWLEDGE,PENDING_VERIFICATION,PENDING_REVIEW,MT4_ONLY,0.75,True,tools/seed_mt_troubleshooting.py,MT-TRBL-0014,trade context is busy|متاتریدر ۴,knowledge_base/metatrader/mt_troubleshooting.json
MT-TRBL-0015,خطای Old version یا درخواست به‌روزرسانی پلتفرم,metatrader,TROUBLESHOOTING,GENERAL_KNOWLEDGE,PENDING_VERIFICATION,PENDING_REVIEW,BOTH,0.75,True,tools/seed_mt_troubleshooting.py,MT-TRBL-0015,old version|update|بیلد,knowledge_base/metatrader/mt_troubleshooting.json
MT-TRBL-0016,مشکل دسترسی نوشتن و نصب در مسیر محافظت‌شده,metatrader,TROUBLESHOOTING,GENERAL_KNOWLEDGE,PENDING_VERIFICATION,PENDING_REVIEW,BOTH,0.7,True,tools/seed_mt_troubleshooting.py,MT-TRBL-0016,permission|program files|دسترسی,knowledge_base/metatrader/mt_troubleshooting.json
MT-TRBL-0017,کندی پلتفرم یا خراب شدن چیدمان چارت‌ها,metatrader,TROUBLESHOOTING,GENERAL_KNOWLEDGE,PENDING_VERIFICATION,PENDING_REVIEW,BOTH,0.7,True,tools/seed_mt_troubleshooting.py,MT-TRBL-0017,کندی|profile|performance,knowledge_base/metatrader/mt_troubleshooting.json
MT4-CONC-0001,حسابداری معاملات در متاتریدر ۴ (فقط Hedging),metatrader,CONCEPT,GENERAL_KNOWLEDGE,PENDING_VERIFICATION,PENDING_REVIEW,MT4_ONLY,0.85,True,tools/seed_mt4.py,MT4-CONC-0001,hedging|ticket|پوزیشن,knowledge_base/metatrader/mt4/mt4_core.json
MT4-CONC-0002,تیکت، کامنت و Magic Number در متاتریدر ۴,metatrader,CONCEPT,GENERAL_KNOWLEDGE,PENDING_VERIFICATION,PENDING_REVIEW,MT4_ONLY,0.8,True,tools/seed_mt4.py,MT4-CONC-0002,ticket|magic number|comment,knowledge_base/metatrader/mt4/mt4_core.json
MT4-PROC-0001,ورود به حساب معاملاتی در متاتریدر ۴,metatrader,METATRADER_PROCEDURE,GENERAL_KNOWLEDGE,PENDING_VERIFICATION,PENDING_REVIEW,MT4_ONLY,0.85,True,tools/seed_mt4.py,MT4-PROC-0001,login|ورود|متاتریدر ۴,knowledge_base/metatrader/mt4/mt4_core.json
MT4-PROC-0002,نمایش همه‌ی نمادها در Market Watch (متاتریدر ۴),metatrader,METATRADER_PROCEDURE,GENERAL_KNOWLEDGE,PENDING_VERIFICATION,PENDING_REVIEW,MT4_ONLY,0.85,True,tools/seed_mt4.py,MT4-PROC-0002,show all|market watch|نماد,knowledge_base/metatrader/mt4/mt4_core.json
MT4-PROC-0003,باز کردن معامله و انواع سفارش در متاتریدر ۴,metatrader,METATRADER_PROCEDURE,GENERAL_KNOWLEDGE,PENDING_VERIFICATION,PENDING_REVIEW,MT4_ONLY,0.85,True,tools/seed_mt4.py,MT4-PROC-0003,F9|order|pending|متاتریدر ۴,knowledge_base/metatrader/mt4/mt4_core.json
MT4-PROC-0004,تنظیم حد ضرر و حد سود روی معامله‌ی باز (متاتریدر ۴),metatrader,METATRADER_PROCEDURE,GENERAL_KNOWLEDGE,PENDING_VERIFICATION,PENDING_REVIEW,MT4_ONLY,0.85,True,tools/seed_mt4.py,MT4-PROC-0004,stop loss|take profit|modify order,knowledge_base/metatrader/mt4/mt4_core.json
MT4-PROC-0005,فعال‌سازی AutoTrading و اکسپرت در متاتریدر ۴,metatrader,METATRADER_PROCEDURE,GENERAL_KNOWLEDGE,PENDING_VERIFICATION,PENDING_REVIEW,MT4_ONLY,0.8,True,tools/seed_mt4.py,MT4-PROC-0005,expert advisor|MQL4|autotrading,knowledge_base/metatrader/mt4/mt4_core.json
MT4-PROC-0006,بارگذاری داده‌های تاریخی با History Center,metatrader,METATRADER_PROCEDURE,GENERAL_KNOWLEDGE,PENDING_VERIFICATION,PENDING_REVIEW,MT4_ONLY,0.75,True,tools/seed_mt4.py,MT4-PROC-0006,history center|F2|داده تاریخی|max bars,knowledge_base/metatrader/mt4/mt4_core.json
MT4-PROC-0007,تستر استراتژی متاتریدر ۴ و کیفیت مدل‌سازی,metatrader,METATRADER_PROCEDURE,GENERAL_KNOWLEDGE,PENDING_VERIFICATION,PENDING_REVIEW,MT4_ONLY,0.75,True,tools/seed_mt4.py,MT4-PROC-0007,strategy tester|modelling quality|بک تست,knowledge_base/metatrader/mt4/mt4_core.json
MT4-PROC-0008,گرفتن گزارش و صورت‌حساب در متاتریدر ۴,metatrader,METATRADER_PROCEDURE,GENERAL_KNOWLEDGE,PENDING_VERIFICATION,PENDING_REVIEW,MT4_ONLY,0.8,True,tools/seed_mt4.py,MT4-PROC-0008,report|statement|صورتحساب,knowledge_base/metatrader/mt4/mt4_core.json
MT4-PROC-0010,بستن جزئی معامله در متاتریدر ۴,metatrader,METATRADER_PROCEDURE,GENERAL_KNOWLEDGE,PENDING_VERIFICATION,PENDING_REVIEW,MT4_ONLY,0.75,True,tools/seed_mt4.py,MT4-PROC-0010,partial close|ticket|بستن جزئی,knowledge_base/metatrader/mt4/mt4_core.json
MT4-PROC-0011,مشاهده‌ی مشخصات نماد در متاتریدر ۴,metatrader,METATRADER_PROCEDURE,GENERAL_KNOWLEDGE,PENDING_VERIFICATION,PENDING_REVIEW,MT4_ONLY,0.75,True,tools/seed_mt4.py,MT4-PROC-0011,symbol properties|specification|مشخصات نماد,knowledge_base/metatrader/mt4/mt4_core.json
MT4-PROC-0012,تنظیم حداکثر انحراف مجاز قیمت در متاتریدر ۴,metatrader,METATRADER_PROCEDURE,GENERAL_KNOWLEDGE,PENDING_VERIFICATION,PENDING_REVIEW,MT4_ONLY,0.75,True,tools/seed_mt4.py,MT4-PROC-0012,deviation|requote|انحراف مجاز,knowledge_base/metatrader/mt4/mt4_core.json
MT5-CONC-0001,نوع حساب Netting و Hedging در متاتریدر ۵,metatrader,CONCEPT,GENERAL_KNOWLEDGE,PENDING_VERIFICATION,PENDING_REVIEW,MT5_ONLY,0.85,True,tools/seed_mt5.py,MT5-CONC-0001,netting|hedging|نوع حساب,knowledge_base/metatrader/mt5/mt5_core.json
MT5-CONC-0002,تفاوت Order، Deal و Position در متاتریدر ۵,metatrader,CONCEPT,GENERAL_KNOWLEDGE,PENDING_VERIFICATION,PENDING_REVIEW,MT5_ONLY,0.8,True,tools/seed_mt5.py,MT5-CONC-0002,order|deal|position,knowledge_base/metatrader/mt5/mt5_core.json
MT5-CONC-0003,سفارش‌های Stop Limit در متاتریدر ۵,metatrader,CONCEPT,GENERAL_KNOWLEDGE,PENDING_VERIFICATION,PENDING_REVIEW,MT5_ONLY,0.8,True,tools/seed_mt5.py,MT5-CONC-0003,stop limit|buy stop limit|سفارش معلق,knowledge_base/metatrader/mt5/mt5_core.json
MT5-CONC-0004,شناسه‌ها در متاتریدر ۵: Order، Position ID و Magic Number,metatrader,CONCEPT,GENERAL_KNOWLEDGE,PENDING_VERIFICATION,PENDING_REVIEW,MT5_ONLY,0.75,True,tools/seed_mt5.py,MT5-CONC-0004,position id|order id|magic number,knowledge_base/metatrader/mt5/mt5_core.json
MT5-PROC-0001,ورود به حساب معاملاتی در متاتریدر ۵,metatrader,METATRADER_PROCEDURE,GENERAL_KNOWLEDGE,PENDING_VERIFICATION,PENDING_REVIEW,MT5_ONLY,0.85,True,tools/seed_mt5.py,MT5-PROC-0001,login|ورود به حساب|server|متاتریدر ۵,knowledge_base/metatrader/mt5/mt5_core.json
MT5-PROC-0002,نمایش نمادهای پنهان در Market Watch (متاتریدر ۵),metatrader,METATRADER_PROCEDURE,GENERAL_KNOWLEDGE,PENDING_VERIFICATION,PENDING_REVIEW,MT5_ONLY,0.85,True,tools/seed_mt5.py,MT5-PROC-0002,market watch|symbols|نماد|XAUUSD,knowledge_base/metatrader/mt5/mt5_core.json
MT5-PROC-0003,باز کردن معامله و انواع سفارش در متاتریدر ۵,metatrader,METATRADER_PROCEDURE,GENERAL_KNOWLEDGE,PENDING_VERIFICATION,PENDING_REVIEW,MT5_ONLY,0.85,True,tools/seed_mt5.py,MT5-PROC-0003,new order|F9|pending order|stop limit,knowledge_base/metatrader/mt5/mt5_core.json
MT5-PROC-0004,تنظیم یا تغییر حد ضرر و حد سود روی معامله‌ی باز (متاتریدر ۵),metatrader,METATRADER_PROCEDURE,GENERAL_KNOWLEDGE,PENDING_VERIFICATION,PENDING_REVIEW,MT5_ONLY,0.85,True,tools/seed_mt5.py,MT5-PROC-0004,stop loss|take profit|modify position|toolbox,knowledge_base/metatrader/mt5/mt5_core.json
MT5-PROC-0005,مشاهده‌ی مشخصات نماد در متاتریدر ۵,metatrader,METATRADER_PROCEDURE,GENERAL_KNOWLEDGE,PENDING_VERIFICATION,PENDING_REVIEW,MT5_ONLY,0.8,True,tools/seed_mt5.py,MT5-PROC-0005,specification|مشخصات نماد|stops level|tick value,knowledge_base/metatrader/mt5/mt5_core.json
MT5-PROC-0006,گزارش تاریخچه‌ی معاملات در متاتریدر ۵,metatrader,METATRADER_PROCEDURE,GENERAL_KNOWLEDGE,PENDING_VERIFICATION,PENDING_REVIEW,MT5_ONLY,0.8,True,tools/seed_mt5.py,MT5-PROC-0006,history|report|تاریخچه|گزارش,knowledge_base/metatrader/mt5/mt5_core.json
MT5-PROC-0007,فعال‌سازی AutoTrading و اجرای اکسپرت در متاتریدر ۵,metatrader,METATRADER_PROCEDURE,GENERAL_KNOWLEDGE,PENDING_VERIFICATION,PENDING_REVIEW,MT5_ONLY,0.8,True,tools/seed_mt5.py,MT5-PROC-0007,expert advisor|autotrading|MQL5|ربات,knowledge_base/metatrader/mt5/mt5_core.json
MT5-PROC-0008,تنظیم انحراف مجاز و نوع پر شدن سفارش (Deviation و Filling),metatrader,METATRADER_PROCEDURE,GENERAL_KNOWLEDGE,PENDING_VERIFICATION,PENDING_REVIEW,MT5_ONLY,0.75,True,tools/seed_mt5.py,MT5-PROC-0008,deviation|filling|fill or kill|IOC,knowledge_base/metatrader/mt5/mt5_core.json
MT5-PROC-0009,استفاده از عمق بازار (Depth of Market),metatrader,METATRADER_PROCEDURE,GENERAL_KNOWLEDGE,PENDING_VERIFICATION,PENDING_REVIEW,MT5_ONLY,0.75,True,tools/seed_mt5.py,MT5-PROC-0009,depth of market|DOM|عمق بازار,knowledge_base/metatrader/mt5/mt5_core.json
MT5-PROC-0010,تقویم اقتصادی داخلی متاتریدر ۵,metatrader,METATRADER_PROCEDURE,GENERAL_KNOWLEDGE,PENDING_VERIFICATION,PENDING_REVIEW,MT5_ONLY,0.75,True,tools/seed_mt5.py,MT5-PROC-0010,calendar|تقویم اقتصادی|اخبار,knowledge_base/metatrader/mt5/mt5_core.json
MT5-PROC-0011,تستر استراتژی و بهینه‌سازی در متاتریدر ۵,metatrader,METATRADER_PROCEDURE,GENERAL_KNOWLEDGE,PENDING_VERIFICATION,PENDING_REVIEW,MT5_ONLY,0.75,True,tools/seed_mt5.py,MT5-PROC-0011,strategy tester|optimization|backtest|بک تست,knowledge_base/metatrader/mt5/mt5_core.json
MT5-PROC-0012,تب‌های تاریخچه: Positions، Orders و Deals,metatrader,METATRADER_PROCEDURE,GENERAL_KNOWLEDGE,PENDING_VERIFICATION,PENDING_REVIEW,MT5_ONLY,0.75,True,tools/seed_mt5.py,MT5-PROC-0012,deals|positions|orders|history,knowledge_base/metatrader/mt5/mt5_core.json
MT5-PROC-0013,مدیریت پوزیشن در حساب Netting,metatrader,METATRADER_PROCEDURE,GENERAL_KNOWLEDGE,PENDING_VERIFICATION,PENDING_REVIEW,MT5_ONLY,0.8,True,tools/seed_mt5.py,MT5-PROC-0013,netting|position|میانگین قیمت,knowledge_base/metatrader/mt5/mt5_core.json
MT5-PROC-0014,دانلود داده‌های تاریخی نماد,metatrader,METATRADER_PROCEDURE,GENERAL_KNOWLEDGE,PENDING_VERIFICATION,PENDING_REVIEW,MT5_ONLY,0.75,True,tools/seed_mt5.py,MT5-PROC-0014,history data|ticks|bars|داده تاریخی,knowledge_base/metatrader/mt5/mt5_core.json
PSY-PAT-0001,FOMO (ترس از جا ماندن),psychology,PSYCHOLOGY_PATTERN,GENERAL_KNOWLEDGE,PENDING_VERIFICATION,PENDING_REVIEW,NOT_APPLICABLE,0.75,True,tools/seed_psychology.py,PATTERNS[0],ترس از جا ماندن|FOMO|ورود هیجانی,knowledge_base/psychology/psychology_patterns.json
PSY-PAT-0002,معامله‌ی انتقامی,psychology,PSYCHOLOGY_PATTERN,GENERAL_KNOWLEDGE,PENDING_VERIFICATION,PENDING_REVIEW,NOT_APPLICABLE,0.75,True,tools/seed_psychology.py,PATTERNS[1],معامله انتقامی|revenge trading|جبران ضرر,knowledge_base/psychology/psychology_patterns.json
PSY-PAT-0003,بیش‌معامله‌گری,psychology,PSYCHOLOGY_PATTERN,GENERAL_KNOWLEDGE,PENDING_VERIFICATION,PENDING_REVIEW,NOT_APPLICABLE,0.75,True,tools/seed_psychology.py,PATTERNS[2],اورترید|overtrading|تعداد معامله,knowledge_base/psychology/psychology_patterns.json
PSY-PAT-0004,جابه‌جا کردن یا حذف حد ضرر,psychology,PSYCHOLOGY_PATTERN,GENERAL_KNOWLEDGE,PENDING_VERIFICATION,PENDING_REVIEW,NOT_APPLICABLE,0.75,True,tools/seed_psychology.py,PATTERNS[3],حد ضرر|stop loss|ریسک,knowledge_base/psychology/psychology_patterns.json
PSY-PAT-0005,خروج زودهنگام از معامله‌ی سودده,psychology,PSYCHOLOGY_PATTERN,GENERAL_KNOWLEDGE,PENDING_VERIFICATION,PENDING_REVIEW,NOT_APPLICABLE,0.75,True,tools/seed_psychology.py,PATTERNS[4],خروج زودهنگام|سود کم|R:R,knowledge_base/psychology/psychology_patterns.json
PSY-PAT-0006,افزایش ریسک پس از ضرر یا پس از برد,psychology,PSYCHOLOGY_PATTERN,GENERAL_KNOWLEDGE,PENDING_VERIFICATION,PENDING_REVIEW,NOT_APPLICABLE,0.75,True,tools/seed_psychology.py,PATTERNS[5],مارتینگل|افزایش حجم|مدیریت ریسک,knowledge_base/psychology/psychology_patterns.json
PSY-PAT-0007,اعتمادبه‌نفس کاذب پس از دوره‌ی سودده,psychology,PSYCHOLOGY_PATTERN,GENERAL_KNOWLEDGE,PENDING_VERIFICATION,PENDING_REVIEW,NOT_APPLICABLE,0.75,True,tools/seed_psychology.py,PATTERNS[6],overconfidence|اعتماد به نفس کاذب,knowledge_base/psychology/psychology_patterns.json
PSY-PAT-0008,سوگیری تأیید در تحلیل,psychology,PSYCHOLOGY_PATTERN,GENERAL_KNOWLEDGE,PENDING_VERIFICATION,PENDING_REVIEW,NOT_APPLICABLE,0.75,True,tools/seed_psychology.py,PATTERNS[7],سوگیری تأیید|confirmation bias|تحلیل,knowledge_base/psychology/psychology_patterns.json
PSY-PAT-0009,زیان‌گریزی,psychology,PSYCHOLOGY_PATTERN,GENERAL_KNOWLEDGE,PENDING_VERIFICATION,PENDING_REVIEW,NOT_APPLICABLE,0.75,True,tools/seed_psychology.py,PATTERNS[8],زیان‌گریزی|loss aversion,knowledge_base/psychology/psychology_patterns.json
PSY-PAT-0010,ژورنال معاملاتی و مرور پس از معامله,psychology,PSYCHOLOGY_PATTERN,GENERAL_KNOWLEDGE,PENDING_VERIFICATION,PENDING_REVIEW,NOT_APPLICABLE,0.75,True,tools/seed_psychology.py,PATTERNS[9],ژورنال|journal|مرور معاملات,knowledge_base/psychology/psychology_patterns.json
PSY-PAT-0011,سوگیری تازگی,psychology,PSYCHOLOGY_PATTERN,GENERAL_KNOWLEDGE,PENDING_VERIFICATION,PENDING_REVIEW,NOT_APPLICABLE,0.75,True,tools/seed_psychology.py,PATTERNS[10],سوگیری تازگی|recency bias,knowledge_base/psychology/psychology_patterns.json
PSY-PAT-0012,مغالطه‌ی قمارباز,psychology,PSYCHOLOGY_PATTERN,GENERAL_KNOWLEDGE,PENDING_VERIFICATION,PENDING_REVIEW,NOT_APPLICABLE,0.75,True,tools/seed_psychology.py,PATTERNS[11],مغالطه قمارباز|gambler fallacy|مارتینگل,knowledge_base/psychology/psychology_patterns.json
PSY-PAT-0013,تیلت,psychology,PSYCHOLOGY_PATTERN,GENERAL_KNOWLEDGE,PENDING_VERIFICATION,PENDING_REVIEW,NOT_APPLICABLE,0.75,True,tools/seed_psychology.py,PATTERNS[12],تیلت|tilt|کنترل هیجان,knowledge_base/psychology/psychology_patterns.json
PSY-PAT-0014,قانون‌شکنی و انحراف از برنامه,psychology,PSYCHOLOGY_PATTERN,GENERAL_KNOWLEDGE,PENDING_VERIFICATION,PENDING_REVIEW,NOT_APPLICABLE,0.75,True,tools/seed_psychology.py,PATTERNS[13],قانون شکنی|پلن معاملاتی|discipline,knowledge_base/psychology/psychology_patterns.json
PSY-PAT-0015,تعقیب ضرر,psychology,PSYCHOLOGY_PATTERN,GENERAL_KNOWLEDGE,PENDING_VERIFICATION,PENDING_REVIEW,NOT_APPLICABLE,0.75,True,tools/seed_psychology.py,PATTERNS[14],تعقیب ضرر|chasing losses|جبران,knowledge_base/psychology/psychology_patterns.json
PSY-PAT-0016,ترس از ضرر و فلج تحلیلی,psychology,PSYCHOLOGY_PATTERN,GENERAL_KNOWLEDGE,PENDING_VERIFICATION,PENDING_REVIEW,NOT_APPLICABLE,0.75,True,tools/seed_psychology.py,PATTERNS[15],ترس از ضرر|فلج تحلیلی|analysis paralysis,knowledge_base/psychology/psychology_patterns.json
PSY-PAT-0017,تصمیم‌های تکانشی,psychology,PSYCHOLOGY_PATTERN,GENERAL_KNOWLEDGE,PENDING_VERIFICATION,PENDING_REVIEW,NOT_APPLICABLE,0.75,True,tools/seed_psychology.py,PATTERNS[16],تکانشی|impulsive|ورود ناگهانی,knowledge_base/psychology/psychology_patterns.json
PSY-PAT-0018,اضطراب عملکرد,psychology,PSYCHOLOGY_PATTERN,GENERAL_KNOWLEDGE,PENDING_VERIFICATION,PENDING_REVIEW,NOT_APPLICABLE,0.75,True,tools/seed_psychology.py,PATTERNS[17],اضطراب|فشار روانی|performance anxiety,knowledge_base/psychology/psychology_patterns.json
PSY-PAT-0019,خستگی تصمیم‌گیری,psychology,PSYCHOLOGY_PATTERN,GENERAL_KNOWLEDGE,PENDING_VERIFICATION,PENDING_REVIEW,NOT_APPLICABLE,0.75,True,tools/seed_psychology.py,PATTERNS[18],خستگی تصمیم|decision fatigue|تمرکز,knowledge_base/psychology/psychology_patterns.json
PSY-PAT-0020,انضباط و تمرکز بر فرایند,psychology,PSYCHOLOGY_PATTERN,GENERAL_KNOWLEDGE,PENDING_VERIFICATION,PENDING_REVIEW,NOT_APPLICABLE,0.75,True,tools/seed_psychology.py,PATTERNS[19],انضباط|فرایند|process orientation,knowledge_base/psychology/psychology_patterns.json
PSY-PAT-0021,تنظیم هیجان پیش، حین و پس از معامله,psychology,PSYCHOLOGY_PATTERN,GENERAL_KNOWLEDGE,PENDING_VERIFICATION,PENDING_REVIEW,NOT_APPLICABLE,0.75,True,tools/seed_psychology.py,PATTERNS[20],تنظیم هیجان|روتین|emotional regulation,knowledge_base/psychology/psychology_patterns.json
PSY-PAT-0022,چسبندگی به تحلیل شخصی,psychology,PSYCHOLOGY_PATTERN,GENERAL_KNOWLEDGE,PENDING_VERIFICATION,PENDING_REVIEW,NOT_APPLICABLE,0.75,True,tools/seed_psychology.py,PATTERNS[21],ایگو|تحلیل|ابطال,knowledge_base/psychology/psychology_patterns.json
PSY-PAT-0023,مقایسه با دیگران و فضای مجازی,psychology,PSYCHOLOGY_PATTERN,GENERAL_KNOWLEDGE,PENDING_VERIFICATION,PENDING_REVIEW,NOT_APPLICABLE,0.75,True,tools/seed_psychology.py,PATTERNS[22],مقایسه|شبکه اجتماعی|social comparison,knowledge_base/psychology/psychology_patterns.json
PSY-PAT-0024,انتظار غیرواقعی از سود و فشار مالی,psychology,PSYCHOLOGY_PATTERN,GENERAL_KNOWLEDGE,PENDING_VERIFICATION,PENDING_REVIEW,NOT_APPLICABLE,0.75,True,tools/seed_psychology.py,PATTERNS[23],انتظار سود|فشار مالی|سرمایه ریسک‌پذیر,knowledge_base/psychology/psychology_patterns.json
PSY-RULE-0001,مرز دانش روان‌شناسی معامله‌گری و ارجاع فوری به انسان,psychology,RULE,GENERAL_KNOWLEDGE,REVIEW_REQUIRED,PENDING_REVIEW,NOT_APPLICABLE,0.7,True,tools/seed_psychology_safety.py,PSY-RULE-0001,ایمنی|ارجاع|بحران|سلامت روان,knowledge_base/psychology/psychology_safety_policy.json
RQ-0001,محتوای دوره‌های آکادمی در مخزن موجود نیست,academy,REVIEW_ITEM,,OPEN,,,,,,,,knowledge_base/review_queue/open_items.json
RQ-0002,دیتاست پرسش و پاسخ منتور موجود نیست,mentor_qa,REVIEW_ITEM,,OPEN,,,,,,,,knowledge_base/review_queue/open_items.json
RQ-0003,دوره‌ی روان‌شناسی آکادمی دریافت نشده است,psychology,REVIEW_ITEM,,OPEN,,,,,,,,knowledge_base/review_queue/open_items.json
RQ-0004,مستندات رسمی بروکر معرفی‌شده دریافت نشده است,brokers,REVIEW_ITEM,,OPEN,,,,,,,,knowledge_base/review_queue/open_items.json
RQ-0005,احتمال نمونه/دمو بودن محتوای سایت,academy,REVIEW_ITEM,,OPEN,,,,,,,,knowledge_base/review_queue/open_items.json
RQ-0006,شرایط و قیمت منتورینگ مشخص نیست,academy,REVIEW_ITEM,,OPEN,,,,,,,,knowledge_base/review_queue/open_items.json
RQ-0007,دانش متاتریدر ساخته شد اما تأیید نشده است,metatrader,REVIEW_ITEM,,OPEN,,,,,,,,knowledge_base/review_queue/open_items.json
RQ-0008,متدولوژی رسمی آکادمی هنوز کامل مستند نشده است,academy,REVIEW_ITEM,,OPEN,,,,,,,,knowledge_base/review_queue/open_items.json
RQ-0009,پلتفرم اصلی دانشجویان مشخص نیست,metatrader,REVIEW_ITEM,,CLOSED,,,,,,,,knowledge_base/review_queue/open_items.json
RQ-0010,سیاست آکادمی درباره‌ی اکسپرت و کپی‌تریدینگ مشخص نیست,metatrader,REVIEW_ITEM,,CLOSED,,,,,,,,knowledge_base/review_queue/open_items.json
RQ-0011,متن و مسیر ارجاع در موقعیت‌های حساس روانی تأیید نشده است,psychology,REVIEW_ITEM,,OPEN,,,,,,,,knowledge_base/review_queue/open_items.json
RQ-0012,اولین فایل ترنسکریپت دوره فاقد گفتار است,academy,REVIEW_ITEM,,OPEN,,,,,,,,knowledge_base/review_queue/open_items.json
RQ-0013,نام دوره و شماره‌ی جلسه‌ی ترنسکریپت دوم مشخص نیست,academy,REVIEW_ITEM,,OPEN,,,,,,,,knowledge_base/review_queue/open_items.json
RQ-0014,مفاهیم نام‌برده‌شده در جلسه‌ی اول هنوز تعریف نشده‌اند,academy,REVIEW_ITEM,,OPEN,,,,,,,,knowledge_base/review_queue/open_items.json
RQ-0015,تعارض دو فهرست «سه اصل بازار» نیازمند تعیین تکلیف است,academy,REVIEW_ITEM,,OPEN,,,,,,,,knowledge_base/review_queue/open_items.json
RQ-0016,نشانی حساب‌های رسمی آکادمی ثبت نشده است,academy,REVIEW_ITEM,,OPEN,,,,,,,,knowledge_base/review_queue/open_items.json
RQ-0017,جهت رسم فیبوناچی برای ریسک به ریوارد تأیید نشده است,academy,REVIEW_ITEM,,OPEN,,,,,,,,knowledge_base/review_queue/open_items.json
RQ-0018,جمله‌ی مربوط به روبوفارکس در جلسه‌ی ۱۰ ناقص است,brokers,REVIEW_ITEM,,OPEN,,,,,,,,knowledge_base/review_queue/open_items.json
