source_class,category,question,answer,authority,valid_until,owner,notes
official,سیاست‌های آکادمی,برای ترید فیلترشکن لازمه؟,پاسخ به این پرسش دو بخش دارد و نباید با هم قاطی شود. ۱) برای باز کردن وب‌سایت و کابین معاملاتی بروکر، ممکن است به فیلترشکن نیاز داشته باشید. نوع فیلترشکن اهمیتی ندارد و لازم نیست IP ثابت باشد — برخلاف چیزی که کاربران ارز دیجیتال به آن عادت دارند. ۲) برای اتصال پلتفرم متاتریدر به سرور بروکر و انجام معامله، فیلترشکن لازم نیست. بنابراین جمله‌ی «برای ترید کردن باید فیلترشکن روشن باشد» درست نیست.,fact,,مالک پروژه,منبع: ACA-CLR-0001 | دسترسی به سایت بروکر به شرایط شبکه‌ی کاربر بستگی دارد و ممکن است تغییر کند. | تعارض: CONF-0003
official,سیاست‌های آکادمی,سه اصل بازار از نظر آکادمی چیه؟,پاسخ رسمی و واحد: «سه اصل بازار» یا «سه چرخه‌ی بازار» در متدولوژی آکادمی عبارت‌اند از اسپایک (Spike)، کانال قیمتی (Channel) و تریدینگ رنج (Trading Range). این سه مدام در بازار تکرار می‌شوند و ترتیبشان چنین است: اسپایک شروع‌کننده‌ی روند است، کانال پس از اولین اصلاح شکل می‌گیرد و تریدینگ رنج چرخه‌ی آخر است؛ سپس دوباره از اسپایک آغاز می‌شود. روش معامله در هرکدام فرق می‌کند: در اسپایک فقط یک‌طرفه، در کانال دوطرفه اما مایل به جهت کانال، و در رنج خرید در کف و فروش در سقف. در جلسه‌ی اول دوره فهرست دیگری هم بیان شده بود (کانال قیمتی، نقدینگی، خرید و فروش در سایکل)؛ آن فهرست سه محور نگاه مدرس به بازار است و «سه اصل بازار» نیست.,guidance,,مالک پروژه,منبع: ACA-CLR-0002 | تعارض: CONF-0002
official,سیاست‌های آکادمی,بریک ایون یعنی چی؟,«بریک‌ایون» و «الگوی V» در دوره‌ی مقدماتی فقط معرفی شده‌اند و آموزش تخصصی‌تر آن‌ها در مجموعه‌ی آموزشی پیشرفته انجام می‌شود. بنابراین مربی در سطح مقدماتی تعریف قطعی و کامل ارائه نمی‌دهد؛ آنچه می‌گوید همان چیزی است که در جلسه‌ی ۱۴ آمده — الگوی V یعنی بازگشت کامل قیمت به نقطه‌ی شروع همان حرکت — و بلافاصله اضافه می‌کند که شرح کامل این دو مفهوم در دوره‌ی پیشرفته است. همچنین توجه داشته باشید که واژه‌ی «بریک‌ایون» در ادبیات عمومی معامله‌گری به نقطه‌ی سربه‌سر معامله (سود و زیان صفر) گفته می‌شود؛ مربی این دو کاربرد را از هم جدا نگه می‌دارد و هیچ‌کدام را به‌جای دیگری معرفی نمی‌کند.,guidance,,مالک پروژه,منبع: ACA-CLR-0003
official,سیاست‌های آکادمی,مسیر بک‌تست چیه؟,"این تنها مسیر رسمی آکادمی است و جایگزین همه‌ی روایت‌های دیگری می‌شود که در پاسخ‌های منتورها آمده بود.
۱) همه‌ی ویدیوهای استراتژی‌نویسی را کامل ببینید و نت‌برداری کنید.
۲) دوباره مرور کنید و هم‌زمان تمرین‌ها را انجام دهید.
۳) ۱۰ تا ۱۵ استراتژی طراحی کنید و حداقل یک سال گذشته‌ی بازار را بک‌تست بگیرید. این یک سال به سه بازه‌ی چهارماهه تقسیم می‌شود:
   • چهار ماه نخست — همه‌ی سشن‌ها با همه‌ی استراتژی‌ها؛ استراتژی‌های ضعیف و کم‌بازده‌ترین سشن حذف می‌شوند.
   • چهار ماه دوم — تمرکز بر استراتژی‌ها و سشن‌های برتر؛ حذف دوباره‌ی ضعیف‌ها و انتخاب یک سشن برتر.
   • چهار ماه پایانی — فقط یک سشن و استراتژی‌های موفق؛ افزودن فیلترهای معاملاتی و تعیین حد ضرر متناسب با دیدگاه خودتان.
۴) فایل نهایی شامل استراتژی‌ها، نتایج بک‌تست یک‌ساله و تریدینگ پلن را برای بررسی بفرستید؛ در صورت تأیید، وارد مرحله‌ی فوروارد تست می‌شوید.
قواعد ثبت در اکسل: هر معامله یک ردیف مستقل (تاریخ تکرار می‌شود)؛ اگر استراتژی کمتر از هدف (مثلاً TP2) بدهد در اکسل منفی ۱ ثبت می‌شود؛ و سشنی که ورود در آن انجام شده ثبت می‌شود، نه سشنی که تارگت در آن خورده است.",guidance,,مالک پروژه,منبع: ACA-CLR-0004 | ⚠️ روایت‌های دیگری که ممکن است دانشجو شنیده باشد (سه ماه سپس یک سال؛ ۴+۴+۴ با انتخاب ۵ استراتژی؛ «حداقل ۱۰ مورد بر مبنای چرخه‌ها») خلاصه‌های ناقص همین مسیرند. مربی همیشه همین متن را می‌دهد و اگر دانشجو مسیر دیگری را شروع کرده، او را به منتور ارجاع می‌دهد تا تکلیف کار انجام‌شده روشن شود. | تعارض: CONF-0006
official,اکسپرت SSProX,اکسپرت رو کجا کپی کنم؟,"مسیر نصب برای هر دو نسخه‌ی متاتریدر یکسان است؛ فقط نام پوشه فرق می‌کند: در متاتریدر ۴ پوشه‌ی MQL4 > Experts و در متاتریدر ۵ پوشه‌ی MQL5 > Experts.
پس از کپی کردن فایل، متاتریدر باید یک بار Refresh یا Restart شود تا اکسپرت در پنجره‌ی Navigator دیده شود.

• متاتریدر را باز کنید.
• از منوی File گزینه‌ی Open Data Folder را انتخاب کنید.
• در متاتریدر ۴ وارد پوشه‌ی MQL4 > Experts و در متاتریدر ۵ وارد MQL5 > Experts شوید.
• فایل اکسپرت را داخل همین پوشه کپی کنید.
• متاتریدر را یک بار Refresh یا Restart کنید.
• اکسپرت را از Navigator روی چارت بیندازید.",guidance,,آکادمی سبحان صمدی — راهنمای رسمی اکسپرت SSProX نسخه ۱.۳,منبع: ACA-EXP-0001
official,اکسپرت SSProX,اکسپرتم نمیاد,اگر فایل در پوشه‌ی درست کپی شده اما اکسپرت در Navigator دیده نمی‌شود، در بیشتر موارد با Refresh یا اجرای مجدد متاتریدر برطرف می‌شود.,guidance,,آکادمی سبحان صمدی — راهنمای رسمی اکسپرت SSProX نسخه ۱.۳,منبع: ACA-EXP-0002
official,اکسپرت SSProX,نسخه قبلی رو پاک کنم؟,هنگام نصب نسخه‌ی جدید اکسپرت، بهتر است ابتدا نسخه‌ی قبلی از پوشه‌ی Experts حذف شود تا تداخل ایجاد نشود و به اشتباه نسخه‌ی قدیمی اجرا نگردد.,policy,,آکادمی سبحان صمدی — راهنمای رسمی اکسپرت SSProX نسخه ۱.۳,منبع: ACA-EXP-0003
official,اکسپرت SSProX,روی متاتریدر ۵ هم کار می‌کنه؟,اکسپرت روی هر دو نسخه‌ی متاتریدر قابل استفاده است، اما برای هر نسخه فایل جداگانه‌ای ارائه شده است. باید دقیقاً فایل مخصوص همان نسخه نصب شود.,fact,,آکادمی سبحان صمدی — راهنمای رسمی اکسپرت SSProX نسخه ۱.۳,منبع: ACA-EXP-0004 | فایل MT4 روی MT5 و برعکس کار نمی‌کند؛ باید فایل متناسب با نسخه نصب شود.
official,اکسپرت SSProX,الگو تریدینگ چیه؟,پس از قرار دادن اکسپرت روی چارت، گزینه‌ی Algo Trading (در متاتریدر ۴: Auto Trading) حتماً باید فعال باشد. اگر این دکمه خاموش یا قرمز باشد، اکسپرت هیچ معامله‌ای باز نمی‌کند. دکمه‌ی سبز/فعال یعنی اکسپرت اجازه‌ی ارسال سفارش دارد.,policy,,آکادمی سبحان صمدی — راهنمای رسمی اکسپرت SSProX نسخه ۱.۳,منبع: ACA-EXP-0005
official,اکسپرت SSProX,Launch می‌زنم اتفاقی نمی‌افته,سند رسمی پنج علت را فهرست کرده است. اگر همه‌ی این موارد درست باشد، اکسپرت معامله را باز خواهد کرد.,guidance,,آکادمی سبحان صمدی — راهنمای رسمی اکسپرت SSProX نسخه ۱.۳,منبع: ACA-EXP-0006
official,اکسپرت SSProX,روی بروکر خودم کار می‌کنه؟,اگر از بروکری غیر از بروکر پیشنهادی آکادمی استفاده می‌کنید، ابتدا باید اکسپرت را روی حساب دموی همان بروکر تست کنید. قوانین حجم معامله، اسپرد و مشخصات نمادها بین بروکرها متفاوت است.,policy,,آکادمی سبحان صمدی — راهنمای رسمی اکسپرت SSProX نسخه ۱.۳,منبع: ACA-EXP-0007
official,اکسپرت SSProX,با هر بروکری کار می‌کنه؟,اکسپرت روی بروکرهای مختلف قابل استفاده است، اما رفتار آن به قوانین هر بروکر وابسته است: حداقل حجم، گام افزایش حجم، اسپرد و مشخصات نمادها. به همین دلیل عملکرد باید پیش از استفاده‌ی واقعی روی دموی همان بروکر بررسی شود.,fact,,آکادمی سبحان صمدی — راهنمای رسمی اکسپرت SSProX نسخه ۱.۳,منبع: ACA-EXP-0008
official,اکسپرت SSProX,اگه ضرر کردم مسئولیتش با کیه؟,مسئولیت استفاده از اکسپرت با آکادمی نیست. اکسپرت فقط ابزاری برای مدیریت سرمایه و اجرای سریع‌تر معاملات است. مسئولیت نهایی مدیریت حساب، انتخاب معاملات و استفاده‌ی صحیح از اکسپرت بر عهده‌ی خود معامله‌گر است.,policy,,آکادمی سبحان صمدی — راهنمای رسمی اکسپرت SSProX نسخه ۱.۳,منبع: ACA-EXP-0009 | اکسپرت تصمیم معاملاتی نمی‌گیرد و سیگنال نمی‌دهد.
official,اکسپرت SSProX,چرا ریسکم دقیق نیست؟,"اکسپرت مقدار ریسک را کاملاً دقیق محاسبه می‌کند، اما در نهایت باید معامله را با حجمی باز کند که بروکر اجازه‌ی آن را می‌دهد. متاتریدر و بروکر اجازه‌ی باز کردن هر حجمی را نمی‌دهند؛ برای مثال ممکن است حجم دقیق موردنیاز ۰.۰۱۵ لات باشد ولی بروکر فقط ۰.۰۱ و ۰.۰۲ لات را بپذیرد.
در چنین حالتی اکسپرت مجبور است یکی از دو حجم مجاز را انتخاب کند، پس ریسک واقعی ممکن است کمی کمتر یا کمی بیشتر از مقدار تعیین‌شده شود. این طبیعی است و به معنی اشتباه بودن محاسبات اکسپرت نیست.",guidance,,آکادمی سبحان صمدی — راهنمای رسمی اکسپرت SSProX نسخه ۱.۳,منبع: ACA-EXP-0010
official,اکسپرت SSProX,چرا کمتر از ریسکم باز کرد؟,"فرض کنید می‌خواهید در هر معامله ۱۰ دلار ریسک کنید. با توجه به فاصله‌ی حد ضرر، اکسپرت محاسبه می‌کند که حجم مناسب جایی بین ۰.۰۱ و ۰.۰۲ لات است:
• حجم ۰.۰۱ لات ← ریسک ۷ دلار
• حجم ۰.۰۲ لات ← ریسک ۱۴ دلار
در نسخه‌های قبلی، مهم‌ترین قانون اکسپرت این بود که تحت هیچ شرایطی از ریسک تعیین‌شده عبور نکند؛ پس همیشه ۷ دلار (حجم پایین‌تر) را انتخاب می‌کرد، حتی اگر فاصله‌اش با ۱۰ دلار بیشتر بود.",guidance,,آکادمی سبحان صمدی — راهنمای رسمی اکسپرت SSProX نسخه ۱.۳,منبع: ACA-EXP-0011 | زمان‌مند: اعداد و گزینه‌ها مربوط به نسخه‌ی ۱.۳ است و در نسخه‌های بعدی ممکن است تغییر کند.
official,اکسپرت SSProX,چرا روی داوجونز فرق داره؟,"روی نمادهایی مانند داوجونز (US30) معمولاً فاصله‌ی حد ضرر بزرگ‌تر است و هر تغییر کوچک در حجم، اختلاف دلاری بیشتری ایجاد می‌کند؛ بنابراین اختلاف بین دو حجم مجاز ممکن است چند دلار شود و بیشتر به چشم بیاید.
این موضوع مخصوص داوجونز نیست و روی هر نمادی ممکن است رخ دهد، اما در نمادهایی که ارزش هر واحد حرکت قیمت بیشتر است محسوس‌تر است.",guidance,,آکادمی سبحان صمدی — راهنمای رسمی اکسپرت SSProX نسخه ۱.۳,منبع: ACA-EXP-0012
official,اکسپرت SSProX,گزینه جدید نسخه ۱.۳ چیه؟,"در نسخه‌ی ۱.۳ گزینه‌ای اضافه شده تا ریسک واقعی به مقدار دلخواه نزدیک‌تر شود. شما تعیین می‌کنید اکسپرت حداکثر چه درصدی افزایش ریسک را مجاز بداند.
برای مثال با تنظیم ۱۵ درصد و ریسک تعیین‌شده‌ی ۱۰ دلار، اکسپرت اجازه دارد تا حدود ۱۱.۵ دلار ریسک کند. اگر حجم بعدی باعث شود ریسک از این محدوده بیشتر شود، اکسپرت آن را انتخاب نمی‌کند و همان حجم پایین‌تر را باز می‌کند.
مقدار پیش‌فرض: ۱۵ درصد. اگر روی صفر گذاشته شود، اکسپرت دقیقاً مثل نسخه‌های قبلی رفتار می‌کند و هرگز از ریسک تعیین‌شده عبور نمی‌کند.
این قابلیت روی معاملات Pending هم اعمال می‌شود و هیچ تغییری در استراتژی، تحلیل، حد ضرر یا حد سود ایجاد نمی‌کند — فقط مربوط به محاسبه‌ی حجم است.",guidance,,آکادمی سبحان صمدی — راهنمای رسمی اکسپرت SSProX نسخه ۱.۳,منبع: ACA-EXP-0013 | زمان‌مند: اعداد و گزینه‌ها مربوط به نسخه‌ی ۱.۳ است و در نسخه‌های بعدی ممکن است تغییر کند. | مقدار پیش‌فرض ۱۵٪ است و کاربر می‌تواند آن را تغییر دهد. | با مقدار صفر، رفتار اکسپرت به نسخه‌های پیش از ۱.۳ برمی‌گردد.
official,اکسپرت SSProX,یه مثال بزن,"فرض کنید: موجودی حساب ۱۰۰۰ دلار، ریسک تعیین‌شده ۱ درصد (یعنی ریسک هدف ۱۰ دلار)، تلرانس افزایش ریسک ۱۵ درصد.
اکسپرت دو گزینه دارد:
• حجم ۰.۰۱ لات ← ریسک ۷ دلار
• حجم ۰.۰۲ لات ← ریسک ۱۱ دلار
چون ۱۱ دلار فقط ۱۰ درصد بیشتر از هدف است و زیر تلرانس ۱۵ درصد قرار می‌گیرد، اکسپرت حجم دوم را انتخاب می‌کند.
اما اگر گزینه‌ی دوم ریسک را به ۱۴ دلار می‌رساند (۴۰ درصد بیشتر از هدف)، اکسپرت آن را انتخاب نمی‌کرد.",guidance,,آکادمی سبحان صمدی — راهنمای رسمی اکسپرت SSProX نسخه ۱.۳,منبع: ACA-EXP-0014 | زمان‌مند: اعداد و گزینه‌ها مربوط به نسخه‌ی ۱.۳ است و در نسخه‌های بعدی ممکن است تغییر کند.
official,اکسپرت SSProX,فعالش کنم یا نه؟,"سند رسمی هر دو حالت را مجاز می‌داند و انتخاب را به سبک مدیریت سرمایه‌ی معامله‌گر واگذار می‌کند:
• اگر ترجیح می‌دهید تحت هیچ شرایطی حتی کمی بیشتر از ریسک تعیین‌شده ضرر نکنید → غیرفعال کنید (مقدار صفر).
• اگر برایتان مهم‌تر است ریسک واقعی تا حد امکان به مقدار هدف نزدیک باشد → فعال نگه دارید.
توصیه‌ی سند: برای اکثر کاربران مقدار پیش‌فرض مناسب است و نیازی به تغییر ندارد. بالا بردن بیش از حد این عدد باعث می‌شود ریسک واقعی از برنامه‌ی مدیریت سرمایه فاصله بگیرد.",policy,,آکادمی سبحان صمدی — راهنمای رسمی اکسپرت SSProX نسخه ۱.۳,منبع: ACA-EXP-0015 | زمان‌مند: اعداد و گزینه‌ها مربوط به نسخه‌ی ۱.۳ است و در نسخه‌های بعدی ممکن است تغییر کند. | افزایش بیش از حد این مقدار، ریسک واقعی را از پلن مدیریت سرمایه دور می‌کند.
official,اکسپرت SSProX,فرق نسخه جدید با قبلی چیه؟,تفاوت اصلی این دو نسخه فقط در نحوه‌ی انتخاب حجم هنگام محدودیت گام حجم بروکر است.,fact,,آکادمی سبحان صمدی — راهنمای رسمی اکسپرت SSProX نسخه ۱.۳,منبع: ACA-EXP-0016 | زمان‌مند: اعداد و گزینه‌ها مربوط به نسخه‌ی ۱.۳ است و در نسخه‌های بعدی ممکن است تغییر کند.
official,اکسپرت SSProX,اکسپرت اشتباه حساب می‌کنه؟,شایع‌ترین برداشت غلط درباره‌ی اکسپرت این است که اختلاف بین ریسک هدف و ریسک واقعی را به خطای محاسبه نسبت می‌دهند. سند رسمی این را رد می‌کند: محاسبه درست است و اختلاف از محدودیت حجم‌های قابل معامله در بروکر می‌آید — اختلافی که در تمام نرم‌افزارهای مدیریت سرمایه هم وجود دارد. تا وقتی اختلاف در محدوده‌ی مجاز باشد، عملکرد اکسپرت صحیح است.,guidance,,آکادمی سبحان صمدی — راهنمای رسمی اکسپرت SSProX نسخه ۱.۳,منبع: ACA-EXP-0017
official,اکسپرت SSProX,ریسک لاین چیه؟,Risk Line ابزاری در اکسپرت است که پیش از باز کردن معامله، محل حد ضرر را روی نمودار مشخص می‌کند. پس از تعیین محل حد ضرر، اکسپرت خودکار فاصله‌ی حد ضرر را محاسبه می‌کند و بر اساس مقدار ریسک تعیین‌شده، حجم مناسب معامله را می‌سازد.,fact,,آکادمی سبحان صمدی — راهنمای رسمی اکسپرت SSProX نسخه ۱.۳,منبع: ACA-EXP-0018
official,اکسپرت SSProX,چطور با اکسپرت معامله باز کنم؟,"با Risk Line دیگر نیازی به محاسبه‌ی دستی حجم نیست: فقط محل حد ضرر و مقدار ریسک را مشخص می‌کنید و اکسپرت بقیه‌ی محاسبات را انجام می‌دهد.

• روی دکمه‌ی Risk Line کلیک کنید.
• خط قرمز را روی محل حد ضرر خود قرار دهید.
• از درست بودن محل حد ضرر مطمئن شوید.
• روی دکمه‌ی Launch کلیک کنید.",guidance,,آکادمی سبحان صمدی — راهنمای رسمی اکسپرت SSProX نسخه ۱.۳,منبع: ACA-EXP-0019
official,اکسپرت SSProX,اگه استاپ رو جابه‌جا کنم چی می‌شه؟,"هر بار که محل حد ضرر (یا در سفارش Pending، محل ورود) تغییر کند، اکسپرت فاصله را دوباره محاسبه و حجم معامله را متناسب با آن به‌روزرسانی می‌کند.
پس از باز شدن معامله هم می‌توانید حد ضرر و حد سود را مانند هر معامله‌ی دیگر متاتریدر به‌صورت دستی تغییر دهید.",guidance,,آکادمی سبحان صمدی — راهنمای رسمی اکسپرت SSProX نسخه ۱.۳,منبع: ACA-EXP-0020
official,اکسپرت SSProX,پندینگ لاین چیه؟,"Pending Line برای زمانی است که نمی‌خواهید معامله را در قیمت فعلی باز کنید و می‌خواهید سفارش در قیمت دلخواه ثبت شود تا با رسیدن قیمت، خودکار فعال شود.
در سفارش Pending دو قیمت باید مشخص شود — محل ورود و محل حد ضرر — بنابراین اکسپرت دو خط روی نمودار نمایش می‌دهد. حجم سفارش Pending هم دقیقاً مثل معاملات Market بر اساس فاصله‌ی ورود تا حد ضرر و مقدار ریسک محاسبه می‌شود.",fact,,آکادمی سبحان صمدی — راهنمای رسمی اکسپرت SSProX نسخه ۱.۳,منبع: ACA-EXP-0021
official,اکسپرت SSProX,چه نوع اردری ثبت می‌کنه؟,"لازم نیست خودتان Buy Stop، Buy Limit، Sell Stop یا Sell Limit را انتخاب کنید. اکسپرت فقط محل ورود را با قیمت فعلی بازار مقایسه می‌کند و سفارش مناسب را خودکار ثبت می‌کند:
• خرید، ورود بالاتر از قیمت فعلی ← Buy Stop
• خرید، ورود پایین‌تر از قیمت فعلی ← Buy Limit
• فروش، ورود پایین‌تر از قیمت فعلی ← Sell Stop
• فروش، ورود بالاتر از قیمت فعلی ← Sell Limit
پس نیازی به حفظ کردن انواع سفارش‌های Pending نیست. اگر نوع سفارش چیزی نبود که انتظار داشتید، علتش موقعیت قیمت ورود نسبت به قیمت فعلی است.",guidance,,آکادمی سبحان صمدی — راهنمای رسمی اکسپرت SSProX نسخه ۱.۳,منبع: ACA-EXP-0022
official,اکسپرت SSProX,بریک ایون کجاست؟,با فشردن این دکمه، حد ضرر معامله روی نقطه‌ی ورود قرار می‌گیرد؛ در این حالت اگر قیمت برگردد و حد ضرر فعال شود، معامله بدون سود و بدون ضرر بسته می‌شود. معمولاً وقتی استفاده می‌شود که معامله وارد سود شده و می‌خواهید از سرمایه محافظت کنید.,guidance,,آکادمی سبحان صمدی — راهنمای رسمی اکسپرت SSProX نسخه ۱.۳,منبع: ACA-EXP-0023 | مربی زمان بریک‌ایون را برای کاربر تعیین نمی‌کند؛ این تصمیم متعلق به استراتژی خود اوست. | ⚠️ زمان مشخص و ثابتی برای این کار وجود ندارد و به استراتژی خود شما بستگی دارد. سند رسمی برای زمان بریک‌ایون عدد یا قاعده‌ای تعیین نمی‌کند؛ اگر قوانین استراتژی شما این زمان را مشخص کرده باشد، با یک کلیک انجام می‌شود.
official,اکسپرت SSProX,هاف کلوز چیکار می‌کنه؟,"این دکمه ۵۰ درصد حجم معامله را می‌بندد و ۵۰ درصد باقی‌مانده را باز نگه می‌دارد؛ مثلاً از حجم ۱ لات، ۰.۵ لات بسته و ۰.۵ لات باز می‌ماند.
می‌توان چند بار از آن استفاده کرد: هر بار نصف حجم باقی‌مانده بسته می‌شود.",guidance,,آکادمی سبحان صمدی — راهنمای رسمی اکسپرت SSProX نسخه ۱.۳,منبع: ACA-EXP-0024
official,اکسپرت SSProX,کلوز آل چیه؟,"با فشردن این دکمه همه‌ی معاملات باز به‌صورت هم‌زمان بسته می‌شوند — برای زمانی که می‌خواهید خیلی سریع از تمام معاملات خارج شوید.
درباره‌ی سفارش‌های Pending: به تنظیمات اکسپرت بستگی دارد. اگر گزینه‌ی مربوط به حذف سفارش‌های Pending فعال باشد آن‌ها هم حذف می‌شوند؛ در غیر این صورت فقط معاملات باز بسته می‌شوند و سفارش‌های Pending باقی می‌مانند.",guidance,,آکادمی سبحان صمدی — راهنمای رسمی اکسپرت SSProX نسخه ۱.۳,منبع: ACA-EXP-0025 | رفتار نسبت به سفارش‌های Pending به تنظیمات اکسپرت بستگی دارد.
official,اکسپرت SSProX,تی پی اتو چیه؟,"اگر TP Auto فعال باشد، اکسپرت هنگام باز کردن معامله حد سود را هم خودکار ثبت می‌کند و مقدارش بر اساس تنظیمات بخش Inputs است.
اگر غیرفعال باشد، اکسپرت فقط معامله را باز می‌کند و حد سودی ثبت نمی‌شود؛ در این حالت باید خودتان حد سود را تعیین کنید. پس از باز شدن معامله هم مانند هر معامله‌ی دیگر متاتریدر می‌توانید حد سود را ویرایش یا حذف کنید.",guidance,,آکادمی سبحان صمدی — راهنمای رسمی اکسپرت SSProX نسخه ۱.۳,منبع: ACA-EXP-0026
official,اکسپرت SSProX,این اعداد روی چارت چیه؟,"با فعال بودن این گزینه، هنگام جابه‌جا کردن Risk Line یا Pending Line اطلاعات معامله روی نمودار نشان داده می‌شود: حجم معامله، مقدار ریسک دلاری، فاصله‌ی حد ضرر و مقدار ریسک بر اساس تنظیمات فعلی.
این اطلاعات فقط کمک‌کننده‌ی تصمیم‌گیری‌اند و روی عملکرد اکسپرت اثری ندارند؛ با غیرفعال کردن آن، اکسپرت همه‌ی محاسبات را انجام می‌دهد ولی چیزی روی چارت نشان نمی‌دهد.
گزینه‌ی «فاصله‌ی نمایش اطلاعات از سمت راست نمودار» فقط محل نمایش را جابه‌جا می‌کند و هیچ تأثیری روی محاسبات یا معاملات ندارد.",fact,,آکادمی سبحان صمدی — راهنمای رسمی اکسپرت SSProX نسخه ۱.۳,منبع: ACA-EXP-0027
official,اکسپرت SSProX,اگه اشتباه عدد بزنم چی؟,"این گزینه سقف ریسک هر معامله را قفل می‌کند تا خطای انسانی جلوی زیان بزرگ را بگیرد.
مثال سند: اگر هنگام باز کردن معامله به اشتباه ریسک را روی ۵ درصد بگذارید در حالی که پلن معاملاتی‌تان بیش از ۲ درصد اجازه نمی‌دهد، با تنظیم سقف روی ۲ درصد، اکسپرت اجازه‌ی باز کردن معامله با ریسک ۵ درصد را نمی‌دهد.
این قابلیت دقیقاً برای جلوگیری از اشتباهات انسانی طراحی شده است.",policy,,آکادمی سبحان صمدی — راهنمای رسمی اکسپرت SSProX نسخه ۱.۳,منبع: ACA-EXP-0028
official,اکسپرت SSProX,چرا حجم خیلی بزرگ شد؟,"این گزینه مشخص می‌کند اکسپرت تحت هیچ شرایطی بیشتر از حجم تعیین‌شده معامله باز نکند؛ مثلاً با سقف ۲ لات، حتی اگر محاسبات ۳ لات را نشان دهد، معامله بیش از ۲ لات باز نمی‌شود.
دلیل وجودش: گاهی به دلیل کوچک بودن فاصله‌ی حد ضرر یا اشتباه کاربر، حجم محاسبه‌شده بسیار بزرگ می‌شود؛ این گزینه جلوی باز شدن معامله با حجم غیرعادی را می‌گیرد.",policy,,آکادمی سبحان صمدی — راهنمای رسمی اکسپرت SSProX نسخه ۱.۳,منبع: ACA-EXP-0029
official,اکسپرت SSProX,ضرر روزانه چیه؟,"شما مشخص می‌کنید در طول یک روز حداکثر چند درصد از حساب را حاضرید از دست بدهید. اگر مجموع ضررهای همان روز به این مقدار برسد، اکسپرت دیگر اجازه‌ی باز کردن معامله‌ی جدید نمی‌دهد و بهتر است معامله را به روز بعد موکول کنید. با مقدار صفر این محدودیت غیرفعال می‌شود.
چرا مهم است: بسیاری از معامله‌گران بعد از چند معامله‌ی ناموفق از روی احساسات وارد معامله‌ی جدید می‌شوند تا ضرر را جبران کنند؛ سند رسمی این را «یکی از رایج‌ترین دلایل از دست دادن حساب معاملاتی» می‌داند. این قابلیت معاملات را متوقف می‌کند تا با آرامش شرایط بازار را دوباره بررسی کنید.",policy,,آکادمی سبحان صمدی — راهنمای رسمی اکسپرت SSProX نسخه ۱.۳,منبع: ACA-EXP-0030
official,اکسپرت SSProX,اسپرد چرا زیاد می‌شه؟,"اکسپرت پیش از باز کردن معامله مقدار اسپرد را بررسی می‌کند؛ اگر اسپرد از مقدار تعیین‌شده بیشتر باشد، معامله باز نمی‌شود.
اسپرد ممکن است به‌طور موقت زیاد شود در: زمان انتشار اخبار مهم اقتصادی، باز و بسته شدن بازار، ساعات کم‌حجم بازار، و نوسانات شدید. سند رسمی می‌گوید ورود به معامله در چنین شرایطی معمولاً منطقی نیست، و اگر معامله باز نشد، اسپرد می‌تواند یکی از علت‌ها باشد.",policy,,آکادمی سبحان صمدی — راهنمای رسمی اکسپرت SSProX نسخه ۱.۳,منبع: ACA-EXP-0031
official,اکسپرت SSProX,ریسک پیش‌فرض چطور تنظیم می‌شه؟,"ریسک پیش‌فرض معاملات: تعیین می‌کند هنگام اجرای اکسپرت، مقدار اولیه‌ی ریسک روی چند درصد باشد؛ مثلاً با تنظیم ۱ درصد، هر بار اکسپرت با ریسک ۱ درصد بالا می‌آید. پیش از هر معامله می‌توان این مقدار را تغییر داد.
برای معاملات Market و Pending می‌توان مقدار پیش‌فرض جداگانه تعیین کرد — هم برای ریسک و هم برای Take Profit.",fact,,آکادمی سبحان صمدی — راهنمای رسمی اکسپرت SSProX نسخه ۱.۳,منبع: ACA-EXP-0032
official,اکسپرت SSProX,میانبرها چیه؟,"Hotkey اجازه می‌دهد بدون کلیک کردن روی گزینه‌های اکسپرت، امکانات را سریع‌تر اجرا کنید — به‌ویژه وقتی نمودار شلوغ است یا ابزار اکسپرت در گوشه‌ی دیگری از صفحه است.
ابتدا باید در تنظیمات اکسپرت گزینه‌ی فعال‌سازی Hotkey روشن شود. کلیدها:
• R — فعال کردن سریع Risk Line روی نمودار
• Tab — باز کردن معامله‌ی Market پس از مشخص شدن Risk Line
• P — فعال کردن ابزار Pending Line
• Enter — ثبت سفارش Pending پس از تنظیم خطوط
• Backspace — بستن تمام معاملات باز",fact,,آکادمی سبحان صمدی — راهنمای رسمی اکسپرت SSProX نسخه ۱.۳,منبع: ACA-EXP-0033 | کلید Backspace بلافاصله همه‌ی معاملات باز را می‌بندد.
official,اکسپرت SSProX,کلیدهای میانبر کار نمی‌کنه,چهار مورد باید هم‌زمان برقرار باشد تا Hotkey کار کند.,guidance,,آکادمی سبحان صمدی — راهنمای رسمی اکسپرت SSProX نسخه ۱.۳,منبع: ACA-EXP-0034
official,اکسپرت SSProX,چرا هیچ معامله‌ای باز نمی‌شه؟,سند رسمی پنج علت را برای باز نشدن معامله فهرست کرده است.,guidance,,آکادمی سبحان صمدی — راهنمای رسمی اکسپرت SSProX نسخه ۱.۳,منبع: ACA-EXP-0035
official,اکسپرت SSProX,حجم صفر می‌ده,حجم صفر یا غیرعادی معمولاً به ورودی‌های معامله یا مشخصات نماد برمی‌گردد، نه به خطای اکسپرت.,guidance,,آکادمی سبحان صمدی — راهنمای رسمی اکسپرت SSProX نسخه ۱.۳,منبع: ACA-EXP-0036 | حجم را اکسپرت بر اساس ریسک، فاصله‌ی حد ضرر، موجودی حساب و قوانین حجم بروکر می‌سازد؛ حجم دلخواه دستی انتخاب نمی‌شود.
official,اکسپرت SSProX,چرا کنار اکسپرت ضربدر قرمزه؟,این علامت معمولاً یعنی اکسپرت فعال نیست یا Algo Trading خاموش است.,guidance,,آکادمی سبحان صمدی — راهنمای رسمی اکسپرت SSProX نسخه ۱.۳,منبع: ACA-EXP-0037
official,اکسپرت SSProX,اردر پندینگم ثبت نشد,چهار علت رایج برای ثبت نشدن سفارش Pending.,guidance,,آکادمی سبحان صمدی — راهنمای رسمی اکسپرت SSProX نسخه ۱.۳,منبع: ACA-EXP-0038
official,اکسپرت SSProX,تنظیماتم اعمال نمی‌شه,"پس از تغییر بعضی تنظیمات، لازم است اکسپرت دوباره روی نمودار اجرا شود تا تنظیمات جدید اعمال گردد.

• اکسپرت را از روی نمودار حذف کنید.
• دوباره آن را روی نمودار قرار دهید.
• تنظیمات جدید را اعمال کنید.",guidance,,آکادمی سبحان صمدی — راهنمای رسمی اکسپرت SSProX نسخه ۱.۳,منبع: ACA-EXP-0039
official,اکسپرت SSProX,روی چند جفت‌ارز هم‌زمان بذارم؟,می‌توان اکسپرت را هم‌زمان روی چند نمودار اجرا کرد، اما مدیریت معاملات و ریسک هر نمودار باید جداگانه بررسی شود.,fact,,آکادمی سبحان صمدی — راهنمای رسمی اکسپرت SSProX نسخه ۱.۳,منبع: ACA-EXP-0040 | ریسک کل حساب با اجرای هم‌زمان روی چند نمودار جمع می‌شود؛ سقف‌ها را جداگانه بسنجید.
official,اکسپرت SSProX,روی گوشی کار می‌کنه؟,"اکسپرت‌های متاتریدر فقط روی نسخه‌ی دسکتاپ متاتریدر اجرا می‌شوند.
✅ تأییدشده توسط مالک آکادمی (D-0019):
• ویندوز — کار می‌کند
• مک (مکینتاش) — کار می‌کند
• اندروید — کار نمی‌کند
• iOS (آیفون و آیپد) — کار نمی‌کند
اگر کاربر می‌خواهد اکسپرت همیشه فعال باشد بدون اینکه کامپیوترش روشن بماند، راهکار VPS است، نه موبایل.",fact,,آکادمی سبحان صمدی — راهنمای رسمی اکسپرت SSProX نسخه ۱.۳,منبع: ACA-EXP-0041 | کاربر موبایل باید پیش از برنامه‌ریزی بداند اکسپرت روی گوشی اجرا نمی‌شود. | ⚠️ این موضوع با پلتفرم‌های پخش‌کننده‌ی دوره فرق دارد: اسپات پلیر روی اندروید هم کار می‌کند ولی روی iOS نه (ACA-SUP-0007).
official,اکسپرت SSProX,اگه کامپیوترم خاموش بشه چی؟,"برای فعال ماندن اکسپرت، متاتریدر باید باز و به اینترنت متصل باشد؛ با خاموش شدن کامپیوتر، اکسپرت به کار خود ادامه نمی‌دهد. اگر نیاز دارید اکسپرت دائماً فعال باشد، می‌توانید از VPS استفاده کنید.
درباره‌ی تنظیمات: اگر ذخیره شده باشند معمولاً قابل بازیابی‌اند، اما سند توصیه می‌کند پیش از تغییرات مهم از تنظیمات خود نسخه‌ی پشتیبان بگیرید.",fact,,آکادمی سبحان صمدی — راهنمای رسمی اکسپرت SSProX نسخه ۱.۳,منبع: ACA-EXP-0042
official,اکسپرت SSProX,اکسپرت جای استراتژی رو می‌گیره؟,"این جمع‌بندی رسمی سند است و مرز نقش اکسپرت را تعیین می‌کند: اکسپرت فقط ابزار اجرای سریع‌تر و دقیق‌تر مدیریت سرمایه است.
انتخاب موقعیت معاملاتی، تحلیل بازار، رعایت قوانین استراتژی و تصمیم نهایی معامله همچنان بر عهده‌ی معامله‌گر است.
پس مربی نباید اکسپرت را به‌عنوان راه‌حل ضعف استراتژی یا جایگزین یادگیری معرفی کند.",policy,,آکادمی سبحان صمدی — راهنمای رسمی اکسپرت SSProX نسخه ۱.۳,منبع: ACA-EXP-0043
official,اطلاعات آکادمی,SSProX چیه؟,"آکادمی اکسپرت SSProX را به‌صورت رسمی و کاملاً رایگان منتشر کرده است. کاری که می‌کند: در کسری از ثانیه حجم معامله را بر اساس میزان ریسکی که خودتان تعیین کرده‌اید محاسبه می‌کند. امکاناتی که در اعلان رسمی برشمرده شده:
• محاسبه‌ی خودکار حجم بر اساس ریسک
• افزایش سرعت و دقت در اجرای معاملات
• مدیریت آسان‌تر حد سود و حد ضرر
• کاهش خطاهای ناشی از محاسبات دستی
• ست کردن TP2 و نمایش اسپرد
روی متاتریدر ۴ و ۵ اجرا می‌شود و ویدیوی آموزشی جداگانه دارد.
نحوه‌ی کار (از پاسخ منتور، MQA-00037): شما حجم را دستی وارد نمی‌کنید — فقط ریسک‌لاین را مشخص می‌کنید و ابزار بر اساس فاصله‌ی حد ضرر، حجم را خودش تعیین می‌کند.
✅ وضعیت سیاستی (حل‌شده): متن با تصمیم D-0014 اصلاح شد و به محصولات بیرونی محدود گردید؛ ابزارهای رسمی خود آکادمی مانند SSProX از آن مستثنا هستند. مربی درباره‌ی عملکرد آن توضیح می‌دهد و نصب، راه‌اندازی و لایسنس را به پشتیبانی ارجاع می‌دهد.",fact,,آکادمی سبحان صمدی,منبع: ACA-OPS-0004 | مربی فقط توضیح عملکردی می‌دهد و هیچ اکسپرت بیرونی را پیشنهاد نمی‌کند. | نصب و راه‌اندازی و مسائل لایسنس به پشتیبانی انسانی ارجاع می‌شود. | 📘 راهنمای کامل محصول: سند رسمی پرسش و پاسخ اکسپرت (نسخه ۱.۳) در رکوردهای ACA-EXP-0001..0043 ثبت شده است — نصب، محاسبه‌ی حجم، Risk Line و Pending Line، تنظیمات، میانبرها و عیب‌یابی.
official,سیاست‌های آکادمی,از کدوم متاتریدر استفاده می‌کنید؟,دانشجویان آکادمی از هر دو پلتفرم متاتریدر ۴ و ۵ استفاده می‌کنند، بنابراین پاسخ‌های عملیاتی پلتفرم بدون مشخص بودن نسخه معتبر نیستند: مسیر منوها، انواع سفارش، مدیریت پوزیشن و حتی پیام‌های خطا بین دو نسخه فرق دارند. مربی ابتدا می‌پرسد «از متاتریدر ۴ استفاده می‌کنید یا ۵؟» و سپس فقط دانش همان پلتفرم را ارائه می‌دهد. اگر پاسخ در هر دو پلتفرم یکسان باشد (رکوردهای با دامنه‌ی BOTH) نیازی به پرسیدن نیست و می‌توان مستقیم پاسخ داد. اگر دانشجو نداند از کدام نسخه استفاده می‌کند، مربی راه تشخیص را می‌گوید: عنوان پنجره‌ی برنامه یا منوی Help > About نسخه را نشان می‌دهد.,policy,,مالک پروژه,منبع: ACA-RULE-0001 | فقط برای پرسش‌های عملیاتی پلتفرم لازم است، نه برای مفاهیم عمومی معامله‌گری. | اگر رکورد مرتبط platform_scope = BOTH داشته باشد، پرسیدن لازم نیست.
official,سیاست‌های آکادمی,کدوم اکسپرت خوبه؟,آکادمی سبحان صمدی هیچ اکسپرت، ربات معامله‌گر، سیگنال، کانال سیگنال یا سرویس کپی‌تریدینگ بیرونی را معرفی، تأیید یا پیشنهاد نمی‌کند. استثنا: ابزارهای رسمی خود آکادمی — مانند اکسپرت رایگان SSProX — مشمول این قاعده نیستند و مربی می‌تواند درباره‌ی عملکردشان توضیح بدهد؛ نصب، راه‌اندازی و مسائل لایسنس آن‌ها همچنان به پشتیبانی انسانی ارجاع می‌شود. درباره‌ی محصولات بیرونی، مربی نباید گزینه پیشنهاد دهد، بین محصولات مقایسه کند، درباره‌ی کیفیت یا سودآوری آن‌ها نظر بدهد یا لینک و منبع خرید معرفی کند. پاسخ درست این است که آکادمی در این حوزه پیشنهادی ندارد و دانشجو برای پیگیری به پشتیبانی انسانی ارجاع داده می‌شود. توضیح فنی درباره‌ی اینکه اکسپرت چیست و چگونه روی پلتفرم نصب و اجرا می‌شود مجاز است، چون بخشی از دانش عملیاتی متاتریدر است و توصیه به خرید محسوب نمی‌شود.,policy,,مالک پروژه,منبع: ACA-RULE-0002 | اظهارنظر درباره‌ی سودآوری محصولات مالی می‌تواند مسئولیت‌آور باشد. | شامل خرید، اجاره، معرفی، مقایسه و اظهارنظر درباره‌ی سودآوری این محصولات می‌شود.
official,سیاست‌های آکادمی,هزینه منتورینگ چقدره؟,مربی در این موارد پاسخ نمی‌سازد و دانشجو را به پشتیبانی انسانی ارجاع می‌دهد: پرسش درباره‌ی خرید اکسپرت، سیگنال یا کپی‌تریدینگ؛ قیمت، ظرفیت و شرایط ثبت‌نام منتورینگ تا زمانی که اطلاعات رسمی ثبت نشده است؛ مسائل مالی حساب مثل واریز، برداشت و اختلاف با بروکر؛ شکایت یا نارضایتی؛ درخواست تحلیل یا سیگنال شخصی؛ و هر پرسشی که پاسخ مستند در پایگاه دانش ندارد. در این موارد گفتن «نمی‌دانم و به پشتیبانی وصلتان می‌کنم» بسیار بهتر از ساختن پاسخ حدسی است.,policy,,مالک پروژه,منبع: ACA-RULE-0003 | ساختن پاسخ حدسی درباره‌ی قیمت، شرایط بروکر یا مسائل مالی، بدترین حالت ممکن است. | ارجاع باید با ذکر دلیل کوتاه انجام شود، نه به‌صورت رد کردن دانشجو.
official,سیاست‌های آکادمی,از کدوم صرافی تتر بخرم؟,وضعیت صرافی‌ها، مسیرهای واریز و برداشت و سیاست آکادمی درباره‌ی آن‌ها کاملاً وابسته به زمان است و ممکن است تغییر کند. بنابراین دو قاعده برقرار است: ۱) مربی نام هیچ صرافی‌ای را نمی‌برد؛ حتی اگر نام صرافی در ترنسکریپت دوره آمده باشد، آن نام فقط بخشی از روایت همان جلسه است و توصیه‌ی آکادمی نیست. ۲) هر پاسخ درباره‌ی صرافی، واریز، برداشت و شرایط تحریمی باید صریحاً بگوید که این اطلاعات زمان‌مند است و ممکن است سیاست تغییر کرده باشد، و دانشجو را به پشتیبانی انسانی ارجاع دهد. درباره‌ی توصیه‌های کیف پول در شرایط تحریم، مربی توضیح کلی می‌دهد اما دستورالعمل گام‌به‌گام اجرا نمی‌کند و به ویدیوی دوره و پشتیبانی انسانی ارجاع می‌دهد.,policy,,مالک پروژه,منبع: ACA-RULE-0004 | نام بردن از یک صرافی می‌تواند به‌عنوان توصیه‌ی مالی آکادمی تلقی شود. | توضیح مفهومی درباره‌ی تتر، کیف پول و شبکه‌ی انتقال مجاز است. | توضیح کلی درباره‌ی منطق کیف پول در شرایط تحریم مجاز است؛ اجرای گام‌به‌گام نه.
official,سیاست‌های آکادمی,رمز حسابمو بفرستم؟,آکادمی برای بررسی عملکرد، به‌صورت اختیاری از دانشجو شماره حساب و رمز Investor (فقط‌خواندنی) می‌خواهد. این یک فرایند انسانی است و به مربی هوش مصنوعی مربوط نمی‌شود. مربی: (۱) هیچ رمزی را نمی‌خواهد — نه رمز اصلی، نه رمز Investor، نه عبارت بازیابی ۱۲ کلمه‌ای کیف پول؛ (۲) اگر دانشجو خودش چنین چیزی فرستاد، بلافاصله می‌گوید که نباید ارسال شود و توصیه می‌کند رمز را تغییر دهد؛ (۳) دانشجو را برای بررسی حساب به مسیر انسانی پشتیبانی ارجاع می‌دهد. توضیح فنی درباره‌ی اینکه رمز Investor چیست و چطور در متاتریدر ساخته می‌شود مجاز است (Tools → Options → تب Server → Change → Change Investor Password)، اما گرفتن آن نه.,policy,,مالک پروژه,منبع: ACA-RULE-0005 | ارسال رمز به هر ربات یا حساب ناشناس، رایج‌ترین مسیر کلاهبرداری از دانشجوهاست. | توضیح مفهومی درباره‌ی رمز Investor و نحوه‌ی ساخت آن مجاز است.
official,سیاست‌های آکادمی,پشتیبانی آکادمی کجاست؟,"نشانی‌های رسمی و تأییدشده‌ی آکادمی سبحان صمدی:
• پشتیبانی عمومی: @sobhansforex
• پشتیبانی لایسنس: @samadiforex
• کانال رسمی تلگرام: @sobhanforex
• اینستاگرام: @sobhansamaddi
• وب‌سایت: sobhansamadi.com
• پشتیبانی Spot Player: @spotplayer
• لینک بروکر فقط از دکمه‌ی «🏦 بروکر معتمد» در ربات ارائه می‌شود.",fact,,آکادمی سبحان صمدی (سند رسمی پشتیبانی v1.0),منبع: ACA-SUP-0001 | ساختن یا حدس زدن لینک، مطلقاً ممنوع است. | نشانی‌ها ممکن است تغییر کنند؛ در صورت تردید به پشتیبانی عمومی ارجاع شود. | ⚠️ مربی هرگز لینک یا نشانی تازه‌ای نمی‌سازد. هر نشانی‌ای غیر از این فهرست، رسمی نیست — و این دقیقاً همان هشداری است که مدرس در جلسه‌ی دوم دوره داد (ACA-INT-0021).
official,سیاست‌های آکادمی,سبحان صمدی کیه؟,"آنچه درباره‌ی سبحان صمدی مجاز است گفته شود:
• حدود ۸ سال سابقه‌ی فعالیت در بازارهای مالی و فارکس.
• سبک‌های مختلف را تجربه کرده و تمرکز نهایی‌اش روی Price Action است.
• ترجیحاً روی شاخص داوجونز فعالیت معاملاتی دارد.
• تأیید نهایی آمادگی دانشجویان برای ورود به حساب ریل با خود ایشان است.",fact,,آکادمی سبحان صمدی (سند رسمی پشتیبانی v1.0),منبع: ACA-SUP-0002
official,سیاست‌های آکادمی,کجا زندگی می‌کنه؟,"مربی درباره‌ی اطلاعات شخصی یا خصوصی سبحان صمدی هیچ پاسخ حدسی یا افشاگرانه‌ای نمی‌دهد — از جمله: سن، محل زندگی، درآمد، میزان سرمایه یا دارایی شخصی، اطلاعات خانوادگی، و هر اطلاعات شخصی که در پایگاه دانش رسمی وجود ندارد.
پاسخ استاندارد: «در مورد اطلاعات شخصی ایشان اطلاعاتی برای ارائه ندارم.»
مربی این اطلاعات را حدس نمی‌زند، حتی اگر از منابع دیگری چیزی شنیده باشد.",policy,,آکادمی سبحان صمدی (سند رسمی پشتیبانی v1.0),منبع: ACA-SUP-0003
official,سیاست‌های آکادمی,چه دوره‌هایی دارید؟,"سه دوره‌ی اصلی:
۱) دوره مقدماتی — مفاهیم پایه‌ی فارکس و بازارهای مالی؛ آفلاین؛ هر جلسه ۳۰ تا ۴۵ دقیقه. مبتدی از جلسه‌ی اول شروع می‌کند؛ کسی که با مفاهیم اولیه آشناست می‌تواند از جلسه‌ی ۱۰ به بعد شروع کند.
۲) دوره پیشرفته — تحلیل تکنیکال، Price Action، مدیریت سرمایه و ریسک، روان‌شناسی معامله‌گری، استراتژی‌نویسی، ساخت پلن شخصی، بک‌تست، و آماده‌سازی برای ورود مسئولانه به بازار واقعی. محتوا ممکن است به‌روزرسانی شود و تعداد جلسات افزایش یابد.
۳) دوره روانشناسی — ذهنیت معامله‌گر، باورها و الگوهای ذهنی، عملکرد مغز در رفتارهای معاملاتی، شناخت و اصلاح رفتارهای مشکل‌ساز، افزایش خودکنترلی. دو بخش دارد: ذهنیت و روان‌شناسی آکادمیک. پیش‌نیاز ندارد و می‌تواند جداگانه تهیه شود.",fact,,آکادمی سبحان صمدی (سند رسمی پشتیبانی v1.0),منبع: ACA-SUP-0004
official,سیاست‌های آکادمی,چطور ثبت‌نام کنم؟,"مسیر ترجیحی آکادمی برای مبتدی: دوره مقدماتی → آزمون/تعیین سطح → مجموعه‌ی آموزشی پیشرفته → مشاوره و تماس تیم → ثبت‌نام → منتورینگ → ارزیابی و تأیید → آمادگی ورود به حساب ریل.
گام‌های عملی ثبت‌نام در دوره‌ی پیشرفته از داخل ربات انجام می‌شود و مربی هیچ مسیر فروش یا ثبت‌نامی خارج از این مسیر رسمی طراحی نمی‌کند.
اگر کاربر بگوید «مبتدی هستم و می‌خواهم ثبت‌نام کنم»: اول دوره‌ی مقدماتی رایگان پیشنهاد می‌شود، بعد ورود به مسیر تعیین سطح و ثبت‌نام.

• وارد بخش «🚀 شرکت در مجموعه آموزشی پیشرفته» شوید.
• به سؤالات تعیین سطح در صفحه/سایت پاسخ دهید.
• فرم ثبت‌نام و اطلاعات تماس را تکمیل کنید.
• همکاران آکادمی تماس می‌گیرند و مسیر مناسب را توضیح می‌دهند.
• در صورت تصمیم به ثبت‌نام، فرآیند خرید و دسترسی انجام می‌شود.",guidance,,آکادمی سبحان صمدی (سند رسمی پشتیبانی v1.0),منبع: ACA-SUP-0005 | مربی فرآیند فروش یا ثبت‌نام را خارج از مسیر رسمی طراحی نمی‌کند.
official,سیاست‌های آکادمی,قیمت دوره چنده؟,"قیمت: مربی تحت هیچ شرایطی قیمت هیچ دوره‌ای را اعلام نمی‌کند — حتی با اصرار چندباره، و هرگز قیمت را حدس نمی‌زند یا از اطلاعات قدیمی نمی‌گوید. پاسخ استاندارد: «برای اینکه سطح و شرایط شما بررسی بشه و مشخص بشه چه مسیری براتون مناسب‌تره، می‌تونید از بخش شرکت در مجموعه آموزشی پیشرفته درخواستتون رو ثبت کنید. همکاران آکادمی با شما تماس می‌گیرند و کامل راهنمایی‌تون می‌کنند.»
تخفیف: تخفیف عمومی وجود ندارد و تخفیف موردی وعده داده نمی‌شود. تنها استثنا: تهیه‌ی هم‌زمان دوره‌ی پیشرفته و روانشناسی شامل شرایط ویژه‌ی مجموعه می‌شود — اما مربی مقدار یا درصد آن را اعلام نمی‌کند.
پرداخت: پرداخت قسطی، چکی و پیش‌پرداخت وجود ندارد و شرایط ویژه‌ی پرداخت ساخته نمی‌شود.
اگر کاربر بودجه ندارد: «هر زمان شرایط مالی مناسب برای شرکت در دوره رو داشتید، می‌تونید برای ثبت‌نام اقدام کنید.»",policy,,آکادمی سبحان صمدی (سند رسمی پشتیبانی v1.0),منبع: ACA-SUP-0006
official,سیاست‌های آکادمی,روی آیفون می‌بینم؟,"دوره‌ها آفلاین و روی Spot Player ارائه می‌شوند.
پس از خرید، اطلاعات دریافت لایسنس ارسال می‌شود؛ کاربر با پشتیبانی لایسنس ارتباط می‌گیرد؛ پرداخت بررسی و در صورت تأیید دسترسی داده می‌شود. زمان تقریبی ارسال لایسنس: معمولاً پس از ساعت ۱۴ و تا پایان همان شب — در حالت معمول کمتر از ۲۴ ساعت.
پلتفرم‌های قابل مشاهده: Windows، Android، Mac (مکینتاش).
پلتفرم‌های غیرقابل استفاده: iOS و نسخه‌ی Web.
لایسنس: برای یک دستگاه است. انتقال به دستگاه دیگر در صورت خرابی سیستم، تعویض ویندوز یا خرید لپ‌تاپ جدید، با هماهنگی پشتیبانی امکان‌پذیر است. فعال‌سازی برای دوست یا شخص دیگر مجاز نیست.
مشکل لایسنس → @samadiforex · مشکل Spot Player → @spotplayer.
✅ تأییدشده توسط مالک آکادمی (D-0018): پخش‌کننده روی ویندوز، اندروید و مکینتاش کار می‌کند و iOS پشتیبانی نمی‌شود. اطلاعیه‌ی MQA-00066 درباره‌ی روش دسترسی شبکه‌ای از خارج از ایران بود، نه پشتیبانی خودِ اپلیکیشن (CONF-0009 حل شد).",fact,,آکادمی سبحان صمدی (سند رسمی پشتیبانی v1.0),منبع: ACA-SUP-0007 | کاربر iOS باید پیش از خرید بداند که پخش‌کننده روی iOS اجرا نمی‌شود.
official,سیاست‌های آکادمی,دوره رایگان دارید؟,"دو دوره‌ی رایگان:
• دوره مقدماتی — ۱۵ جلسه؛ برای عموم قابل استفاده؛ برای مبتدی‌ها از جلسه‌ی اول توصیه می‌شود و ترتیب جلسات در ربات رعایت می‌شود.
• دوره هوش هیجانی (EQ) — ۴ جلسه؛ پس از پایان، کاربر می‌تواند تست هوش هیجانی را انجام دهد.
همچنین: کتاب‌های روان‌شناسی معامله‌گری که آکادمی ترجمه و منتشر می‌کند (گاهی با PDF و فایل صوتی)، و ویس‌های روان‌شناسی که دوره‌ای در ربات و کانال منتشر می‌شوند و ترتیب الزامی ندارند.
کتاب اختصاصی سبحان صمدی فقط فیزیکی از سایت سفارش داده می‌شود؛ PDF یا صوتی آن در ربات ارائه نمی‌شود و مربی هرگز لینک ساختگی برای خرید کتاب نمی‌سازد.
✅ تأییدشده توسط مالک آکادمی (D-0016): عدد رسمی ۱۵ جلسه است. دو جلسه‌ی «واریز و برداشت با تتر» جزو دوره نیست — قبلاً بوده و برداشته شده — و به‌عنوان رویه‌ی کار با بروکر نگهداری می‌شود، نه جلسه‌ی دوره (CONF-0007 حل شد).",fact,,آکادمی سبحان صمدی (سند رسمی پشتیبانی v1.0),منبع: ACA-SUP-0008
official,سیاست‌های آکادمی,کی جواب می‌دن؟,"منتورینگ فقط برای دانشجویان ثبت‌نام‌شده در دوره‌های مربوطه است.
وظایف منتور: بررسی تمرین‌ها، بررسی معاملات و استیتمنت، زیر نظر گرفتن عملکرد، پاسخ به سؤالات مسیر آموزشی، تعیین تمرین‌های لازم، و راهنمایی دانشجو. ارتباط از طریق تلگرام و آیدی منتور انجام می‌شود.
ساعات پاسخ‌گویی منتورها: شنبه تعطیل؛ یکشنبه تا جمعه، پیام‌های ارسال‌شده تا ساعت ۱۴ همان روز پاسخ داده می‌شوند و پیام‌های بعد از ۱۴ برای روز بعد.
اگر منتور پاسخ نداد، کاربر با پشتیبانی عمومی ارتباط می‌گیرد.",fact,,آکادمی سبحان صمدی (سند رسمی پشتیبانی v1.0),منبع: ACA-SUP-0009 | زمان‌مند: ساعات پاسخ‌گویی ممکن است تغییر کند. | 💡 توجه: این ساعات مربوط به منتورهای آکادمی است و با ساعات مدیر حساب بروکر (ACA-INT-0223) فرق دارد.
official,سیاست‌های آکادمی,تو منتوری؟,"مربی هوش مصنوعی جایگزین منتور نیست، پاسخ تخصصی منتورینگ را جعل نمی‌کند و هرگز وانمود نمی‌کند که منتور است.
هر سؤال تخصصی مربوط به تمرین دانشجو، عملکرد شخصی او یا مسیر اختصاصی‌اش، به منتور ارجاع داده می‌شود.
به‌طور کلی مربی جایگزین هیچ‌کدام از این‌ها نیست: منتور، پشتیبان انسانی، مشاور مالی، تحلیلگر بازار، فروشنده، و تصمیم‌گیرنده‌ی معاملاتی.",policy,,آکادمی سبحان صمدی (سند رسمی پشتیبانی v1.0),منبع: ACA-SUP-0010
official,سیاست‌های آکادمی,کی برم حساب ریل؟,"حساب ریل یعنی حساب معاملاتی با سرمایه‌ی واقعی شخص. آکادمی ورود عجولانه به آن را توصیه نمی‌کند.
دانشجو باید: مسیر آموزشی را طی کند، تمرین‌های لازم را انجام دهد، استراتژی و پلن داشته باشد، عملکرد و استیتمنت قابل قبول ارائه دهد، توسط منتور ارزیابی شود، و تأیید نهایی را دریافت کند.
تأیید نهایی آمادگی ورود به حساب ریل توسط خود استاد سبحان صمدی انجام می‌شود. صدور گواهی پایان دوره در شرایط تأییدشده، نشانه‌ی آمادگی ورود به حساب واقعی است.
اگر کاربر بدون تأیید وارد حساب ریل شد، مربی مسئولیت معامله را بر عهده نمی‌گیرد و می‌گوید: «پیشنهاد می‌کنم قبل از ورود جدی به حساب ریل، مسیر آموزشی تعیین‌شده رو کامل پیش ببرید و برای ارزیابی آمادگی‌تون با منتور در ارتباط باشید.»",policy,,آکادمی سبحان صمدی (سند رسمی پشتیبانی v1.0),منبع: ACA-SUP-0011
official,سیاست‌های آکادمی,چطور از آکادمی سرمایه بگیرم؟,"آکادمی امکان بررسی درخواست سرمایه‌گذاری را دارد و این طرح محدود به دانشجویان نیست — افراد بیرون از آکادمی هم در صورت داشتن شرایط بررسی می‌شوند.
شرایط کلی: استیتمنت مثبت در بازه‌ی چندماهه (ترجیحاً حداقل حدود ۶ ماه؛ در برخی ارزیابی‌ها سابقه‌ی ۴ تا ۶ ماه هم مطرح شده و پاسخ قطعی را تیم بر اساس شرایط روز می‌دهد)؛ رشد منطقی حساب؛ مدیریت سرمایه و ریسک مشخص؛ و معامله بر اساس پلن مشخص.
اعداد رسمی (تأییدشده توسط مالک آکادمی — D-0017):
• پروفیت فکتور: حداقل ۱.۳۵
• دراوداون: زیر ۱۰ درصد
• مقدار مطلوب دراوداون: بین ۵ تا ۶ درصد
این اعداد بر عدد ۱.۳ سند اولیه و عدد ۱.۵ پاسخ منتورها اولویت دارند (CONF-0008 حل شد).
حساب دمو یا ریل قابل بررسی است و حساب ریل ترجیح دارد.
میزان سرمایه مبلغ ثابت و تضمین‌شده‌ای ندارد و بر اساس عملکرد، نوع حساب و بررسی نهایی تعیین می‌شود.
فرآیند: ارائه‌ی استیتمنت → بررسی اولیه‌ی تیم → در صورت واجد شرایط بودن، راهنمایی برای ادامه → تعیین شرایط قرارداد و سهم سود در بررسی نهایی.",fact,,آکادمی سبحان صمدی (سند رسمی پشتیبانی v1.0),منبع: ACA-SUP-0012 | مربی هیچ مبلغ، سهم سود یا نتیجه‌ای را تضمین نمی‌کند. | اعداد پروفیت فکتور و دراوداون شرط بررسی‌اند، نه تضمین پذیرش. | ⚠️ مربی مبلغ سرمایه، سهم سود یا نتیجه‌ی قطعی درخواست را تضمین نمی‌کند.
official,سیاست‌های آکادمی,بای بزنم یا سل؟,"مربی هرگز: سیگنال Buy/Sell نمی‌دهد؛ نمی‌گوید وارد معامله شوید یا معامله را ببندید؛ نقطه‌ی ورود یا خروج پیشنهاد نمی‌دهد؛ حد ضرر یا حد سود شخصی پیشنهاد نمی‌دهد؛ درباره‌ی معامله‌ی مشخص کاربر تصمیم نمی‌گیرد؛ و تحلیل شخصی برای اجرای معامله ارائه نمی‌کند.
پاسخ‌های استاندارد:
• سیگنال → «من امکان ارائه سیگنال یا تصمیم خرید و فروش ندارم. معاملات باید بر اساس پلن و استراتژی شخصی خودتون انجام بشه.»
• تحلیل → «برای تصمیم‌گیری معاملاتی شخصی امکان ارائه تحلیل یا پیشنهاد ورود و خروج ندارم. اگر درباره مسیر آموزشی یا مفاهیم آموزشی سؤال دارید، با کمال میل راهنمایی‌تون می‌کنم.»
همچنین لایو تریدهای مدرس سرویس سیگنال یا کپی‌ترید نیستند و مربی آن‌ها را این‌طور معرفی نمی‌کند؛ و از تقویم اقتصادی هم نتیجه‌ی Buy/Sell استخراج نمی‌کند.",policy,,آکادمی سبحان صمدی (سند رسمی پشتیبانی v1.0),منبع: ACA-SUP-0013
official,سیاست‌های آکادمی,کدوم بروکر؟,"بروکر: بروکر پیشنهادی آکادمی WM Market است — همان برند مرتبط با Windsor سابق. آکادمی چند سال با آن فعالیت داشته و از پشتیبانی فارسی‌اش استفاده کرده است. اما آکادمی مسئول عملکرد، سود، زیان یا تصمیم‌های بروکر نیست و کاربر در انتخاب بروکر آزاد است. لینک ثبت‌نام فقط از دکمه‌ی «🏦 بروکر معتمد» ارائه می‌شود. مربی بروکر دیگری پیشنهاد نمی‌کند و عملکرد یا امنیت آینده‌ی بروکر را تضمین نمی‌کند.
صرافی: مربی هیچ صرافی‌ای را پیشنهاد یا انتخاب نمی‌کند. اطلاعات صرافی‌ها به دلیل تغییر قوانین و تحریم‌ها ممکن است تغییر کند و مسئولیت انتخاب با خود معامله‌گر است. پاسخ استاندارد: «انتخاب صرافی به شرایط و قوانین روز بستگی داره و آکادمی صرافی خاصی رو پیشنهاد نمی‌کنه…»
پراپ‌فرم: آکادمی پراپ‌فرم‌ها را پیشنهاد یا معرفی نمی‌کند، چون ترجیح می‌دهد معامله‌گر روی حساب واقعی و شخصی خودش کار کند و مدل پراپ را مدل ترجیحی خود نمی‌داند. پاسخ استاندارد: «آکادمی با پراپ‌فرم‌ها کار نمی‌کنه و پراپ‌فرم خاصی رو هم پیشنهاد نمی‌ده. ترجیح آکادمی فعالیت روی حساب شخصی معامله‌گره.» سؤال حساس درباره‌ی یک پراپ خاص → ارجاع به پشتیبانی.",policy,,آکادمی سبحان صمدی (سند رسمی پشتیبانی v1.0),منبع: ACA-SUP-0014
official,سیاست‌های آکادمی,SSProX چیه؟,"SSProX یک اکسپرت مدیریت سرمایه و ریسک است که به محاسبه‌ی حجم معامله و مدیریت ریسک کمک می‌کند. روی MetaTrader 4 و 5 اجرا می‌شود.
ویژگی‌های رسمی: رایگان و بدون نیاز به لایسنس. و صریحاً:
• سیگنال معاملاتی نمی‌دهد
• خودش معامله باز نمی‌کند
• تصمیم Buy/Sell نمی‌گیرد
دانلود و آموزش از دکمه‌ی SSProX در ربات؛ آموزش ویدیویی دارد. در صورت مشکل دانلود، مسیر سایت یا کانال رسمی یا منتور.
این توضیح، رکورد را تکمیل می‌کند و با قاعده‌ی اصلاح‌شده‌ی هم‌خوان است: ابزار خود آکادمی، نه محصول بیرونی.",fact,,آکادمی سبحان صمدی (سند رسمی پشتیبانی v1.0),منبع: ACA-SUP-0015
official,سیاست‌های آکادمی,چه کارهایی رو انجام نمی‌دی؟,"مربی هرگز این کارها را انجام نمی‌دهد:
• اعلام یا حدس قیمت دوره‌ها
• وعده‌ی تخفیف غیررسمی، یا پیشنهاد پرداخت قسطی/چکی/پیش‌پرداخت
• دادن سیگنال، پیشنهاد Buy/Sell، تحلیل معاملاتی شخصی، یا مدیریت معامله‌ی کاربر
• معرفی صرافی، معرفی پراپ‌فرم، یا پیشنهاد بروکری غیر از WM Market
• افشای اطلاعات خصوصی سبحان صمدی
• حدس زدن درباره‌ی موضوعی که در پایگاه دانش نیست
• معرفی خود به‌جای منتور یا جعل پاسخ تخصصی منتورینگ
• تضمین نتیجه‌ی سرمایه‌گذاری، مبلغ سرمایه یا سهم سود
• تولید لینک ساختگی
• ساختن سیاستی که در پایگاه دانش وجود ندارد",policy,,آکادمی سبحان صمدی (سند رسمی پشتیبانی v1.0),منبع: ACA-SUP-0016 | این مرزها بر لحن دوستانه و بر رضایت لحظه‌ای کاربر اولویت دارند.
official,سیاست‌های آکادمی,نمی‌دونم چیکار کنم,"مربی کاربر را به پشتیبانی عمومی (@sobhansforex) ارجاع می‌دهد وقتی: پاسخ در پایگاه دانش نیست؛ از صحت پاسخ اطمینان کافی ندارد؛ سؤال مالی حساس است؛ کاربر تحلیل معاملاتی شخصی یا سیگنال می‌خواهد؛ درباره‌ی انتخاب صرافی یا یک پراپ خاص سؤال حساس دارد؛ شکایت یا نارضایتی دارد؛ درخواست بازگشت وجه دارد؛ مشکل پرداخت، ثبت‌نام، لایسنس یا دسترسی دارد؛ مسئله‌ی شخصی درباره‌ی سبحان صمدی مطرح می‌کند؛ سؤال بیرون از حوزه‌ی آکادمی است؛ یا چند بار همان پاسخ را خواسته و مسئله‌اش حل نشده است.
قانون بنیادی: مربی برای پر کردن خلأ اطلاعاتی حدس نمی‌زند.
جمله‌ی استاندارد: «بزرگوار، برای این مورد اطلاعات دقیقی در اختیارم نیست و نمی‌خوام پاسخ اشتباه بهتون بدم. اگر اجازه بدید موضوع رو به پشتیبانی ارجاع می‌دم تا همکاران دقیق راهنماییتون کنن.»
اصل نهایی: پاسخ ندادن بهتر از ارائه‌ی اطلاعات اشتباه است.",policy,,آکادمی سبحان صمدی (سند رسمی پشتیبانی v1.0),منبع: ACA-SUP-0017
official,متاتریدر,چرا اسم طلا فرق داره؟,بسیاری از بروکرها نمادها را با پسوند ارائه می‌کنند؛ مثلاً EURUSD.m یا XAUUSD_i یا EURUSD.pro. این پسوند معمولاً نوع حساب یا گروه نماد را مشخص می‌کند و نام نماد در دو بروکر می‌تواند متفاوت باشد. هنگام نصب اندیکاتور یا اکسپرتی که نام نماد را ثابت فرض کرده است، همین تفاوت باعث کار نکردن آن می‌شود.,guidance,,آکادمی سبحان صمدی,منبع: MT-CONC-0013 | تأییدشده با اسکرین‌شات‌های ترمینال متاتریدر ۵ مالک آکادمی (WM Markets Ltd، حساب دمو، ۶ سپتامبر ۲۰۲۶): منوی View، پنجره‌ی Options (تب‌های Charts و Experts)، Properties چارت، Market Watch، Navigator و Toolbox. در Market Watch همان بروکر، نمادها با پسوند @ (XAUUSD@، XAGUSD@) و نماد شاخص با پسوند دوره (US30.U26) دیده شد — نمونه‌ی زنده‌ی همین قاعده.
official,متاتریدر,پنجره‌ی معاملات باز کجاست؟,سه پنجره‌ی اصلی متاتریدر عبارت‌اند از: Market Watch (فهرست نمادها، قیمت لحظه‌ای، اسپرد و مشخصات نماد)، Navigator (حساب‌ها، اندیکاتورها، اکسپرت‌ها و اسکریپت‌ها) و Toolbox/Terminal (تب‌های Trade، History، News، Alerts، Mailbox، Experts و Journal). کلیدهای میان‌بر: Ctrl+M برای Market Watch، Ctrl+N برای Navigator و Ctrl+T برای Toolbox/Terminal.,guidance,,آکادمی سبحان صمدی,منبع: MT-CONC-0014 | تأییدشده با اسکرین‌شات‌های ترمینال متاتریدر ۵ مالک آکادمی (WM Markets Ltd، حساب دمو، ۶ سپتامبر ۲۰۲۶): منوی View، پنجره‌ی Options (تب‌های Charts و Experts)، Properties چارت، Market Watch، Navigator و Toolbox. در منوی View هر سه پنجره با همان میان‌بُرها دیده شد (Ctrl+M، Ctrl+N، Ctrl+T) و تب‌های Toolbox عیناً مطابق فهرست همین رکورد بودند.
official,متاتریدر,خطای دقیق رو کجا ببینم؟,"تب Journal رویدادهای خود ترمینال را ثبت می‌کند: ورود و خروج، اتصال به سرور، خطاهای شبکه و به‌روزرسانی‌ها. تب Experts رویدادهای اکسپرت‌ها، اسکریپت‌ها و اندیکاتورها را ثبت می‌کند. برای هر عیب‌یابی جدی، نخستین جای بررسی همین دو تب است، چون پیام خطای دقیق سرور در آن‌ها ثبت می‌شود.

• Toolbox/Terminal را باز کنید (Ctrl+T).
• به تب Journal یا Experts بروید.
• روی فهرست راست‌کلیک کنید و بازه‌ی زمانی موردنظر را انتخاب کنید.
• برای ارسال به پشتیبانی، از Open گزارش متنی همان روز را بردارید.",guidance,,آکادمی سبحان صمدی,منبع: MT-CONC-0016 | تأییدشده با اسکرین‌شات‌های ترمینال متاتریدر ۵ مالک آکادمی (WM Markets Ltd، حساب دمو، ۶ سپتامبر ۲۰۲۶): منوی View، پنجره‌ی Options (تب‌های Charts و Experts)، Properties چارت، Market Watch، Navigator و Toolbox. تب‌های Journal و Experts در پایین پنجره‌ی Toolbox دیده شدند؛ میان‌بُر Ctrl+T نیز در منوی View تأیید شد.
official,متاتریدر,حجم پیش‌فرض رو کجا عوض کنم؟,"پنجره‌ی Options با Ctrl+O باز می‌شود و تب‌های اصلی آن عبارت‌اند از: Server (اتصال و پروکسی)، Charts (تعداد کندل‌های ذخیره‌شده و نمایش خط Ask)، Trade (حجم پیش‌فرض، انحراف مجاز و معامله‌ی یک‌کلیکی)، Experts (اجازه‌ی معامله‌ی الگوریتمی، DLL و WebRequest)، Notifications و Email. بیلدهای جدیدتر تب‌های GPU، Events، AI Assistant، MCP و Community را هم دارند.

• کلید Ctrl+O را بزنید یا Tools > Options را باز کنید.
• تب مربوط به تنظیم موردنظر را انتخاب کنید.
• تغییرات را اعمال و OK بزنید.",guidance,,آکادمی سبحان صمدی,منبع: MT-PROC-0017 | تأییدشده با اسکرین‌شات‌های ترمینال متاتریدر ۵ مالک آکادمی (WM Markets Ltd، حساب دمو، ۶ سپتامبر ۲۰۲۶): منوی View، پنجره‌ی Options (تب‌های Charts و Experts)، Properties چارت، Market Watch، Navigator و Toolbox. پنجره‌ی Options با تب‌های Server، Charts، Trade، Experts، GPU، Events، Notifications، Email، AI Assistant، MCP و Community دیده شد؛ نام تب «Experts» است نه Expert Advisors و اصلاح شد. میان‌بُر Ctrl+O در تصویر نبود و رفتار استاندارد پلتفرم است.
official,متاتریدر,ستون اسپرد رو چطور نشون بدم؟,"پنجره‌ی Market Watch علاوه بر قیمت لحظه‌ای، امکان نمایش ستون‌های اضافی (اسپرد، بیشترین، کمترین و زمان)، نمایش نمودار تیکی نماد و ذخیره‌ی مجموعه‌ی نمادهای انتخابی را دارد.

• پنجره‌ی Market Watch را باز کنید (Ctrl+M).
• روی فهرست راست‌کلیک کنید و ستون‌های موردنظر مثل Spread را فعال کنید.
• برای دیدن نمودار تیکی، به تب Ticks در پایین همان پنجره بروید.
• برای ذخیره‌ی فهرست نمادهای انتخابی، از گزینه‌ی Sets استفاده کنید.",guidance,,آکادمی سبحان صمدی,منبع: MT-PROC-0021 | تأییدشده با اسکرین‌شات‌های ترمینال متاتریدر ۵ مالک آکادمی (WM Markets Ltd، حساب دمو، ۶ سپتامبر ۲۰۲۶): منوی View، پنجره‌ی Options (تب‌های Charts و Experts)، Properties چارت، Market Watch، Navigator و Toolbox. پنجره‌ی Market Watch با ستون‌های Symbol/Bid/Ask/Daily Change و تب‌های Symbols، Details، Trading و Ticks دیده شد؛ نام تب «Ticks» است نه Tick Chart و اصلاح شد. افزودن ستون با راست‌کلیک و گزینه‌ی Sets در تصویر نبود و رفتار استاندارد پلتفرم است.
official,متاتریدر,سود شناورم رو کجا ببینم؟,"تب Trade وضعیت لحظه‌ای حساب و همه‌ی معاملات باز را نشان می‌دهد: حجم، قیمت ورود، حد ضرر، حد سود، سود شناور، سواپ و کارمزد، و در پایین آن بالانس، اکوئیتی، مارجین، مارجین آزاد و سطح مارجین.

• Toolbox/Terminal را باز کنید (Ctrl+T) و به تب Trade بروید.
• با راست‌کلیک روی سرستون‌ها، ستون‌های موردنظر را نمایش دهید.
• برای مرتب‌سازی روی عنوان ستون کلیک کنید.
• برای هر اقدام (ویرایش، بستن، تریلینگ) روی همان ردیف راست‌کلیک کنید.",guidance,,آکادمی سبحان صمدی,منبع: MT-PROC-0023 | تأییدشده با اسکرین‌شات‌های ترمینال متاتریدر ۵ مالک آکادمی (WM Markets Ltd، حساب دمو، ۶ سپتامبر ۲۰۲۶): منوی View، پنجره‌ی Options (تب‌های Charts و Experts)، Properties چارت، Market Watch، Navigator و Toolbox. تب Trade با ستون‌های Symbol، Ticket، Time، Type، Volume، Price، S/L، T/P و Profit و سطر Balance/Equity/Free Margin دیده شد.
official,متاتریدر,چرا اکسپرتم معامله نمی‌کنه؟,وقتی اکسپرت روی چارت است اما کاری نمی‌کند، معمولاً معامله‌ی خودکار غیرفعال است یا اکسپرت اجازه یا شرایط لازم را ندارد. علامت کنار نام اکسپرت در گوشه‌ی چارت وضعیت را نشان می‌دهد.,guidance,,آکادمی سبحان صمدی,منبع: MT-TRBL-0010 | تأییدشده با اسکرین‌شات‌های ترمینال متاتریدر ۵ مالک آکادمی (WM Markets Ltd، حساب دمو، ۶ سپتامبر ۲۰۲۶): منوی View، پنجره‌ی Options (تب‌های Charts و Experts)، Properties چارت، Market Watch، Navigator و Toolbox. نام دکمه به Algo Trading اصلاح شد؛ گزینه‌ی Allow algorithmic trading و تب‌های Experts و Journal در تصاویر دیده شدند.
official,متاتریدر,چرا طلا توی متاتریدر نیست؟,"اگر نمادی مثل XAUUSD در Market Watch دیده نمی‌شود، معمولاً نماد پنهان است نه اینکه بروکر آن را نداشته باشد. با پنجره‌ی Symbols می‌توان نماد را نمایش داد.

• روی پنجره‌ی Market Watch راست‌کلیک کنید و Symbols را بزنید (یا Ctrl+U).
• در درخت گروه‌ها یا کادر جست‌وجو نام نماد را پیدا کنید.
• نماد را انتخاب و روی Show بزنید، سپس پنجره را ببندید.",guidance,,آکادمی سبحان صمدی,منبع: MT5-PROC-0002 | پسوند نماد بین بروکرها فرق می‌کند (مثلاً EURUSD.m یا XAUUSD_i)؛ همیشه نام دقیق بروکر خودتان را جست‌وجو کنید. | تأییدشده با اسکرین‌شات‌های ترمینال متاتریدر ۵ مالک آکادمی (WM Markets Ltd، حساب دمو، ۶ سپتامبر ۲۰۲۶): منوی View، پنجره‌ی Options (تب‌های Charts و Experts)، Properties چارت، Market Watch، Navigator و Toolbox. میان‌بُر Ctrl+U و نام گزینه‌ی Symbols در منوی View تأیید شد.
official,متاتریدر,اکسپرت رو چطور نصب کنم؟,"برای اجرای اکسپرت (EA) باید دکمه‌ی Algo Trading در نوار ابزار فعال باشد و اکسپرت روی چارت اجرا شده باشد. اگر روی چارت به‌جای صورتک لبخند علامت توقف دیده شود، معامله‌ی خودکار غیرفعال است.

• فایل اکسپرت را در پوشه‌ی MQL5/Experts قرار دهید (File > Open Data Folder).
• در پنجره‌ی Navigator روی Expert Advisors راست‌کلیک و Refresh بزنید.
• اکسپرت را روی چارت بکشید و در تب Common گزینه‌ی Allow Algo Trading را تیک بزنید.
• دکمه‌ی Algo Trading در نوار ابزار را فعال کنید (در متاتریدر ۴ نام همین دکمه AutoTrading است).",guidance,,آکادمی سبحان صمدی,منبع: MT5-PROC-0007 | پیش از اجرای هر اکسپرت روی حساب واقعی، آن را روی حساب دمو آزمایش کنید. | تأییدشده با اسکرین‌شات‌های ترمینال متاتریدر ۵ مالک آکادمی (WM Markets Ltd، حساب دمو، ۶ سپتامبر ۲۰۲۶): منوی View، پنجره‌ی Options (تب‌های Charts و Experts)، Properties چارت، Market Watch، Navigator و Toolbox. دکمه‌ی نوار ابزار «Algo Trading» است نه AutoTrading و اصلاح شد؛ در Tools > Options > Experts گزینه‌ی «Allow algorithmic trading» و در Navigator شاخه‌ی «Expert Advisors» دیده شد.
official,هوش هیجانی,هوش هیجانی یعنی چی؟,"هوش هیجانی = توانایی کنترل و مدیریت احساسات در لحظات بحرانی.
نکته‌ی کلیدی در همین تعریف است: معیار، لحظات بحرانی است نه شرایط عادی. مدرس این را با شعار خودش جمع می‌کند: «همه چیز وقتی خوبه، کنترل ذهن که هنر نیست. هنر در لحظات سخت است.»",guidance,,سبحان صمدی,منبع: ACA-EQ-0003 | تأیید انسانی نشده؛ به‌عنوان راهنمایی آموزشی وارد شد، نه واقعیت رسمی.
official,هوش هیجانی,یه مثال از هوش هیجانی بزن,"مدرس تعریف را با یک صحنه‌ی ملموس روشن می‌کند — همان موقعیت، دو واکنش متفاوت:
• هوش هیجانی پایین: گریه می‌کند، کنترلش از دست خارج می‌شود.
• هوش هیجانی بالا: موزیک گوش می‌دهد، روزنامه می‌خواند.
نکته این است که شرایط بیرونی برای هر دو یکی است؛ آنچه فرق می‌کند واکنش درونی است.",guidance,,سبحان صمدی,منبع: ACA-EQ-0004 | تأیید انسانی نشده؛ به‌عنوان راهنمایی آموزشی وارد شد، نه واقعیت رسمی.
official,هوش هیجانی,هوش هیجانی ذاتیه؟,"این مهم‌ترین پیام امیدبخش درس است و دو طرف دارد:
• هوش هیجانی کاملاً قابل بهبود است؛ کسی با EQ پایین محکوم نیست.
• اما اگر کسی EQ بالایی داشته باشد و روی خودش کار نکند، ممکن است کاهش پیدا کند.
یعنی این یک ویژگی ثابت و مادرزادی نیست؛ یک مهارت است که با تمرین بالا و با بی‌توجهی پایین می‌رود.",guidance,,سبحان صمدی,منبع: ACA-EQ-0005 | تأیید انسانی نشده؛ به‌عنوان راهنمایی آموزشی وارد شد، نه واقعیت رسمی.
official,هوش هیجانی,تعریف دقیق هوش هیجانی چیه؟,"هوش هیجانی مجموعه‌ای از توانایی‌ها، قابلیت‌ها و مهارت‌های غیرشناختی است که بر توانایی شخص در کنار آمدن با مشکلات و فشارهای محیطی تأثیر می‌گذارد.
این تعریف با تعریف بخش اول تناقض ندارد و مکمل آن است:
• بخش اول EQ را با کارکردش تعریف کرد: کنترل احساسات در لحظه‌ی بحرانی.
• بخش دوم آن را با جنسش تعریف می‌کند: مجموعه‌ای از مهارت‌های غیرشناختی.
کلیدواژه‌ی مهم «غیرشناختی» است — یعنی EQ از جنس دانش و ضریب هوشی نیست، از جنس مهارت است؛ و همین است که آن را قابل یادگیری می‌کند.",guidance,,سبحان صمدی,منبع: ACA-EQ-0017 | تأیید انسانی نشده؛ به‌عنوان راهنمایی آموزشی وارد شد، نه واقعیت رسمی.
official,هوش هیجانی,خلاصه‌ی هوش هیجانی چیه؟,"جمع‌بندی خود مدرس از اینکه هوش هیجانی مجموعه‌ی چیست:
• کنترل تکانش
• به تأخیر انداختن خواسته‌ها
• قائم به ذات بودن در انگیزه دادن
• درک احساسات خود
• درک احساسات دیگران
• کنترل هیجانات
این فهرست کوتاه‌ترین صورت کل مفهوم است و برای پاسخ سریع مربی به «هوش هیجانی یعنی چه؟» مناسب‌ترین رکورد است.",guidance,,سبحان صمدی,منبع: ACA-EQ-0023 | تأیید انسانی نشده؛ به‌عنوان راهنمایی آموزشی وارد شد، نه واقعیت رسمی.
official,هوش هیجانی,امروز معامله کنم یا نه؟,"مدرس این را یکی از مهم‌ترین بخش‌ها برای یک معامله‌گر می‌داند: بدانی الان چه احساسی داری، و بدانی آن احساس روی معاملاتت اثر می‌گذارد.
جدول صریح درس — حال، و اقدام متناظر:
• ترس → معامله نکن
• ناراحتی → معامله نکن
• هیجان زیاد → معامله نکن
• خشم → معامله نکن
• آرامش → می‌توانی معامله کنی
جمله‌ی کلیدی: «اگر آگاهی داشته باشی، می‌توانی منطقی به احساساتت نگاه کنی.»",guidance,,سبحان صمدی,منبع: ACA-EQ-0029 | تأیید انسانی نشده؛ به‌عنوان راهنمایی آموزشی وارد شد، نه واقعیت رسمی. | 💡 این عملی‌ترین قاعده‌ی کل لایه‌ی روان‌شناسی است: پیش از هر معامله یک پرسش — «الان چه حالی دارم؟» — و اگر جواب یکی از چهار مورد اول بود، امروز معامله نمی‌شود.
official,هوش هیجانی,بازار پولمو خورد,"یکی از مهم‌ترین ویژگی‌های هوش هیجانی بالا از نگاه مدرس:
• مسئولیت زندگی خودت باش.
• تقصیر را به گردن دیگران نینداز.
• اگر ضرر کردی، بپذیر: «من ضرر کردم» — نه «بازار به من ضرر زد».
• منتظر تغییر دیگران نمان؛ خودت تغییر کن.
جمله‌ی مدرس: «زمانی که مسئولیت‌پذیر کار خود باشی، تخت‌گاز پیش می‌روی.»",guidance,,سبحان صمدی,منبع: ACA-EQ-0031 | تأیید انسانی نشده؛ به‌عنوان راهنمایی آموزشی وارد شد، نه واقعیت رسمی. | 💡 چرا این فقط اخلاقی نیست: تا وقتی علت ضرر بیرون از خودت باشد، هیچ چیزی برای اصلاح کردن وجود ندارد. پذیرش مسئولیت تنها چیزی است که اصلاح را ممکن می‌کند.
official,هوش هیجانی,مدیریت استرس یعنی چی؟,"مدیریت استرس (Stress Management) پنجمین و آخرین مؤلفه‌ی هوش هیجانی است و مدرس آن را برای معامله‌گر مهم‌ترین می‌داند. سه بخش دارد:
• انعطاف‌پذیری — توانایی سازگاری با شرایط فعلی
• تحمل فشار روانی — میزان مقاومت در برابر مشکلات
• خوش‌بینی — نگاه مثبت به اتفاقات
این رکورد جای خالی RQ-0036 را پر می‌کند: مؤلفه‌ای که در بخش سوم فقط نام برده شده بود، اینجا کامل تدریس شد.",guidance,,سبحان صمدی,منبع: ACA-EQ-0042 | تأیید انسانی نشده؛ به‌عنوان راهنمایی آموزشی وارد شد، نه واقعیت رسمی.
official,هوش هیجانی,سایتتون چیه؟,"✅ تأییدشده توسط مالک آکادمی (D-0020): سایت اصلی و رسمی آکادمی sobhansamadi.com است — همان نشانی که در فهرست کانال‌های رسمی ثبت شده.
قاعده‌ی پاسخ: مربی در جواب «سایتتون چیه؟» فقط و فقط sobhansamadi.com را اعلام می‌کند و هیچ نشانی دیگری را — حتی نشانی‌ای که در ویدیوی دوره دیده شده — به کاربر نمی‌دهد.
زمینه: در انتهای بخش چهارم دوره‌ی هوش هیجانی نشانی دیگری (www.sobhan7.com) نمایش داده شده است. مالک آکادمی سایت رسمی را sobhansamadi.com تأیید کرد اما درباره‌ی وضعیت آن نشانی دوم چیزی نگفت. بنابراین اگر کاربری بپرسد «فلان نشانی هم مال شماست؟»، مربی نه تأیید می‌کند و نه رد — او را به پشتیبانی رسمی ارجاع می‌دهد.
چرا این‌قدر سخت‌گیرانه: دامنه‌ی جعلی یکی از رایج‌ترین راه‌های کلاهبرداری در این حوزه است و نشانی اشتباه از زبان مربی، اعتماد دانشجو را هزینه می‌کند.",guidance,,سبحان صمدی,منبع: ACA-EQ-0054 | تأیید انسانی نشده؛ به‌عنوان راهنمایی آموزشی وارد شد، نه واقعیت رسمی. | مربی هیچ نشانی خارج از فهرست تأییدشده‌ی ACA-SUP-0001 را اعلام نمی‌کند. | پرسش درباره‌ی دامنه‌های دیگر نه تأیید می‌شود نه رد؛ به پشتیبانی ارجاع می‌شود.
official,هوش هیجانی,دوره هوش هیجانی چیه؟,"دوره‌ی هوش هیجانی یک مینی‌دوره‌ی رایگان در چهار بخش است و عمداً نه تکنیکال است نه فاندامنتال. مدرس تفکیک را صریح می‌گوید: آموزش تخصصی صفر تا صد بازار جای خودش است (بیش از ۴۵ ساعت) و این دوره چیز دیگری را هدف گرفته — ساختن معامله‌گر، نه یاد دادن تحلیل.
مدرس از دانشجو می‌خواهد «سفیر این آموزش» باشد و آن را با دوستان و فرزندانش هم به اشتراک بگذارد، چون موضوعش فقط معامله‌گری نیست و به زندگی هم مربوط است.",guidance,,سبحان صمدی,منبع: ACA-EQ-0001 | تأیید انسانی نشده؛ به‌عنوان راهنمایی آموزشی وارد شد، نه واقعیت رسمی.
official,هوش هیجانی,چرا هوش هیجانی مهمه؟,"استدلال بنیادی دوره در سه گام است:
۱) زندگی ما و نتیجه‌هایمان حاصل تصمیمات ماست.
۲) تصمیمات ما در اولویت، بر اساس ذهن احساسی گرفته می‌شود، نه ذهن منطقی.
۳) پس اگر روی این موضوع آگاه باشی، می‌توانی همان تصمیم را با ذهن منطقی نگاه کنی.
مدرس می‌گوید ریشه‌ی عمده‌ی مشکلات — و یکی از ویژگی‌های مشترک افراد موفق، چه در معامله‌گری چه در زندگی — به هوش هیجانی برمی‌گردد.",guidance,,سبحان صمدی,منبع: ACA-EQ-0002 | تأیید انسانی نشده؛ به‌عنوان راهنمایی آموزشی وارد شد، نه واقعیت رسمی.
official,هوش هیجانی,فرق مبتدی و حرفه‌ای چیه؟,مدرس تفاوت را در یک موقعیت مشخص نشان می‌دهد: آن یکی دو روزی که بازار می‌خواهد سودش را پس بگیرد. همان بازار، همان شرایط — دو رفتار کاملاً متفاوت.,guidance,,سبحان صمدی,منبع: ACA-EQ-0007 | تأیید انسانی نشده؛ به‌عنوان راهنمایی آموزشی وارد شد، نه واقعیت رسمی.
official,هوش هیجانی,چرا اوورترید می‌کنم؟,"مدرس اوورترید را نه یک تصمیم بد، بلکه یک حالت ذهنی موقت توصیف می‌کند: پنج دقیقه که انگار در این دنیا نیستی، و بعد که تمام می‌شود می‌گویی «چرا من اینجا ترید کردم؟»
او تصریح می‌کند که خودش این احساسات را گذرانده است — یعنی این را به‌عنوان ضعف شخصیتی دانشجو مطرح نمی‌کند.
این حالت به هوش هیجانی پایین برمی‌گردد، و راه‌حلش شناختن همان لحظه است پیش از اینکه اتفاق بیفتد.",guidance,,سبحان صمدی,منبع: ACA-EQ-0008 | تأیید انسانی نشده؛ به‌عنوان راهنمایی آموزشی وارد شد، نه واقعیت رسمی.
official,هوش هیجانی,تکانه یعنی چی؟,"دو مفهوم کلیدی این بخش:
• تکانه (Impulse): واکنش لحظه‌ای، از کوره در رفتن، عمل کردن بر اساس خواسته‌ی فعلی.
• مهار نفس (Self-Control): توانایی کنترل خود در لحظات بحرانی، عمل کردن بر اساس هدف بلندمدت.
مدرس این را «نبرد همیشگی انسان» می‌نامد: تکانه در برابر مهار نفس — نبردی که تمام نمی‌شود و هر بار باید دوباره برده شود.
تعریف او از افراد موفق: کسانی که برای رسیدن به اهدافشان، از خواسته‌های فعلی خود صرف‌نظر می‌کنند.",guidance,,سبحان صمدی,منبع: ACA-EQ-0011 | تأیید انسانی نشده؛ به‌عنوان راهنمایی آموزشی وارد شد، نه واقعیت رسمی.
official,هوش هیجانی,چطور بفهمم آماده‌ام؟,"مدرس درس را به یک پرسش شخصی می‌رساند و از دانشجو می‌خواهد صادقانه جواب بدهد:
«آیا شما حاضر هستید برای رسیدن به اهدافتان، خواسته‌های فعلی‌تان را به تأخیر بیندازید؟»
و بلافاصله دو قید می‌گذارد: «منطقی جواب بده. خودت رو گول نزن.»
این پرسش کارکرد سنجش دارد، نه انگیزشی — جوابش تعیین می‌کند دانشجو کجای مسیر ایستاده است.",guidance,,سبحان صمدی,منبع: ACA-EQ-0012 | تأیید انسانی نشده؛ به‌عنوان راهنمایی آموزشی وارد شد، نه واقعیت رسمی.
official,هوش هیجانی,من باهوش نیستم، می‌تونم تریدر بشم؟,"یکی از پیام‌های صریح و کاربردی درس، برداشتن یک باور بازدارنده است: برای معامله‌گری نیازی به IQ برتر نیست.
مدرس شاهد تجربی می‌آورد: افرادی با IQ بالا که نتیجه‌ی عالی نگرفته‌اند، و افرادی بدون IQ برجسته که موفق شده‌اند.
این برای دانشجویی که فکر می‌کند «من به اندازه‌ی کافی باهوش نیستم» پاسخ مستقیم دوره است.",guidance,,سبحان صمدی,منبع: ACA-EQ-0014 | تأیید انسانی نشده؛ به‌عنوان راهنمایی آموزشی وارد شد، نه واقعیت رسمی.
official,هوش هیجانی,از کجا شروع کنم؟,"مدرس عدد را دو بار در درس تکرار می‌کند چون هسته‌ی پیام عملی اوست: نیمی از راه افزایش هوش هیجانی، صرفاً آگاه بودن نسبت به آن است — یعنی خودت را کامل بشناسی.
معنایش این است که دانشجو لازم نیست پیش از شروع، تکنیک پیچیده‌ای یاد بگیرد؛ شناختن الگوهای خودش نیمی از کار را انجام می‌دهد.",guidance,,سبحان صمدی,منبع: ACA-EQ-0015 | تأیید انسانی نشده؛ به‌عنوان راهنمایی آموزشی وارد شد، نه واقعیت رسمی.
official,هوش هیجانی,تست هوش هیجانی کجاست؟,"روش سنجش پیشرفتی که آکادمی توصیه می‌کند: تست هوش هیجانی هر ۳ ماه یک بار تکرار شود و نمره با دفعه‌ی قبل مقایسه گردد تا مشخص شود افزایش پیدا کرده یا نه.
این با ساختار دوره هم‌خوان است: آکادمی پس از پایان چهار جلسه، امکان انجام تست هوش هیجانی را در اختیار کاربر می‌گذارد.

• پس از پایان چهار بخش دوره، تست هوش هیجانی را انجام دهید.
• نمره را یادداشت کنید.
• سه ماه بعد همان تست را دوباره بدهید.
• دو نمره را مقایسه کنید و روند را ببینید، نه فقط عدد را.",guidance,,سبحان صمدی,منبع: ACA-EQ-0016 | تأیید انسانی نشده؛ به‌عنوان راهنمایی آموزشی وارد شد، نه واقعیت رسمی.
official,هوش هیجانی,هوش هیجانی فقط درباره خودمه؟,"مدرس هوش هیجانی را دو سویه می‌داند و هر دو را نشانه‌ی EQ بالا می‌شمارد:
• درک دیگران: کسی را ببینی و بتوانی احساساتش را درک کنی.
• درک خود: خودت را بشناسی، احساسات و هیجانات خودت را بشناسی و درک کنی.
و آنچه دوره وعده می‌دهد سه چیز است: خودت را بشناسی، احساسات خودت و دیگران را کنترل کنی، و بتوانی دوستت را ببینی و درکش کنی.",guidance,,سبحان صمدی,منبع: ACA-EQ-0018 | تأیید انسانی نشده؛ به‌عنوان راهنمایی آموزشی وارد شد، نه واقعیت رسمی. | 💡 برای معامله‌گری، سویه‌ی «درک خود» اولویت دارد: تا وقتی ندانی چه حسی داری، نمی‌توانی جلوی تصمیمی که آن حس می‌سازد را بگیری.
official,هوش هیجانی,هوش هیجانی از چی تشکیل شده؟,"فهرستی که دوره به‌عنوان اجزای هوش هیجانی می‌آورد:
۱. انگیزه دادن به خود — کسی که EQ بالایی دارد دنبال انگیزه گرفتن از کسی نیست.
۲. پشتکار — ادامه دادن در شرایط دشوار و سرخوردگی.
۳. کنترل رفتارهای تکانشی — مهار واکنش لحظه‌ای و از کوره در رفتن.
۴. به تأخیر انداختن خواسته‌ها — برای رسیدن به اهداف.
۵. تنظیم هیجانات — جلوگیری از غلبه‌ی استرس بر قدرت تفکر.
۶. همدلی با دیگران — توانایی درک دیگران.
۷. امیدواری — حفظ روحیه در شرایط سخت.",guidance,,سبحان صمدی,منبع: ACA-EQ-0021 | تأیید انسانی نشده؛ به‌عنوان راهنمایی آموزشی وارد شد، نه واقعیت رسمی. | 💡 چهار مورد اول و پنجم مستقیماً همان چیزی است که در روز ضرر تعیین‌کننده است (ACA-EQ-0007).
official,هوش هیجانی,خودپنداره یعنی چی؟,"خودپنداره (Self-Perception) یعنی رابطه‌ی فرد با خودش، و سه بخش دارد:
• عزت نفس — خود را دوست داشتن و باور به خود
• خودشکوفایی — شناخت رسالت و هدف زندگی
• خودآگاهی هیجانی — آگاهی از احساسات خود
آستانه‌ی نمره در این مؤلفه: بالای ۶۰ خوب، بالای ۸۰ عالی.",guidance,,سبحان صمدی,منبع: ACA-EQ-0026 | تأیید انسانی نشده؛ به‌عنوان راهنمایی آموزشی وارد شد، نه واقعیت رسمی. | زمان‌مند: این آستانه‌ها مربوط به همین تست است و آستانه‌ی عمومی نیست.
official,هوش هیجانی,عزت نفس یعنی چی؟,"عزت نفس یعنی: خودت را دوست داشته باشی، به خودت ایمان داشته باشی، و باور داشته باشی که لیاقت موفقیت را داری.
جمله‌ی کلیدی مدرس: «خیلی از افراد با دست خودشان به خودشان ضرر می‌زنند، چون عزت نفس پایینی دارند.»
نشانه‌های عزت نفس پایین: خودش را باور ندارد · دنبال الگوهای شکست می‌گردد · فکر می‌کند حتماً باید شکست بخورد تا موفق شود · منتظر تأیید دیگران می‌ماند.
نشانه‌های عزت نفس بالا: خود را دوست دارد · مسئولیت‌پذیر است · بدون منتظر ماندن اقدام می‌کند.
آستانه‌ی نمره: بالای ۶۰ خوب، بالای ۸۰ عالی.",guidance,,سبحان صمدی,منبع: ACA-EQ-0027 | تأیید انسانی نشده؛ به‌عنوان راهنمایی آموزشی وارد شد، نه واقعیت رسمی. | زمان‌مند: این آستانه‌ها مربوط به همین تست است و آستانه‌ی عمومی نیست. | 💡 کاربرد برای مربی: دانشجویی که می‌گوید «من نمی‌تونم»، «من بدشانسم» یا مدام دنبال تأیید است، ممکن است مسئله‌اش تکنیکال نباشد.
official,هوش هیجانی,خودشکوفایی یعنی چی؟,"خودشکوفایی یعنی: دقیقاً بدانی رسالت و هدف زندگی‌ات چیست.
مدرس نکته‌ی تکان‌دهنده‌ای اضافه می‌کند: بسیاری از افراد تا ۸۰ یا ۹۰ سالگی هنوز نمی‌دانند چرا به این دنیا آمده‌اند.
آستانه‌ی نمره: بالای ۶۵ بسیار خوب.",guidance,,سبحان صمدی,منبع: ACA-EQ-0028 | تأیید انسانی نشده؛ به‌عنوان راهنمایی آموزشی وارد شد، نه واقعیت رسمی. | زمان‌مند: این آستانه‌ها مربوط به همین تست است و آستانه‌ی عمومی نیست.
official,هوش هیجانی,احساسات چه اثری روی معامله داره؟,"استعاره‌ی مدرس برای نقش احساسات:
• احساسات مثبت = گاز موفقیت — شادمانی، مسئولیت‌پذیری، امیدواری.
• احساسات منفی = ترمز شما — ترس از شکست، سرخوردگی، ناامیدی.
احساسات مثبت شما را به سمت موفقیت پیش می‌برند و احساسات منفی مانند ترمز عمل می‌کنند.",guidance,,سبحان صمدی,منبع: ACA-EQ-0030 | تأیید انسانی نشده؛ به‌عنوان راهنمایی آموزشی وارد شد، نه واقعیت رسمی. | 💡 نکته‌ی مهم در همین استعاره: ترمز خرابی نیست، کندی است. یعنی مسئله این نیست که احساس منفی داری، مسئله این است که با پای روی ترمز می‌خواهی جلو بروی.
official,هوش هیجانی,خودبیانگری یعنی چی؟,"خودبیانگری (Self-Expression) یعنی رابطه‌ی فرد با بیرون از خودش، و سه بخش دارد:
• شادمانی — حال خوب داشتن
• خودابرازی — توانایی بیان درست احساسات
• استقلال — وابسته نبودن به دیگران",guidance,,سبحان صمدی,منبع: ACA-EQ-0032 | تأیید انسانی نشده؛ به‌عنوان راهنمایی آموزشی وارد شد، نه واقعیت رسمی.
official,هوش هیجانی,ترید روی رابطه‌هام اثر گذاشته,"خودابرازی: توانایی بیان درست احساسات — خوشحالی، ناراحتی، خشم و بقیه.
تأکید ویژه‌ی مدرس درباره‌ی معامله‌گران: چون معامله‌گران بیشتر با مانیتور سروکار دارند تا با آدم‌ها، باید بیشتر روی این موضوع کار کنند تا روابط زندگی‌شان تحت تأثیر قرار نگیرد.",guidance,,سبحان صمدی,منبع: ACA-EQ-0034 | تأیید انسانی نشده؛ به‌عنوان راهنمایی آموزشی وارد شد، نه واقعیت رسمی. | 💡 این یکی از معدود جاهایی است که دوره صریحاً هزینه‌ی شغلی معامله‌گری روی زندگی شخصی را نام می‌برد.
official,هوش هیجانی,استقلال یعنی چی؟,"سه جمله‌ای که مدرس برای استقلال می‌آورد:
• من وابسته به هیچ‌کس نیستم.
• من خالق مسئولیت و نتایج زندگی خودم هستم.
• منتظر تغییرات بیرونی نباش.
این ادامه‌ی مستقیم قاعده‌ی «انگیزه‌ی قائم به ذات» بخش دوم و مسئولیت‌پذیری همین بخش است.",guidance,,سبحان صمدی,منبع: ACA-EQ-0035 | تأیید انسانی نشده؛ به‌عنوان راهنمایی آموزشی وارد شد، نه واقعیت رسمی.
official,هوش هیجانی,بین فردی یعنی چی؟,"بین فردی (Interpersonal) سه بخش دارد:
• روابط بین فردی — توانایی ارتباط با دیگران
• همدلی — درک احساسات دیگران
• مسئولیت‌پذیری اجتماعی — توجه به جامعه و قوانین آن
دو نکته‌ی مدرس:
• مغز انسان برای ارتباط با دیگران طراحی شده است؛ انزوا ممکن است به مرور زمان به روابط آسیب بزند.
• احساسات مانند ویروس هستند — حال خوب شما به دیگران هم منتقل می‌شود.",guidance,,سبحان صمدی,منبع: ACA-EQ-0036 | تأیید انسانی نشده؛ به‌عنوان راهنمایی آموزشی وارد شد، نه واقعیت رسمی. | 💡 این با هشدار خودابرازی (ACA-EQ-0034) یک مجموعه است: معامله‌گری شغلی است که به‌طور طبیعی به انزوا می‌کشد، و دوره این را ریسک می‌داند.
official,هوش هیجانی,چطور تصمیم بگیرم؟,"اصل کلیدی مدرس: اگر نتیجه‌ی متفاوتی می‌خواهی، باید متفاوت قدم برداری.
آستانه‌ی نمره: بالای ۶۰ خوب، بالای ۸۰ عالی.
فرمول تصمیم‌گیری دوره پنج گام دارد و هسته‌اش گام دوم است — نگرفتن تصمیم سریع، یعنی همان کنترل تکانه.
مدرس اضافه می‌کند: افرادی که تصمیم‌گیرنده‌های ضعیفی هستند، باید خیلی روی خودشان کار کنند.

• تشخیص بده که بین دو یا چند گزینه‌ای.
• سریع تصمیم نگیر — تکانه را کنترل کن.
• روی کاغذ بنویس.
• مزایا و معایب هر گزینه را بنویس.
• بعد تصمیم بگیر.",guidance,,سبحان صمدی,منبع: ACA-EQ-0037 | تأیید انسانی نشده؛ به‌عنوان راهنمایی آموزشی وارد شد، نه واقعیت رسمی. | زمان‌مند: این آستانه‌ها مربوط به همین تست است و آستانه‌ی عمومی نیست.
official,هوش هیجانی,سه تا ضرر خوردم چیکار کنم؟,"تکانش: واکنش لحظه‌ای، از کوره در رفتن، تصمیم عجولانه.
سه موقعیتی که مدرس به‌عنوان خطر نام می‌برد:
• سه ضرر پشت سر هم → می‌خواهی انتقام بگیری.
• سود زیاد → احساس سرخوشی و اعتمادبه‌نفس کاذب.
• یک معامله‌ی اشتباه که به سود رسید → دوباره تکرارش می‌کنی.
جمله‌ی هشدار مدرس: «همون یه بار اشتباهی که به سود رسید، ریشه‌ی نابودی حساب می‌شود.»
راه‌حل درس: آگاهی داشته باش که این ضعف را داری؛ وقتی به سه ضرر رسیدی، بپذیر و دست نگه دار.",guidance,,سبحان صمدی,منبع: ACA-EQ-0039 | تأیید انسانی نشده؛ به‌عنوان راهنمایی آموزشی وارد شد، نه واقعیت رسمی.
official,هوش هیجانی,چرا باز همون کارو کردم؟,"توضیح مدرس درباره‌ی سازوکار تکرار اشتباه:
۱. یک بار خارج از قاعده عمل کردی و اتفاقاً سود کردی.
۲. ذهنت نتیجه می‌گیرد: «این بار هم جواب می‌دهد».
۳. این بار حساب نابود می‌شود.
راه‌حل درس: آگاهی از این الگو + تعهد به پلن + مسئولیت‌پذیری.",guidance,,سبحان صمدی,منبع: ACA-EQ-0040 | تأیید انسانی نشده؛ به‌عنوان راهنمایی آموزشی وارد شد، نه واقعیت رسمی. | 💡 نکته‌ی مهمی که در این توضیح هست: سودِ یک معامله، درستی آن را ثابت نمی‌کند. معامله‌ی خارج از پلن که به سود رسیده، خطرناک‌تر از معامله‌ی خارج از پلنی است که ضرر داده — چون تقویت می‌شود.
official,هوش هیجانی,چه تمرینی انجام بدم؟,"تمرین عملی پایان بخش سوم:
مدرس تأکید می‌کند: افراد موفق جهان همه دفتر دارند. با دفترت رفیق شو. نوشتن معجزه می‌کند.

• دفترت را بردار.
• تصمیماتی را که در گذشته گرفتی و به موفقیت رسیدی بنویس.
• تصمیماتی را که به اتفاق ناخوشایند منجر شد بنویس.
• ریشه‌ی هر کدام را بررسی کن.
• بپرس: اگر همان لحظه برمی‌گشتی، با فرمول تصمیم‌گیری باز هم همان کار را می‌کردی؟",guidance,,سبحان صمدی,منبع: ACA-EQ-0041 | تأیید انسانی نشده؛ به‌عنوان راهنمایی آموزشی وارد شد، نه واقعیت رسمی. | 💡 این تمرین همان کاری را برای زندگی می‌کند که ژورنال معاملاتی برای معاملات (PSY-PAT-0010) — و گام چهارم مهم‌ترین گام است، چون تصمیم گذشته را با فرمول امروز بازآزمایی می‌کند.
official,هوش هیجانی,ترس بده؟,"یکی از مهم‌ترین بازتعریف‌های دوره: ترس و استرس بد نیستند، بلکه مفیدند تا زمانی که به شما آسیب نزنند و در تصمیماتتان دخالت نکنند.
سه مثال خود درس:
• اگر ترس از دست دادن جان نباشد، سر پیچ سرعت را کم نمی‌کنی.
• اگر استرس امتحان نباشد، درس نمی‌خوانی.
• اگر استرس از دست دادن سرمایه نباشد، مدیریت سرمایه و ریسک را رعایت نمی‌کنی.
اصل کلیدی: ترس و طمع همیشه هستند. نمی‌توان گفت نیستند، اما می‌توان بر آن‌ها تسلط داشت — «به قدری کمرنگ می‌شوند که شاید اصلاً به چشمت نیایند».",guidance,,سبحان صمدی,منبع: ACA-EQ-0044 | تأیید انسانی نشده؛ به‌عنوان راهنمایی آموزشی وارد شد، نه واقعیت رسمی. | 💡 این مکمل ACA-EQ-0029 است، نه ناقض آن: هدف حذف احساس نیست، هدف این است که احساس تصمیم را نگیرد. سومین مثال هم مستقیماً مدیریت ریسک آکادمی را به همین ترس سالم وصل می‌کند.
official,هوش هیجانی,خلاصه‌ی دوره چیه؟,"جمع‌بندی عملیاتی خود مدرس در پایان دوره — کوتاه‌ترین صورت کل چهار بخش:
۱. خودآگاهی: بدان چه احساسی داری و چرا.
۲. عزت نفس: خودت را باور داشته باش؛ لیاقت موفقیت را داری.
۳. مدیریت تکانش: واکنش‌های لحظه‌ای را کنترل کن.
۴. قبول ضرر: مسئولیت‌پذیر باش — «من ضرر کردم»، نه «بازار به من ضرر زد».
۵. خوش‌بینی: از هر اتفاقی یک نکته‌ی مثبت پیدا کن.
۶. صبر: برای رسیدن به اهداف، خواسته‌های فعلی را به تأخیر بینداز.",guidance,,سبحان صمدی,منبع: ACA-EQ-0051 | تأیید انسانی نشده؛ به‌عنوان راهنمایی آموزشی وارد شد، نه واقعیت رسمی. | 💡 این مناسب‌ترین رکورد برای پاسخ کوتاه مربی به «خلاصه‌ی دوره‌ی هوش هیجانی چیست؟» است.
official,هوش هیجانی,وقت ندارم چیکار کنم؟,"شش جمله‌ی پایانی دوره:
• هوش هیجانی قابل بهبود است.
• ۵۰ درصد راه بهبود = شناخت مؤلفه‌ها.
• ترس و طمع همیشه هستند، اما قابل کنترل‌اند.
• مسئولیت‌پذیر باش.
• از مسیر لذت ببر، نه فقط از مقصد.
• ثابت‌قدم باش.
تنها درخواست مدرس: «ثابت‌قدم باشید. قدم بردارید، حتی شده روزی سی دقیقه.»
و جمله‌ی بدرقه‌ی دوره: «هر کجای این جهان هستید، بدرخشید.»",guidance,,سبحان صمدی,منبع: ACA-EQ-0053 | تأیید انسانی نشده؛ به‌عنوان راهنمایی آموزشی وارد شد، نه واقعیت رسمی. | 💡 عدد «روزی سی دقیقه» ارزش زیادی برای مربی دارد: به دانشجویی که می‌گوید وقت ندارد یا عقب افتاده، یک کف مشخص و کوچک می‌دهد به‌جای توصیه‌ی کلی.
official,دوره مقدماتی,دوره مقدماتی چقدره؟,مدرس دو بار تأکید می‌کند که آموزش مقدماتی کاملاً هدیه است و هزینه‌ای ندارد. او اشاره می‌کند که برخی افراد سال گذشته همین آموزش‌ها را به دیگران فروخته و از آن‌ها هزینه گرفته‌اند. پس اگر کسی برای دوره‌ی مقدماتی هزینه می‌گیرد، آن فروش از سوی آکادمی نیست.,guidance,,سبحان صمدی,منبع: ACA-INT-0001 | تأیید انسانی نشده؛ به‌عنوان راهنمایی آموزشی وارد شد، نه واقعیت رسمی. | فروش دوره‌ی مقدماتی توسط اشخاص دیگر، مورد تأیید آکادمی نیست.
official,دوره مقدماتی,فرق تریدر و تحلیلگر چیه؟,مدرس دو بار می‌گوید هدف این آموزش ساختن یک تریدر است، نه یک تحلیلگر؛ یعنی کسی که در بازارهای مالی کسب سود می‌کند. به گفته‌ی او هنر معامله‌گری و درک درست از قیمت با آنچه در کتاب‌ها یا بسیاری از آموزش‌های دیگر گفته می‌شود متفاوت است.,guidance,,سبحان صمدی,منبع: ACA-INT-0004 | تأیید انسانی نشده؛ به‌عنوان راهنمایی آموزشی وارد شد، نه واقعیت رسمی.
official,دوره مقدماتی,با چقدر پول حساب باز کنم؟,مدرس تأکید می‌کند که باز کردن حساب واقعی — با هر مبلغی، از یک دلار و سی دلار تا صدها هزار دلار — هنر نیست؛ هنر، رشد دادن همان حساب است.,guidance,,سبحان صمدی,منبع: ACA-INT-0018 | تأیید انسانی نشده؛ به‌عنوان راهنمایی آموزشی وارد شد، نه واقعیت رسمی.
official,دوره مقدماتی,قیمت واقعی طلا چقدره؟,مدرس این جمله را دو بار تکرار می‌کند و از دانشجو می‌خواهد آن را در دفترش یادداشت کند: قیمت نمایانگر واقعی ارزش بنیادی نیست؛ نمایانگر تمایلات جمعیت عوام است. نتیجه‌ی عملی‌اش این است که به‌جای بحث درباره‌ی «قیمت واقعی» یک دارایی، باید دید ذهنیت غالب مردم در آن نقطه خرید است یا فروش، ترس است یا طمع.,guidance,,سبحان صمدی,منبع: ACA-INT-0055 | تأیید انسانی نشده؛ به‌عنوان راهنمایی آموزشی وارد شد، نه واقعیت رسمی.
official,دوره مقدماتی,کندل از چی تشکیل شده؟,هر کندل از چهار قیمت ساخته می‌شود: Open (قیمت باز شدن)، Close (قیمت بسته شدن)، High (بالاترین قیمت آن بازه) و Low (پایین‌ترین قیمت آن بازه). فاصله‌ی Open تا Close «بدنه» نام دارد و خطوط باریک بالا و پایین بدنه «سایه» (Shadow، Wick یا Tail) نامیده می‌شوند. بدنه خالص حرکت قیمت را نشان می‌دهد و سایه‌ها نوسان درون همان بازه را.,guidance,,سبحان صمدی,منبع: ACA-INT-0134 | تأیید انسانی نشده؛ به‌عنوان راهنمایی آموزشی وارد شد، نه واقعیت رسمی.
official,دوره مقدماتی,تایم‌فریم‌ها کدومن؟,تایم‌فریم‌ها از بزرگ به کوچک: MN ماهیانه، W1 هفتگی، D1 روزانه، H4 چهارساعته، H1 یک‌ساعته، M30 سی‌دقیقه‌ای، M15 پانزده‌دقیقه‌ای، M5 پنج‌دقیقه‌ای و M1 یک‌دقیقه‌ای. هر کندل نماینده‌ی همان بازه است.,guidance,,سبحان صمدی,منبع: ACA-INT-0140 | تأیید انسانی نشده؛ به‌عنوان راهنمایی آموزشی وارد شد، نه واقعیت رسمی.
official,دوره مقدماتی,چند نوع اردر داریم؟,برای ورود به بازار دو نوع سفارش وجود دارد: مارکت اردر (Market Order) که همین حالا و روی قیمت لحظه‌ای اجرا می‌شود، و پندینگ اردر (Pending Order) که سفارش شرطی است و فقط وقتی قیمت به سطح تعیین‌شده رسید فعال می‌شود. هر دو می‌توانند خرید (Buy) یا فروش (Sell) باشند — چون همان‌طور که در جلسات قبل گفته شد، هم از افزایش قیمت و هم از ریزش آن می‌توان سود گرفت.,guidance,,سبحان صمدی,منبع: ACA-INT-0146 | تأیید انسانی نشده؛ به‌عنوان راهنمایی آموزشی وارد شد، نه واقعیت رسمی.
official,دوره مقدماتی,مارکت اردر یعنی چی؟,مارکت اردر یعنی معامله در لحظه: خودت دستی روی Buy کلیک می‌کنی تا از افزایش قیمت سود بگیری، یا روی Sell تا از ریزش قیمت سود بگیری. اجرای آن دست خود معامله‌گر است و روی قیمت جاری بازار انجام می‌شود.,guidance,,سبحان صمدی,منبع: ACA-INT-0147 | تأیید انسانی نشده؛ به‌عنوان راهنمایی آموزشی وارد شد، نه واقعیت رسمی.
official,دوره مقدماتی,پندینگ اردر یعنی چی؟,پندینگ اردر یعنی سفارش شرطی. مدرس آن را این‌طور توضیح می‌دهد که «به بروکرت شرط می‌بندی»: سفارش را از قبل می‌گذاری و تعیین می‌کنی در چه قیمتی وارد معامله شود. اگر خواب باشی یا پشت سیستم نباشی، سفارش خودش فعال می‌شود؛ و اگر حد سود و حد ضرر را هم مشخص کرده باشی، خودش معامله را می‌بندد — چه در سود، چه در ضرر. کاربرد اصلی‌اش همین است: زمانی که پای چارت نیستی.,guidance,,سبحان صمدی,منبع: ACA-INT-0148 | تأیید انسانی نشده؛ به‌عنوان راهنمایی آموزشی وارد شد، نه واقعیت رسمی.
official,دوره مقدماتی,فرق stop و limit چیه؟,پندینگ اردرها دو دسته‌اند و تفاوتشان در جهت انتظار است. «استاپ» وقتی فعال می‌شود که قیمت در ادامه‌ی حرکت خود به سطح تعیین‌شده برسد — یعنی برای ورود در شکست. «لیمیت» وقتی فعال می‌شود که قیمت در برگشت به سطح تعیین‌شده برسد — یعنی برای ورود در بازگشت قیمت. جمله‌ی کلیدی درس: استاپ برای ورود در ادامه‌ی روند، لیمیت برای ورود در برگشت قیمت.,guidance,,سبحان صمدی,منبع: ACA-INT-0149 | تأیید انسانی نشده؛ به‌عنوان راهنمایی آموزشی وارد شد، نه واقعیت رسمی.
official,دوره مقدماتی,buy stop یعنی چی؟,"چهار نوع پندینگ اردر و کاربردی که مدرس برای هرکدام می‌گوید:
• Buy Stop — قیمت بالاتر از قیمت فعلی؛ برای ورود به خرید در شکست مقاومت.
• Sell Stop — قیمت پایین‌تر از قیمت فعلی؛ برای ورود به فروش در شکست حمایت.
• Buy Limit — قیمت پایین‌تر از قیمت فعلی؛ برای ورود به خرید در برگشت از حمایت.
• Sell Limit — قیمت بالاتر از قیمت فعلی؛ برای ورود به فروش در برگشت از مقاومت.",guidance,,سبحان صمدی,منبع: ACA-INT-0150 | تأیید انسانی نشده؛ به‌عنوان راهنمایی آموزشی وارد شد، نه واقعیت رسمی.
official,دوره مقدماتی,استاپ لاس یعنی چی؟,حد ضرر محلی است که اگر قیمت به آن رسید، معامله به‌صورت خودکار با ضرر بسته می‌شود. کارکردش محدود کردن ضرر است. تأکید درس این است که حد ضرر همیشه باید تعیین شود.,guidance,,سبحان صمدی,منبع: ACA-INT-0153 | تأیید انسانی نشده؛ به‌عنوان راهنمایی آموزشی وارد شد، نه واقعیت رسمی.
official,دوره مقدماتی,تیک پروفیت یعنی چی؟,حد سود محلی است که اگر قیمت به آن رسید، معامله به‌صورت خودکار با سود بسته می‌شود. کارکردش برداشت سود در هدف از پیش تعیین‌شده است — یعنی از قبل بدانی کجا از معامله خارج می‌شوی.,guidance,,سبحان صمدی,منبع: ACA-INT-0154 | تأیید انسانی نشده؛ به‌عنوان راهنمایی آموزشی وارد شد، نه واقعیت رسمی.
official,دوره مقدماتی,قانون اول معامله‌گری چیه؟,"چهار نکته‌ای که مدرس به‌عنوان قواعد اردرگذاری می‌گوید:
۱) حجم معامله را متناسب با سرمایه‌ی خود انتخاب کنید.
۲) همیشه حد ضرر بگذارید — درس این را «قانون اول معامله‌گری» می‌نامد و در جمع‌بندی هم تکرار می‌کند: هیچ‌وقت بدون حد ضرر معامله نکنید.
۳) حد سود را مشخص کنید — از قبل بدانید کجا از معامله خارج می‌شوید.
۴) نسبت ریسک به ریوارد را پیش از ورود محاسبه کنید (مثلاً ۱ به ۲ یا ۱ به ۳).",guidance,,سبحان صمدی,منبع: ACA-INT-0158 | تأیید انسانی نشده؛ به‌عنوان راهنمایی آموزشی وارد شد، نه واقعیت رسمی.
official,دوره مقدماتی,چرا US30 رو ندارم؟,"نام یک نماد در بروکرهای مختلف یکسان نیست. مثال درس: شاخص داوجونز در بروکر مدرس با نام US30 نمایش داده می‌شود، اما ممکن است در بروکر شما DJI یا نام دیگری باشد. برای دیدن همه‌ی نمادها در Market Watch راست‌کلیک کنید و Show All را بزنید؛ اگر باز هم نماد را پیدا نکردید، از خود بروکر بپرسید آن شاخص با چه نامی ارائه می‌شود. پس اگر نمادی را در ویدیو دیدید و در پلتفرم خودتان ندارید، اشکال از شما نیست — نام‌گذاری بروکر فرق دارد.

• در پنجره‌ی Market Watch راست‌کلیک کنید.
• گزینه‌ی Show All را بزنید تا همه‌ی نمادهای بروکر نمایش داده شود.
• نماد موردنظر را در فهرست جست‌وجو کنید (نام ممکن است متفاوت باشد).
• اگر پیدا نشد، از پشتیبانی بروکر بپرسید آن نماد با چه نامی ارائه می‌شود.",guidance,,سبحان صمدی,منبع: ACA-INT-0162 | تأیید انسانی نشده؛ به‌عنوان راهنمایی آموزشی وارد شد، نه واقعیت رسمی.
official,دوره مقدماتی,ترمینال چیه؟,"با کلیک روی Terminal، بخشی در پایین صفحه باز می‌شود که وضعیت مالی حساب را نشان می‌دهد. پنج سنجه‌ی کلیدی آن:
• Balance — موجودی حساب
• Equity — بالانس به‌علاوه یا منهای سود و زیان شناور
• Margin — پولی که بروکر به‌عنوان وثیقه مسدود کرده
• Free Margin — پول آزاد برای باز کردن معامله‌ی جدید
• Margin Level — نسبت اکویتی به مارجین بر حسب درصد
این پنج عدد، به‌ویژه در بازار زنده، وضعیت واقعی حساب را نشان می‌دهند.",guidance,,سبحان صمدی,منبع: ACA-INT-0164 | تأیید انسانی نشده؛ به‌عنوان راهنمایی آموزشی وارد شد، نه واقعیت رسمی.
official,دوره مقدماتی,بالانس یعنی چی؟,بالانس یعنی موجودی حساب شما نزد بروکر؛ عددی که معاملات باز روی آن اثر نمی‌گذارند و فقط پس از بسته شدن معامله به‌روز می‌شود. عدد ۴۸٬۰۰۰ دلاری که در ویدیو دیده می‌شود مربوط به همان حساب آزمایشی (دمو) است که در دوره ساخته شد.,guidance,,سبحان صمدی,منبع: ACA-INT-0165 | تأیید انسانی نشده؛ به‌عنوان راهنمایی آموزشی وارد شد، نه واقعیت رسمی.
official,دوره مقدماتی,اکویتی یعنی چی؟,اکویتی یعنی بالانس به‌علاوه یا منهای سود و زیان شناور معاملات باز. فرمول: Equity = Balance + سود/ضرر شناور. اکویتی عدد لحظه‌ای و واقعی دارایی شماست؛ اگر همین حالا همه‌ی معاملات را ببندید، بالانس شما برابر اکویتی می‌شود.,guidance,,سبحان صمدی,منبع: ACA-INT-0166 | تأیید انسانی نشده؛ به‌عنوان راهنمایی آموزشی وارد شد، نه واقعیت رسمی.
official,دوره مقدماتی,مارجین یعنی چی؟,مارجین پولی است که بروکر به‌عنوان وثیقه‌ی معاملات باز از حساب شما مسدود می‌کند. این پول تا بسته شدن معامله قابل استفاده نیست. سه عامل روی مقدار آن اثر می‌گذارند: حجم معامله (لات)، لوریج، و قیمت نماد معاملاتی. هرچه حجم معاملات بیشتر باشد، مارجین بیشتری مسدود می‌شود.,guidance,,سبحان صمدی,منبع: ACA-INT-0167 | تأیید انسانی نشده؛ به‌عنوان راهنمایی آموزشی وارد شد، نه واقعیت رسمی.
official,دوره مقدماتی,فری مارجین یعنی چی؟,فری مارجین یعنی پول آزاد حساب — همان مقداری که می‌توانید با آن معامله‌ی جدید باز کنید. فرمول: Free Margin = Equity − Margin.,guidance,,سبحان صمدی,منبع: ACA-INT-0168 | تأیید انسانی نشده؛ به‌عنوان راهنمایی آموزشی وارد شد، نه واقعیت رسمی.
official,دوره مقدماتی,مارجین لول یعنی چی؟,مارجین لیول نسبت اکویتی به مارجین است و به‌صورت درصد نمایش داده می‌شود. فرمول: Margin Level = (Equity ÷ Margin) × ۱۰۰. این درصد نشان می‌دهد حساب چقدر از فشار معاملات باز فاصله دارد؛ هرچه بالاتر باشد، حساب امن‌تر است.,guidance,,سبحان صمدی,منبع: ACA-INT-0169 | تأیید انسانی نشده؛ به‌عنوان راهنمایی آموزشی وارد شد، نه واقعیت رسمی.
official,دوره مقدماتی,سود شناور یعنی چی؟,سود شناور سودی است که در معامله‌ی باز دیده می‌شود اما هنوز محقق نشده؛ سود واقعی سودی است که پس از بستن معامله در حساب ثبت می‌شود. قانون طلایی درس: تا زمانی که معامله را نبندی، آن سود مال تو نیست و ممکن است تغییر کند. همین درباره‌ی ضرر هم صادق است.,guidance,,سبحان صمدی,منبع: ACA-INT-0171 | تأیید انسانی نشده؛ به‌عنوان راهنمایی آموزشی وارد شد، نه واقعیت رسمی.
official,دوره مقدماتی,چقدر ریسک کنم؟,قانون طلایی مدیریت ریسک در آکادمی: در هر معامله حداکثر ۲٪ از کل سرمایه را ریسک کنید، نه بیشتر. این قاعده در جمع‌بندی جلسه هم تکرار می‌شود و در کنار نسبت ریسک به ریوارد حداقل ۱:۲ قرار می‌گیرد.,guidance,,سبحان صمدی,منبع: ACA-INT-0172 | تأیید انسانی نشده؛ به‌عنوان راهنمایی آموزشی وارد شد، نه واقعیت رسمی.
official,دوره مقدماتی,می‌تونم کل حسابم رو یه جا ریسک کنم؟,هشدار صریح درس: کسی که ۲۰٪ یا ۱۰۰٪ از سرمایه‌اش را در یک معامله ریسک می‌کند، قمار می‌کند نه معامله‌گری حرفه‌ای. ویژگی‌های قمار از نگاه مدرس: اول و آخرش ضرر است، برنامه و استراتژی مشخصی ندارد، و فقط به شانس متکی است.,guidance,,سبحان صمدی,منبع: ACA-INT-0175 | تأیید انسانی نشده؛ به‌عنوان راهنمایی آموزشی وارد شد، نه واقعیت رسمی.
official,دوره مقدماتی,خلاصه‌ی قواعد مدیریت ریسک چیه؟,"جمع‌بندی عملیاتی درس در پنج بند:
۱) همیشه ۲٪ ریسک کن، نه بیشتر.
۲) نسبت ریسک به ریوارد حداقل ۱:۲ باشد.
۳) تا معامله بسته نشده، سود یا ضرر واقعی نیست.
۴) مارجین لیول را همیشه کنترل کن.
۵) هیچ‌وقت بیش از حد از لوریج استفاده نکن.",guidance,,سبحان صمدی,منبع: ACA-INT-0176 | تأیید انسانی نشده؛ به‌عنوان راهنمایی آموزشی وارد شد، نه واقعیت رسمی.
official,دوره مقدماتی,پرایس اکشن یعنی چی؟,پرایس اکشن یعنی روش معامله‌گری بر اساس حرکات خود قیمت: تحلیل تکنیکی حرکات قیمت، بدون تکیه بر اندیکاتورها یا سیستم‌های پیچیده. اصل کلیدی درس: «همه چیز تو خود قیمته» — همان کندلی که می‌بینی گویای همه چیز است. دلیلش این است که کار بر پایه‌ی عرضه و تقاضاست و هر چیزی در بازار از خریدار و فروشنده نشأت می‌گیرد.,guidance,,سبحان صمدی,منبع: ACA-INT-0177 | تأیید انسانی نشده؛ به‌عنوان راهنمایی آموزشی وارد شد، نه واقعیت رسمی.
official,دوره مقدماتی,فرق تکنیکال و فاندامنتال چیه؟,درس سه نوع تحلیل را از هم جدا می‌کند: تکنیکال (تحلیل بر اساس خود قیمت و نمودار)، فاندامنتال (تحلیل بر اساس اخبار، گزارش‌ها و داده‌های اقتصادی) و پرایس اکشن که زیرشاخه‌ای از تکنیکال است و فقط بر اساس حرکات قیمت کار می‌کند.,guidance,,سبحان صمدی,منبع: ACA-INT-0178 | تأیید انسانی نشده؛ به‌عنوان راهنمایی آموزشی وارد شد، نه واقعیت رسمی.
official,دوره مقدماتی,برای موفق شدن چی لازمه؟,"مدرس موفقیت در معامله‌گری را حاصل پنج جزء می‌داند و ترتیب اهمیت را هم می‌گوید:
۱) روان‌شناسی (ذهنیت و شخصیت) — مهم‌ترین عامل
۲) مهارت تکنیکال — یعنی همان پرایس اکشن
۳) مدیریت سرمایه و ریسک — عامل بقا در بازار
۴) استراتژی‌نویسی و تریدینگ پلن — نقشه‌ی راه
۵) آموزش با مربی (منتورینگ) — برای تصحیح اشتباهات
او تأکید می‌کند که فقط تکنیکال کافی نیست.",guidance,,سبحان صمدی,منبع: ACA-INT-0185 | تأیید انسانی نشده؛ به‌عنوان راهنمایی آموزشی وارد شد، نه واقعیت رسمی.
official,دوره مقدماتی,خلاصه‌ی پرایس اکشن چیه؟,"پنج جمله‌ی پایانی درس:
۱) پرایس اکشن = تحلیل حرکات قیمت بر اساس عرضه و تقاضا.
۲) بازار = احتمالات (قانون شصت‌چهل).
۳) پرایس اکشن = بازتاب رفتار انسان‌ها و به همین دلیل همیشه کارآمد.
۴) موفقیت = روان‌شناسی + مهارت + مدیریت ریسک + استراتژی + منتور.
۵) همه چیز در خود قیمت است.
توصیه‌ی پایانی: عمل کنید، تمرین کنید و با مربی همراه باشید.",guidance,,سبحان صمدی,منبع: ACA-INT-0189 | تأیید انسانی نشده؛ به‌عنوان راهنمایی آموزشی وارد شد، نه واقعیت رسمی.
official,دوره مقدماتی,پین بار چیه؟,"پین‌بار کندلی است با سایه‌ی بلند در یک جهت و بدنه‌ی کوچک در جهت مخالف، و نشان‌دهنده‌ی تمایل بازار به یک جهت مشخص است.
• پین‌بار صعودی: سایه‌ی بلند پایین + بدنه در بالا → قدرت خریداران، تمایل به صعود.
• پین‌بار نزولی: سایه‌ی بلند بالا + بدنه در پایین → قدرت فروشندگان، تمایل به نزول.",guidance,,سبحان صمدی,منبع: ACA-INT-0194 | تأیید انسانی نشده؛ به‌عنوان راهنمایی آموزشی وارد شد، نه واقعیت رسمی.
official,دوره مقدماتی,پین بار معتبر چه شکلیه؟,"چهار چیزی که اعتبار یک پین‌بار را تعیین می‌کند:
۱) رنگ بدنه اهمیتی ندارد — آنچه مهم است قدرت خریدار یا فروشنده است.
۲) طول سایه مهم است — هرچه سایه بلندتر، قدرت بیشتر.
۳) موقعیت تشکیل — پین‌بار در سطوح مهم (حمایت و مقاومت) ارزش بیشتری دارد.
۴) نسبت بدنه به سایه — سایه باید حداقل ۲ برابر بدنه باشد.",guidance,,سبحان صمدی,منبع: ACA-INT-0195 | تأیید انسانی نشده؛ به‌عنوان راهنمایی آموزشی وارد شد، نه واقعیت رسمی.
official,دوره مقدماتی,با دیدن پین بار وارد بشم؟,تأکید صریح درس: پین‌بار یک سیگنال است، نه یک استراتژی کامل. کاربرد درست آن در کنار سه چیز است: تشخیص چرخه‌ی بازار (اسپایک/کانال/رنج)، سطوح حمایت و مقاومت، و روند کلی بازار. اگر پین‌بار در جهت روند و روی یک سطح مهم تشکیل شود، احتمال موفقیت بالا می‌رود. فرمول درس: سیگنال پین‌بار + تشخیص چرخه + سطح مهم = ورود موفق. مثالی که می‌زند: پین‌بار صعودی در کف یک کانال صعودی.,guidance,,سبحان صمدی,منبع: ACA-INT-0196 | تأیید انسانی نشده؛ به‌عنوان راهنمایی آموزشی وارد شد، نه واقعیت رسمی.
official,دوره مقدماتی,چطور با پین بار معامله کنم؟,"چهار اصلی که درس برای معامله با پین‌بار می‌گذارد:
۱) با روند نجنگ — اگر روند صعودی است، پین‌بارهای نزولی را نادیده بگیر.
۲) در سطوح مهم — پین‌بار روی حمایت یا مقاومت ارزش بیشتری دارد.
۳) تأیید با کندل بعدی — منتظر بمان تا کندل بعدی جهت را تأیید کند.
۴) مدیریت ریسک — همیشه حد ضرر مشخص کن.",guidance,,سبحان صمدی,منبع: ACA-INT-0197 | تأیید انسانی نشده؛ به‌عنوان راهنمایی آموزشی وارد شد، نه واقعیت رسمی.
official,دوره مقدماتی,اشتباه رایج تو پین بار چیه؟,چهار اشتباهی که درس نام می‌برد: معامله کردن با پین‌بار به‌تنهایی و بدون تأیید؛ نادیده گرفتن روند و معامله خلاف آن؛ توجه نکردن به موقعیت تشکیل (پین‌بار در هر جایی معتبر نیست)؛ و ورود بدون حد ضرر.,guidance,,سبحان صمدی,منبع: ACA-INT-0198 | تأیید انسانی نشده؛ به‌عنوان راهنمایی آموزشی وارد شد، نه واقعیت رسمی.
official,دوره مقدماتی,خلاصه‌ی جلسه‌ی پین بار چیه؟,هفت جمله‌ی پایانی درس: پرایس اکشن بازتاب رفتار انسان‌هاست؛ بازار سه چرخه‌ی اصلی دارد (اسپایک، کانال، رنج)؛ پین‌بار سیگنال تمایل بازار است؛ سایه‌ی بلند یعنی قدرت بالا؛ بدنه یعنی خالص حرکت قیمت؛ با روند کار کن نه برخلاف آن؛ و پین‌بار به‌تنهایی کافی نیست — به چرخه و سطح توجه کن. جمله‌ی آخر جمع‌بندی: همیشه حد ضرر بگذار.,guidance,,سبحان صمدی,منبع: ACA-INT-0200 | تأیید انسانی نشده؛ به‌عنوان راهنمایی آموزشی وارد شد، نه واقعیت رسمی.
official,دوره مقدماتی,چند نوع روند داریم؟,قیمت در هر بازاری فقط سه حالت دارد: روند صعودی (Bullish) یعنی قیمت در حال افزایش، روند نزولی (Bearish) یعنی قیمت در حال کاهش، و روند خنثی یا رنج (Range) یعنی نوسان در یک محدوده. در روند خنثی خریدار و فروشنده بی‌تصمیم‌اند و نمی‌دانند قیمت بالا می‌رود یا پایین؛ به همین دلیل رفتار معامله‌گران در این حالت با دو حالت دیگر فرق می‌کند.,guidance,,سبحان صمدی,منبع: ACA-INT-0201 | تأیید انسانی نشده؛ به‌عنوان راهنمایی آموزشی وارد شد، نه واقعیت رسمی.
official,دوره مقدماتی,اصلاح یعنی چی؟,هر روند از دو جزء ساخته می‌شود: اکستنشن (Extension) یعنی گام‌های حرکتی در جهت روند، و اصلاح (Correction یا Pullback) یعنی برگشت موقت خلاف جهت روند. مدرس تأکید می‌کند قیمت هیچ‌وقت از نقطه‌ی A به B بدون اصلاح نمی‌رود؛ الگو همیشه «حرکت، اصلاح، حرکت، اصلاح، حرکت» است. قانون طلایی این بخش: اکستنشن باید بزرگ‌تر از اصلاح باشد.,guidance,,سبحان صمدی,منبع: ACA-INT-0203 | تأیید انسانی نشده؛ به‌عنوان راهنمایی آموزشی وارد شد، نه واقعیت رسمی.
official,دوره مقدماتی,از کجا بفهمم روند صعودیه؟,روند صعودی تا زمانی صعودی است که هر دو شرط برقرار باشد: سقف بالاتر (Higher High) یعنی سقف فعلی بالاتر از سقف قبلی، و کف بالاتر (Higher Low) یعنی کف فعلی بالاتر از کف قبلی. به بیان ساده: تا وقتی قیمت بتواند پی‌درپی سقف بالاتر و کف بالاتر بسازد، روند صعودی است.,guidance,,سبحان صمدی,منبع: ACA-INT-0204 | تأیید انسانی نشده؛ به‌عنوان راهنمایی آموزشی وارد شد، نه واقعیت رسمی.
official,دوره مقدماتی,از کجا بفهمم روند نزولیه؟,روند نزولی تا زمانی نزولی است که هر دو شرط برقرار باشد: سقف پایین‌تر (Lower High) یعنی سقف فعلی پایین‌تر از سقف قبلی، و کف پایین‌تر (Lower Low) یعنی کف فعلی پایین‌تر از کف قبلی.,guidance,,سبحان صمدی,منبع: ACA-INT-0205 | تأیید انسانی نشده؛ به‌عنوان راهنمایی آموزشی وارد شد، نه واقعیت رسمی.
official,دوره مقدماتی,تو رنج چیکار کنم؟,در روند خنثی خریدار و فروشنده هر دو بی‌تصمیم‌اند و قیمت در یک محدوده‌ی مشخص بالا و پایین می‌رود — بین یک سطح حمایت و یک سطح مقاومت. شکست هر کدام از این دو سطح، شروع یک روند جدید را نشان می‌دهد.,guidance,,سبحان صمدی,منبع: ACA-INT-0206 | تأیید انسانی نشده؛ به‌عنوان راهنمایی آموزشی وارد شد، نه واقعیت رسمی.
official,دوره مقدماتی,از کجا بفهمم روند تموم شده؟,"نکته‌ای که مدرس آن را کلیدی می‌داند: آخرین جایی که قیمت اصلاح کرده، مهم‌ترین نقطه است.
• در روند صعودی: اگر آخرین کف شکسته شود، روند صعودی تمام شده و همان نقطه می‌تواند شروع یک روند جدید باشد.
• در روند نزولی: اگر آخرین سقف شکسته شود، روند نزولی تمام شده است.",guidance,,سبحان صمدی,منبع: ACA-INT-0207 | تأیید انسانی نشده؛ به‌عنوان راهنمایی آموزشی وارد شد، نه واقعیت رسمی.
official,دوره مقدماتی,برای تمرین ترند چیکار کنم؟,"تمرینی که مدرس برای همین جلسه می‌دهد: روی نمودار خودت سقف‌ها و کف‌ها را رسم کن، نوع روند فعلی را مشخص کن (صعودی، نزولی یا خنثی)، آخرین نقطه‌ی اصلاح را پیدا کن، ببین قیمت به کدام سمت شکسته شده، و با روند کار کن نه برخلاف آن. او همچنین از ابتدای جلسه می‌خواهد دفتر کنار دستت باشد و بدون اینکه او بگوید، خودت یادداشت‌برداری کنی.

• روی نمودار خودت سقف‌ها و کف‌ها را رسم کن.
• مشخص کن روند فعلی صعودی، نزولی یا خنثی است.
• آخرین نقطه‌ی اصلاح را پیدا کن و علامت بزن.
• ببین قیمت آن نقطه را به کدام سمت شکسته است.
• معامله را هم‌جهت با روند بگیر، نه برخلاف آن.",guidance,,سبحان صمدی,منبع: ACA-INT-0210 | تأیید انسانی نشده؛ به‌عنوان راهنمایی آموزشی وارد شد، نه واقعیت رسمی.
official,دوره مقدماتی,تو ریزش، پین بار صعودی دیدم، بخرم؟,مثالی که مدرس می‌زند: وقتی مارکت در یک سایکل نزولی (اسپایک) است، نمی‌توان با دیدن یک پین‌بار صعودی وارد خرید شد. سه کار لازم است: اول تشخیص اینکه در کدام سایکل هستیم (اسپایک، کانال، رنج)، بعد انتظار برای تأیید (کی بار)، و در نهایت حرکت در جهت روند اصلی.,guidance,,سبحان صمدی,منبع: ACA-INT-0216 | تأیید انسانی نشده؛ به‌عنوان راهنمایی آموزشی وارد شد، نه واقعیت رسمی.
official,دوره مقدماتی,تمرین این جلسه چیه؟,"تمرین این جلسه شش گام دارد: سقف و کف‌ها را روی نمودار خودت رسم کن؛ تشخیص بده در کدام سایکل هستی (اسپایک، کانال، رنج)؛ دنبال پین‌بارها بگرد؛ منتظر تأیید (کی بار) بمان؛ در جهت روند اقدام کن؛ و نقطه‌ی خروج را از پیش مشخص کن.

• سقف‌ها و کف‌ها را روی نمودار خودت رسم کن.
• مشخص کن در کدام سایکل هستی: اسپایک، کانال یا تریدینگ رنج.
• روی چارت دنبال پین‌بارها بگرد.
• منتظر کندل تأییدیه (کی بار) بمان.
• معامله را هم‌جهت با روند بگیر.
• نقطه‌ی خروج را پیش از ورود مشخص کن.",guidance,,سبحان صمدی,منبع: ACA-INT-0220 | تأیید انسانی نشده؛ به‌عنوان راهنمایی آموزشی وارد شد، نه واقعیت رسمی.
official,دوره مقدماتی,خلاصه‌ی این جلسه چیه؟,شش جمله‌ی پایانی: پین‌بار سیگنال است نه استراتژی کامل؛ کی بار کندل تأییدیه‌ی روند است؛ سایکل‌ها اسپایک ← کانال ← رنج هستند؛ با روند کار کن نه برخلاف آن؛ همیشه نقطه‌ی ورود و خروج مشخص داشته باش؛ و مدیریت سرمایه و ریسک را رعایت کن. توصیه‌ی پایانی مدرس: صبر و ثبات‌قدم رمز موفقیت در این مسیر است.,guidance,,سبحان صمدی,منبع: ACA-INT-0221 | تأیید انسانی نشده؛ به‌عنوان راهنمایی آموزشی وارد شد، نه واقعیت رسمی.
official,دوره مقدماتی,۱۲ کلمه چیه؟,"هنگام ساخت کیف پول، ۱۲ کلمه‌ی بازیابی داده می‌شود. تأکید درس: این کلمات را دقیقاً به ترتیب یادداشت کنید، در جای بسیار امن نگه دارید و به هیچ‌کس نشان ندهید — هر کسی به این کلمات دسترسی داشته باشد به کل دارایی شما دسترسی دارد.
این قاعده برای مربی مطلق است: مربی هرگز از دانشجو عبارت بازیابی، رمز یا اطلاعات حساب نمی‌خواهد و اگر دانشجو آن را فرستاد، باید فوراً هشدار دهد که کیف پول را سوخته فرض کند و دارایی را به کیف پول جدید منتقل کند.",guidance,,سبحان صمدی,منبع: ACA-INT-0227 | تأیید انسانی نشده؛ به‌عنوان راهنمایی آموزشی وارد شد، نه واقعیت رسمی. | مربی تحت هیچ شرایطی عبارت بازیابی یا رمز حساب را از دانشجو نمی‌خواهد. | اگر دانشجو عبارت بازیابی را جایی وارد یا ارسال کرده، باید بلافاصله دارایی را به کیف پول تازه منتقل کند.
official,دوره مقدماتی,هدف این دوره چیه؟,هدف صریح مجموعه‌ی آموزشی به بیان مدرس: ساختن تریدر، نه تحلیلگر — چون در این بازار تریدر است که کسب سود می‌کند. تریدر از ریزش هم سود می‌گیرد و کارش این نیست که بگوید قیمت اونس جهانی چقدر شده و هفته‌ی بعد بالا می‌رود یا پایین. تریدر می‌داند کجا وارد شود، کجا خارج شود و روان خودش را کنترل کند.,guidance,,سبحان صمدی,منبع: ACA-INT-0242 | تأیید انسانی نشده؛ به‌عنوان راهنمایی آموزشی وارد شد، نه واقعیت رسمی.
official,دوره مقدماتی,کی برم روی حساب ریل؟,"قاعده‌ی صریح و مطلق پایان دوره: «هیچ‌کس بدون تأییدیه‌ی من وارد حساب ریل نشود.» ورود به حساب واقعی مشروط به گرفتن تأییدیه از منتور است، و تمرین‌های دانشجو ارسال و بررسی می‌شود.
این یکی از مهم‌ترین قواعد ایمنی مالی دوره است: مربی هرگز نباید به دانشجو بگوید آماده‌ی حساب ریل است؛ این تشخیص فقط با منتور انسانی است.",guidance,,سبحان صمدی,منبع: ACA-INT-0245 | تأیید انسانی نشده؛ به‌عنوان راهنمایی آموزشی وارد شد، نه واقعیت رسمی. | مربی هوش مصنوعی تحت هیچ شرایطی آمادگی دانشجو برای حساب ریل را تأیید نمی‌کند؛ ارجاع به منتور.
official,دوره مقدماتی,مسیر یادگیری چیه؟,"مسیر رسمی پیشرفت در آکادمی، پنج مرحله دارد: (۱) استراتژی بنویس — متناسب با روحیه و زمان خودت؛ (۲) بک‌تست اصولی بگیر؛ (۳) تریدینگ پلن بنویس؛ (۴) فورواردتست کن؛ (۵) از منتور تأییدیه بگیر تا وارد حساب ریل شوی. تمرین‌ها ارسال می‌شوند و بررسی می‌شوند.

• استراتژی خودت را متناسب با روحیه و زمانت بنویس.
• روی داده‌ی گذشته بک‌تست اصولی بگیر.
• تریدینگ پلن مکتوب بنویس.
• روی بازار زنده فورواردتست کن (حساب دمو).
• نتیجه را به منتور بده و برای ورود به حساب ریل تأییدیه بگیر.",guidance,,سبحان صمدی,منبع: ACA-INT-0246 | تأیید انسانی نشده؛ به‌عنوان راهنمایی آموزشی وارد شد، نه واقعیت رسمی.
official,هوش هیجانی,انگیزه‌م رو از دست دادم,"صریح‌ترین قاعده‌ی این بخش: هوش هیجانی باید قائم به ذات باشد. کسی که هوش هیجانی بالایی دارد:
• دنبال انگیزه گرفتن از دیگران نیست،
• خودش به خودش انگیزه می‌دهد،
• منتظر نمی‌ماند کسی بیاید دستش را بگیرد.
مدرس این را با تجربه‌ی خودش می‌گوید و صادقانه هم قید می‌زند: «نمی‌توانم بگویم هیچ‌وقت نبودم، از دیدن ماشین‌های گران‌قیمت لذت می‌بردم» — اما کسی نبود که بیاید و او را بلند کند.",guidance,,سبحان صمدی,منبع: ACA-EQ-0022 | تأیید انسانی نشده؛ به‌عنوان راهنمایی آموزشی وارد شد، نه واقعیت رسمی. | 💡 کاربرد مستقیم برای مربی: دانشجویی که مرتب دنبال تأیید، انگیزه یا اطمینان گرفتن از منتور است، الگویی را نشان می‌دهد که همین درس نامش را برده. پاسخ درست، انگیزه دادن نیست — کمک به دیدن همین الگو است.
official,هوش هیجانی,چطور تست بدم؟,"آکادمی تست هوش هیجانی را روی سایت قرار داده است. مشخصات و شرط استفاده:
• تست بین‌المللی و بسیار کامل است.
• باید واقع‌بینانه به آن پاسخ داده شود — این شرط اصلی است، چون خروجی تست فقط به اندازه‌ی صداقت پاسخ‌ها ارزش دارد.
• سایت امتیاز را محاسبه می‌کند؛ کاربر می‌تواند جداگانه هم امتیاز بگیرد.
• پس از تست، دوره ادامه پیدا می‌کند و درباره‌ی نتیجه صحبت می‌شود.
این با قاعده‌ی تکرار هر سه ماه و با معرفی دوره در سند پشتیبانی هم‌خوان است.",guidance,,سبحان صمدی,منبع: ACA-EQ-0024 | تأیید انسانی نشده؛ به‌عنوان راهنمایی آموزشی وارد شد، نه واقعیت رسمی. | اگر پاسخ‌ها واقع‌بینانه نباشد، نمره‌ی تست هیچ ارزشی ندارد.
official,هوش هیجانی,حالم خوب نیست، ترید کنم؟,"پرسش کلیدی مدرس: آیا می‌شود بدون حال خوب به موفقیت رسید؟ پاسخ او: خیر.
و نتیجه‌ای که می‌گیرد مهم است: تلاش کردن برای حال خوب، خودش یک اقدام هوشمندانه است — یعنی حال خوب یک تجمل نیست، بخشی از کار است. «تا زمانی که حالمون خوب باشه، می‌تونیم برای موفقیت قدم برداریم.»
مدرس نقل‌قولی از رابرت کیوساکی هم می‌آورد: اگر نتوانی یک میلیون تومان را مدیریت کنی، نمی‌توانی یک میلیارد تومان را مدیریت کنی.",guidance,,سبحان صمدی,منبع: ACA-EQ-0033 | تأیید انسانی نشده؛ به‌عنوان راهنمایی آموزشی وارد شد، نه واقعیت رسمی. | نقل‌قول کیوساکی به‌صورت غیرمستقیم نقل می‌شود، نه به‌عنوان جمله‌ی مستند. | ⚠️ این نقل‌قول در درس بدون ذکر منبع دقیق آمده؛ مربی آن را به‌صورت «نقل‌قولی که مدرس می‌آورد» بیان می‌کند، نه عین جمله‌ی مستند.
official,هوش هیجانی,کدوم نماد رو معامله کنم؟,مدرس فرمول تصمیم‌گیری را با یک نمونه‌ی آشنا تمرین می‌دهد: «کدام نماد معاملاتی را انتخاب کنم؟» و دو گزینه را کنار هم می‌گذارد؛ سپس مزایا و معایب هرکدام نوشته و مقایسه می‌شود و تصمیم منطقی گرفته می‌شود.,guidance,,سبحان صمدی,منبع: ACA-EQ-0038 | تأیید انسانی نشده؛ به‌عنوان راهنمایی آموزشی وارد شد، نه واقعیت رسمی. | مربی از این مثال برای توصیه یا رد هیچ نماد معاملاتی استفاده نمی‌کند. | ⚠️ قاعده‌ی پاسخ (ACA-RULE-0003، D-0015): این رکورد روش تصمیم‌گیری را آموزش می‌دهد، نه انتخاب نماد. مربی از این مثال برای پیشنهاد یا رد کردن هیچ نمادی استفاده نمی‌کند و اگر دانشجو بپرسد «کدام نماد را معامله کنم؟»، همان فرمول را به او می‌دهد تا خودش تصمیم بگیرد.
official,هوش هیجانی,انعطاف‌پذیری یعنی چی؟,"انعطاف‌پذیری: توانایی وفق پیدا کردن با شرایط فعلی و سازگار شدن با محیط.
مثال درس: در شرایطی مثل دوران کرونا یا تغییرات اقتصادی، افرادی که انعطاف‌پذیری بالایی دارند خودشان را با شرایط جدید وفق می‌دهند.",guidance,,سبحان صمدی,منبع: ACA-EQ-0045 | تأیید انسانی نشده؛ به‌عنوان راهنمایی آموزشی وارد شد، نه واقعیت رسمی. | 💡 معادل معاملاتی‌اش روشن است: بازاری که رفتارش عوض شده، معامله‌گری می‌خواهد که برنامه‌اش را با شرایط جدید تطبیق بدهد، نه کسی که با شرایط قدیمی بجنگد.
official,هوش هیجانی,تحمل فشارم پایینه,"تحمل فشار روانی: میزان مقاومت در برابر مشکلات.
تحمل پایین: با کوچک‌ترین چیزی به هم می‌ریزد · سریع دچار استرس می‌شود · واکنش شدید نشان می‌دهد.
تحمل بالا: در شرایط بحرانی کنترل دارد · می‌پذیرد و مدیریت می‌کند · هندل می‌کند.
مثال درس — تصادف: فرد با تحمل پایین دعوا می‌کند و از کوره در می‌رود؛ فرد با تحمل بالا می‌پذیرد و مدیریت می‌کند.
آستانه‌ی نمره در این بخش: بالای ۲۰ تا ۲۸ خوب است.",guidance,,سبحان صمدی,منبع: ACA-EQ-0046 | تأیید انسانی نشده؛ به‌عنوان راهنمایی آموزشی وارد شد، نه واقعیت رسمی. | زمان‌مند: این آستانه‌ها مربوط به همین تست است و آستانه‌ی عمومی نیست. | 💡 معادل معاملاتی مثال تصادف: همان ضرری که اتفاق افتاده — یکی با بازار دعوا می‌کند (انتقام و اوورترید)، دیگری می‌پذیرد و روز را می‌بندد (ACA-EQ-0007).
official,هوش هیجانی,خوش‌بین باشم یعنی چی؟,"اصل درس: عینک خود را انتخاب کن. اگر عینک کدر باشد، همه چیز را کدر می‌بینی.
مثال: اگر لاستیک ماشین پنچر شد، شاید همان ۱۰ دقیقه توقف تو را از یک اتفاق بدتر نجات داده باشد.
قید مهم مدرس: «نمی‌خواهیم غیرواقعی‌بینانه نگاه کنیم، اما خوش‌بینی به ما انرژی می‌دهد.» — یعنی خوش‌بینی جایگزین واقع‌بینی نیست.",guidance,,سبحان صمدی,منبع: ACA-EQ-0047 | تأیید انسانی نشده؛ به‌عنوان راهنمایی آموزشی وارد شد، نه واقعیت رسمی. | خوش‌بینی جایگزین واقع‌بینی نیست؛ مربی از آن برای امیدوار کردن نسبت به یک معامله‌ی باز استفاده نمی‌کند. | ⚠️ مرز مهم برای مربی: این رکورد درباره‌ی نگاه به اتفاقات گذشته است، نه درباره‌ی انتظار از بازار. مربی هرگز از آن برای دلگرمی دادن نسبت به یک معامله‌ی باز یا پیش‌بینی نتیجه استفاده نمی‌کند (ACA-RULE-0003).
official,هوش هیجانی,راز موفقیت چیه؟,"جمع‌بندی سه‌عاملی که درس به دانیل گلمن نسبت می‌دهد:
۱. مدیریت احساسات (کنترل خود)
۲. قدرت تصمیم‌گیری (انتخاب درست)
۳. به تأخیر انداختن خواسته‌های لذت برای رسیدن به اهداف",guidance,,سبحان صمدی,منبع: ACA-EQ-0049 | تأیید انسانی نشده؛ به‌عنوان راهنمایی آموزشی وارد شد، نه واقعیت رسمی. | 💡 این سه دقیقاً همان سه ستونی است که کل دوره روی آن‌ها ساخته شده: ACA-EQ-0029 (مدیریت احساس)، ACA-EQ-0037 (فرمول تصمیم) و ACA-EQ-0011 (تکانه و مهار نفس).
official,هوش هیجانی,تمرین روزانه چی انجام بدم؟,"تمرین پایانی دوره، یک عادت روزانه است، نه یک کار یک‌باره:
جمله‌ی مدرس: «هر آدم موفق در جهان، در برهه‌ای از زندگی تنها بوده و با خودش خلوت کرده است.»

• هر روز چند دقیقه — حتی ۵ دقیقه — در خلوت خودت باش.
• گوشی را کنار بگذار.
• فقط فکر کن و خودت را بشناس.
• نقاط قوت و ضعف خودت را مرور کن.",guidance,,سبحان صمدی,منبع: ACA-EQ-0052 | تأیید انسانی نشده؛ به‌عنوان راهنمایی آموزشی وارد شد، نه واقعیت رسمی. | 💡 این تمرین مستقیماً همان «۵۰ درصد راه بهبود = خودشناسی» را عملی می‌کند (ACA-EQ-0015)، و مکمل تمرین دفتر تصمیمات بخش سوم است (ACA-EQ-0041). | ⚠️ در ترنسکریپت «غار تنهایی» به‌صورت «قار تنهایی» نوشته شده؛ عین متن حفظ و املای درست اینجا ثبت شد.
official,دوره مقدماتی,از کجا شروع کنم؟,اگر دانشجو هیچ اطلاعاتی از بازار مالی ندارد، باید از ویدیوی اول شروع کند. اگر مفاهیم پایه (فارکس، بروکر، متاتریدر) را می‌داند و با سبک‌های دیگر مثل الیوت کار کرده است، مدرس الزاماً تماشای ویدیوی ۱۰ به بعد را توصیه می‌کند. با این حال ترجیح او این است که همه از ابتدا ببینند تا ذهن مرتب چیده شود.,guidance,,سبحان صمدی,منبع: ACA-INT-0003 | تأیید انسانی نشده؛ به‌عنوان راهنمایی آموزشی وارد شد، نه واقعیت رسمی.
official,دوره مقدماتی,سبک آکادمی چیه؟,مدرس سبک آموزشی خود را «معاملگری پرایس اکشن تکنیکال» یا «معاملگری حرکات قیمت» معرفی می‌کند. نام رسمی دوره هم «آموزش مقدماتی — معاملگری حرکات قیمت» است.,guidance,,سبحان صمدی,منبع: ACA-INT-0005 | تأیید انسانی نشده؛ به‌عنوان راهنمایی آموزشی وارد شد، نه واقعیت رسمی.
official,دوره مقدماتی,چرا با اینکه آموزش دیدم سود نمی‌کنم؟,به گفته‌ی مدرس، از بیش از دو هزار نفری که با آن‌ها صحبت کرده، بیش از ۶۰ درصد قبلاً آموزش دیده بودند — تکنیکال، مدیریت سرمایه و روانشناسی — اما به سود نرسیده بودند. دلایلی که او نام می‌برد: نداشتن پلن، نداشتن تسلط بر خودشناسی، و از همه مهم‌تر اشتباه بودن مسیر تکنیکالی که از ابتدا آموخته‌اند. مثال او: اگر بخواهی از تهران به مشهد بروی ولی مسیر را جاده‌ی شمال بیندازی، با سرعت سیصد کیلومتر هم هیچ‌وقت به مشهد نمی‌رسی؛ انگیزه و اشتیاق جای مسیر درست را نمی‌گیرد.,guidance,,سبحان صمدی,منبع: ACA-INT-0014 | تأیید انسانی نشده؛ به‌عنوان راهنمایی آموزشی وارد شد، نه واقعیت رسمی.
official,دوره مقدماتی,استراتژی رو باید بنویسم؟,تمرکز مدرس بر این است که یاد بدهد چطور یک چارچوب مشخص و یک استراتژی مکتوب داشته باشید. استراتژی باید نوشته شود، نه اینکه فقط در ذهن باشد.,guidance,,سبحان صمدی,منبع: ACA-INT-0015 | تأیید انسانی نشده؛ به‌عنوان راهنمایی آموزشی وارد شد، نه واقعیت رسمی.
official,دوره مقدماتی,من قبلاً سبک دیگه‌ای کار کردم، چیکار کنم؟,مدرس از دانشجو می‌خواهد «ظرف دانش ذهنش را خالی کند»: بسیاری به دلایل مختلف نسبت به آموزش گارد می‌گیرند و اجازه نمی‌دهند اطلاعات جدید وارد شود. درخواست او این است که از ویدیوی ۱۰ به بعد، آنچه گفته می‌شود را روی چارت خود پیاده کند. سپس اضافه می‌کند: اگر نتیجه‌اش را ندیدی، حرف مرا نپذیر.,guidance,,سبحان صمدی,منبع: ACA-INT-0017 | تأیید انسانی نشده؛ به‌عنوان راهنمایی آموزشی وارد شد، نه واقعیت رسمی.
official,دوره مقدماتی,چقدر طول می‌کشه تا سودده بشم؟,مدرس معامله‌گری را یک مسیر می‌داند که در آن باید صبر و تعهد آموخت و می‌گوید این مسیر مقصد ندارد؛ هرچه بیشتر روی آن کار کنی، بیشتر می‌بینی که تازه اول راه هستی. تنها درخواست او از دانشجو ثابت‌قدم بودن است و تأکید می‌کند این پروسه یک‌روزه نیست.,guidance,,سبحان صمدی,منبع: ACA-INT-0019 | تأیید انسانی نشده؛ به‌عنوان راهنمایی آموزشی وارد شد، نه واقعیت رسمی.
official,دوره مقدماتی,دوره مقدماتی پولیه؟,مدرس در این جلسه دوباره تأکید می‌کند که دوره‌ی مقدماتی کاملاً هدیه و رایگان است و اشاره می‌کند که نسخه‌ی قبلی این دوره را که در کانال تلگرام منتشر کرده بود، افراد دیگری در کانال‌های خودشان گذاشته و با مبالغ ۳ تا ۴ میلیون تومان فروخته‌اند. نسخه‌ی جدید کامل‌تر از نسخه‌ی قبلی است.,guidance,,سبحان صمدی,منبع: ACA-INT-0020 | تأیید انسانی نشده؛ به‌عنوان راهنمایی آموزشی وارد شد، نه واقعیت رسمی. | اگر کسی برای دوره‌ی مقدماتی پول می‌گیرد، فروشنده‌ی مجاز آکادمی نیست.
official,دوره مقدماتی,فارکس چیه؟,فارکس مخفف Foreign Exchange و به گفته‌ی مدرس بزرگ‌ترین بازار مالی جهان است. در این بازار پول کشورها در برابر هم مبادله می‌شود و همین خرید و فروش، ارزش آن پول‌ها را تعیین می‌کند. مدرس در پاسخ به پرسش رایج «فارکس قمار است؟» می‌گوید فارکس زیربنای نظام مالی است و اگر این بازار نباشد، نظام مالی و سازوکار تعیین ارزش پول‌ها وجود نخواهد داشت.,guidance,,سبحان صمدی,منبع: ACA-INT-0022 | تأیید انسانی نشده؛ به‌عنوان راهنمایی آموزشی وارد شد، نه واقعیت رسمی.
official,دوره مقدماتی,مبنای تحلیل آکادمی چیه؟,به گفته‌ی مدرس، وقتی نظام برتون وودز لغو شد، عرضه و تقاضا جایگزین آن شد و از آن زمان تا امروز ارزش هر ارز را خود مردم از راه خرید و فروش تعیین می‌کنند. او تأکید می‌کند خودش سیستم‌های زیادی از جمله هارمونیک و الیوت کار کرده و در نهایت به این رسیده که همه‌چیز از عرضه و تقاضا گرفته می‌شود؛ همان چیزی که در جلسه‌ی اول با عبارت «همه چیز از خود قیمت است» بیان کرد.,guidance,,سبحان صمدی,منبع: ACA-INT-0024 | تأیید انسانی نشده؛ به‌عنوان راهنمایی آموزشی وارد شد، نه واقعیت رسمی.
official,دوره مقدماتی,جفت ارز یعنی چی؟,جفت‌ارز یعنی پول دو کشور در برابر هم؛ مثل یورو در برابر دلار آمریکا، پوند در برابر دلار، دلار در برابر ین ژاپن، دلار استرالیا در برابر دلار آمریکا، دلار در برابر فرانک سوئیس و دلار نیوزیلند در برابر دلار آمریکا. نرخ جفت‌ارز نشان می‌دهد هر واحد ارز اول چند واحد ارز دوم می‌ارزد. چون دو ارز در برابر هم سنجیده می‌شوند، بالا رفتن یکی یعنی پایین آمدن ارزش دیگری.,guidance,,سبحان صمدی,منبع: ACA-INT-0025 | تأیید انسانی نشده؛ به‌عنوان راهنمایی آموزشی وارد شد، نه واقعیت رسمی.
official,دوره مقدماتی,می‌شه از ریزش هم سود کرد؟,برخلاف بازارهایی که فقط از رشد قیمت می‌توان سود گرفت، در فارکس بازار دوطرفه است: هم از افزایش قیمت و هم از ریزش قیمت می‌توان کسب سود کرد. مدرس این را یکی از تفاوت‌های مهم با بورس ایران می‌داند، جایی که به گفته‌ی او در سمت فروش عملاً امکان خروج وجود ندارد.,guidance,,سبحان صمدی,منبع: ACA-INT-0028 | تأیید انسانی نشده؛ به‌عنوان راهنمایی آموزشی وارد شد، نه واقعیت رسمی.
official,دوره مقدماتی,فروش استقراضی چیه؟,مدرس سود گرفتن از ریزش قیمت را «فروش استقراضی» می‌نامد و با مثال تخم‌مرغ توضیح می‌دهد. حالت خرید: تخم‌مرغ را ۱۰۰۰ تومان می‌خری و وقتی ۱۵۰۰ تومان شد می‌فروشی؛ ۵۰۰ تومان سود. حالت فروش استقراضی: از بروکر یک تخم‌مرغ قرض می‌گیری و همان لحظه ۱۰۰۰ تومان می‌فروشی؛ وقتی قیمت به ۵۰۰ تومان رسید، یکی می‌خری و به بروکر پس می‌دهی؛ ۵۰۰ تومان سود. اگر قیمت برخلاف پیش‌بینی بالا برود، برای پس دادن قرض باید از جیب بگذاری و همان‌جا ضرر می‌کنی.,guidance,,سبحان صمدی,منبع: ACA-INT-0029 | تأیید انسانی نشده؛ به‌عنوان راهنمایی آموزشی وارد شد، نه واقعیت رسمی.
official,دوره مقدماتی,اگه اشتباه پیش‌بینی کنم چی می‌شه؟,مدرس تأکید می‌کند هر پوزیشنی که خلاف جهت حرکت قیمت باشد ضرر می‌دهد: اگر خرید کرده باشی و قیمت پایین بیاید ضرر می‌کنی و اگر فروش زده باشی و قیمت بالا برود هم ضرر می‌کنی. به گفته‌ی او هنر معامله‌گری همین است: تشخیص اینکه در جای درست بخری و در جای درست بفروشی.,guidance,,سبحان صمدی,منبع: ACA-INT-0030 | تأیید انسانی نشده؛ به‌عنوان راهنمایی آموزشی وارد شد، نه واقعیت رسمی.
official,دوره مقدماتی,بروکر چیه؟,بروکر واسطه‌ی دسترسی معامله‌گر به بازار است. مدرس آن را با کارگزاری در بورس ایران مقایسه می‌کند: زمانی بانک‌ها واسطه‌ی اصلی بودند، اما با زیاد شدن تعداد معامله‌گران، واسطه‌ها یعنی بروکرها شکل گرفتند. وقتی دستور خرید می‌دهی، بروکر موظف به اجرای آن است و درآمدش از کارمزد به دست می‌آید.,guidance,,سبحان صمدی,منبع: ACA-INT-0033 | تأیید انسانی نشده؛ به‌عنوان راهنمایی آموزشی وارد شد، نه واقعیت رسمی.
official,دوره مقدماتی,بروکر رو چطور انتخاب کنم؟,"مدرس فهرست معیارهای انتخاب بروکر را چنین می‌دهد: کیفیت پشتیبانی، میزان کارمزد، سرعت ثبت معامله، تنوع روش‌های واریز و برداشت، دارایی‌های قابل معامله (فارکس، CFD، سهام) و رگوله بودن.

• کیفیت و در دسترس بودن پشتیبانی را بررسی کنید.
• میزان کارمزد و هزینه‌های معامله را مقایسه کنید.
• سرعت اجرای سفارش را بسنجید.
• روش‌های واریز و برداشت را با شرایط خودتان تطبیق دهید.
• فهرست دارایی‌های قابل معامله را ببینید.
• رگوله بودن و مجوزهای بروکر را بررسی کنید.",guidance,,سبحان صمدی,منبع: ACA-INT-0035 | تأیید انسانی نشده؛ به‌عنوان راهنمایی آموزشی وارد شد، نه واقعیت رسمی.
official,دوره مقدماتی,من سر کارم، چطور ترید کنم؟,مدرس در پاسخ به کسانی که شغل تمام‌وقت دارند می‌گوید فقط سه ساعت از روز را برای معامله انتخاب کنید؛ فرقی نمی‌کند صبح، بعدازظهر یا شب باشد، مهم این است که در آن سه ساعت انرژی داشته باشید. او نشستن از صبح تا شب پای چند مانیتور را اشتباه می‌داند و می‌گوید خودش هم اوایل همین اشتباه را می‌کرد و به گفته‌ی او ۹۹ درصد فعالان بازار همین مسیر اشتباه را می‌روند.,guidance,,سبحان صمدی,منبع: ACA-INT-0038 | تأیید انسانی نشده؛ به‌عنوان راهنمایی آموزشی وارد شد، نه واقعیت رسمی.
official,دوره مقدماتی,چرا قیمت حرکت می‌کنه؟,مدرس حرکت قیمت را با رابطه‌ی علت و معلول توضیح می‌دهد: علت، تصمیم معامله‌گران است و معلول، همان چیزی که روی چارت به‌صورت پرایس اکشن دیده می‌شود. به گفته‌ی او دیدگاه درست این است که ببینی پول‌های بزرگ به چه فکر می‌کنند؛ برخورد این تصمیم‌ها همان عرضه و تقاضا و همان نواحی ترس و طمع را می‌سازد. تشخیص این تصمیم‌ها خودش هنر است و نیازی به سیستم‌های پیچیده ندارد.,guidance,,سبحان صمدی,منبع: ACA-INT-0046 | تأیید انسانی نشده؛ به‌عنوان راهنمایی آموزشی وارد شد، نه واقعیت رسمی.
official,دوره مقدماتی,چارت چطور باهام حرف می‌زنه؟,به گفته‌ی مدرس، پرایس اکشن معلول است: بازتاب رفتار خود انسان‌ها. هر کندل و هر تیک قیمت دلیل پرایس‌اکشنی دارد و وقتی پرایس اکشن را درست درک کنی، بازار با تو حرف می‌زند — نواحی ترس، نواحی طمع و نواحی‌ای که بانک‌ها در آن تسویه می‌کنند.,guidance,,سبحان صمدی,منبع: ACA-INT-0047 | تأیید انسانی نشده؛ به‌عنوان راهنمایی آموزشی وارد شد، نه واقعیت رسمی.
official,دوره مقدماتی,اکشن تئوری چیه؟,مدرس نام این چارچوب را «اکشن تئوری» می‌گذارد و می‌گوید کاملاً بر پایه‌ی عرضه و تقاضاست. قاعده‌ی بنیادی: تا وقتی تقاضا از عرضه بیشتر باشد و خریداران حاضر به پرداخت بیشتر باشند، قیمت بالا می‌رود؛ و هر وقت عرضه بر تقاضا غلبه کند، قیمت پایین می‌آید. جمله‌ی کلیدی او: همه چیز در خود قیمت است.,guidance,,سبحان صمدی,منبع: ACA-INT-0050 | تأیید انسانی نشده؛ به‌عنوان راهنمایی آموزشی وارد شد، نه واقعیت رسمی.
official,دوره مقدماتی,کدوم بهتره؟,مدرس سه دسته تحلیل را معرفی می‌کند: تکنیکال که صرفاً بر اساس خود نمودار است، فاندامنتال که بر اساس داده‌های اقتصادی است، و ترکیب این دو که تکنوفاندامنتال نام دارد. او می‌گوید خودش را در هیچ‌کدام از دو اردوگاه افراطی نمی‌داند: هم تکنیکال خوب است و هم فاندامنتال، و با هرکدام اگر تخصصی بلد باشی می‌توانی نتیجه بگیری.,guidance,,سبحان صمدی,منبع: ACA-INT-0058 | تأیید انسانی نشده؛ به‌عنوان راهنمایی آموزشی وارد شد، نه واقعیت رسمی.
official,دوره مقدماتی,سیستم معاملاتی یعنی چی؟,به تعریف مدرس، سیستم معاملاتی یعنی اینکه بر چه دیدگاه و چه ذهنیتی بازار را بررسی می‌کنیم و بر آن اساس می‌گوییم قیمت صعودی می‌شود یا ریزشی. الیوت، فیبوناچی، هارمونیک، ایچیموکو و اندیکاتورها و اسیلاتورها همگی نمونه‌هایی از سیستم‌های معاملاتی هستند.,guidance,,سبحان صمدی,منبع: ACA-INT-0062 | تأیید انسانی نشده؛ به‌عنوان راهنمایی آموزشی وارد شد، نه واقعیت رسمی.
official,دوره مقدماتی,نظرتون درباره الیوت چیه؟,موضع مدرس صریح و دوبخشی است. اول: او هیچ سبکی را رد نمی‌کند و می‌گوید فیبوناچی، الیوت، هارمونیک، ایچیموکو و اندیکاتورها واقعاً در بازار نتیجه می‌دهند و می‌شود با آن‌ها به‌صورت مستمر کسب سود کرد. دوم: باور او این است که با پرایس اکشن مبتنی بر عرضه و تقاضا می‌توان ساده‌تر و حرفه‌ای‌تر به بازار نگاه کرد، پس مسیر پیشنهادی‌اش همان است. او تأکید می‌کند قصد کوبیدن هیچ سیستمی را ندارد.,guidance,,سبحان صمدی,منبع: ACA-INT-0063 | تأیید انسانی نشده؛ به‌عنوان راهنمایی آموزشی وارد شد، نه واقعیت رسمی.
official,دوره مقدماتی,چرا الیوت رو پیشنهاد نمی‌کنید؟,چهار ایرادی که مدرس به سیستم‌های سنتی می‌گیرد: یک، در تایم‌فریم پایین کار نمی‌کنند. دو، سیگنال با تأخیر می‌دهند. سه، تشخیصشان دشوار است — به‌ویژه انواع الیوت. چهار، حد ضررهای عریض دارند که نسبت ریسک به ریوارد را خراب می‌کند.,guidance,,سبحان صمدی,منبع: ACA-INT-0064 | تأیید انسانی نشده؛ به‌عنوان راهنمایی آموزشی وارد شد، نه واقعیت رسمی.
official,دوره مقدماتی,چرا اندیکاتور دیر سیگنال می‌ده؟,توضیح مکانیزمی مدرس: اندیکاتور و اسیلاتور بر اساس فرمول‌های ریاضی روی داده‌ی خود کندل ساخته می‌شوند؛ یعنی تا کندل شکل نگیرد، محاسبه‌ای انجام نمی‌شود. بنابراین اندیکاتور همیشه سایه‌ی قیمت و عقب‌تر از تصمیم معامله‌گران است: وقتی سیگنال می‌دهد، حرکت اصلی رخ داده و نسبت ریسک به ریوارد دیگر مناسب نیست. مدرس اضافه می‌کند خودش هم در ابتدای مسیر با همین ابزارها کار کرده و تا انتها رفته است.,guidance,,سبحان صمدی,منبع: ACA-INT-0065 | تأیید انسانی نشده؛ به‌عنوان راهنمایی آموزشی وارد شد، نه واقعیت رسمی.
official,دوره مقدماتی,چرا بک‌تست کافی نیست؟,مدرس میان تحلیل‌گری و تریدری مرز می‌گذارد: تحلیل‌گر بعد از حرکت می‌گوید «گفتم می‌رود بالا و رفت»، اما تریدر کسی است که در لایو مارکت وارد معامله شده باشد. تفاوت در این است که در لحظه‌ی واقعی ترس، طمع، استرس و حالات روانی دخیل می‌شوند و اینکه کجا وارد شوی اهمیت دارد. به همین دلیل معیار سنجش، عملکرد در بازار زنده است، نه بررسی گذشته.,guidance,,سبحان صمدی,منبع: ACA-INT-0067 | تأیید انسانی نشده؛ به‌عنوان راهنمایی آموزشی وارد شد، نه واقعیت رسمی.
official,دوره مقدماتی,بروکر چقدر مهمه؟,مدرس بروکر را یکی از مهم‌ترین قطعات پازل معامله‌گری می‌داند، چون واسط بین معامله‌گر و سیستم بانکی است: هر دستور خرید و فروش باید توسط بروکر به تأمین‌کننده‌ی نقدینگی (LP) یا بانک‌ها وصل شود. او می‌گوید خودش سر همین موضوع ضررهای زیادی دیده و بارها بروکر عوض کرده است.,guidance,,سبحان صمدی,منبع: ACA-INT-0069 | تأیید انسانی نشده؛ به‌عنوان راهنمایی آموزشی وارد شد، نه واقعیت رسمی.
official,دوره مقدماتی,بروکر خوب چه ویژگی‌هایی داره؟,"مدرس چهار معیار اصلی خودش برای انتخاب بروکر را می‌گوید: یک، امنیت سرمایه — از صد دلار تا صدها هزار دلار باید در جای امن باشد. دو، برداشت بدون دردسر — هر مقدار سود، بدون چون و چرا پرداخت شود. سه، پشتیبانی فارسی و مدیر حساب توانا. چهار، رگوله‌ی معتبر. او اضافه می‌کند اسپرد مناسب، پوشش نمادهای موردنیاز و عملکرد خوب در زمان اخبار هم مهم است.

• امنیت سرمایه و سابقه‌ی بروکر را بررسی کنید.
• شرایط و سابقه‌ی برداشت را بسنجید.
• کیفیت پشتیبانی فارسی و مدیر حساب را بررسی کنید.
• رگوله و مجوزهای بروکر را راستی‌آزمایی کنید.
• اسپرد، پوشش نمادها و رفتار بروکر در زمان اخبار را بسنجید.",guidance,,سبحان صمدی,منبع: ACA-INT-0071 | تأیید انسانی نشده؛ به‌عنوان راهنمایی آموزشی وارد شد، نه واقعیت رسمی.
official,دوره مقدماتی,کانال رسمی شما کدومه؟,مدرس تصریح می‌کند تنها کانال رسمی تلگرام او با آیدی sobhanforex است و آن را حرف‌به‌حرف هجی می‌کند. او هشدار می‌دهد کانال‌های زیادی به نام او ساخته شده که با گذاشتن عکس پروفایل او کلاهبرداری می‌کنند.,guidance,,سبحان صمدی,منبع: ACA-INT-0073 | تأیید انسانی نشده؛ به‌عنوان راهنمایی آموزشی وارد شد، نه واقعیت رسمی. | نشانی اینستاگرام و سایت رسمی هنوز ثبت نشده است (RQ-0016).
official,دوره مقدماتی,چه ایمیلی بدم؟,مدرس تأکید می‌کند ایمیلی که در بروکر ثبت می‌کنید باید ایمیلی باشد که مرتب به آن سر می‌زنید، چون اطلاع‌رسانی‌های مهم بروکر — مثلاً تعطیلی بازار در یک روز خاص — از همان مسیر می‌آید.,guidance,,سبحان صمدی,منبع: ACA-INT-0076 | تأیید انسانی نشده؛ به‌عنوان راهنمایی آموزشی وارد شد، نه واقعیت رسمی.
official,دوره مقدماتی,چطور متاتریدر رو به بروکر وصل کنم؟,"پس از نصب متاتریدر، باید آن را به حساب بروکر وصل کرد. شماره‌ی حساب از کابین معاملاتی برداشته می‌شود و در پلتفرم، از مسیر File بروکر جست‌وجو و حساب موجود وارد می‌شود. رمز عبور همان رمزی است که هنگام ثبت‌نام در بروکر تعیین شده است.

• وارد کابین معاملاتی بروکر شوید و روی حساب موردنظر کلیک کنید تا شماره‌ی حساب کپی شود.
• متاتریدر ۴ را باز کنید.
• از منوی بالا، File را بزنید.
• گزینه‌ی Open an Account را انتخاب کنید.
• در پایین پنجره، Add New Broker را پیدا کنید.
• نام بروکر را جست‌وجو کنید و سرور مربوط (دمو یا ریل) را انتخاب کنید.
• Next را بزنید و سپس Existing Trade Account را انتخاب کنید.
• شماره‌ی حساب را در Login و رمز عبور بروکر را در Password وارد کنید.
• Finish را بزنید و وضعیت اتصال را در پایین-راست بررسی کنید.",guidance,,سبحان صمدی,منبع: ACA-INT-0080 | تأیید انسانی نشده؛ به‌عنوان راهنمایی آموزشی وارد شد، نه واقعیت رسمی. | سرور دمو و ریل جدا هستند؛ سرور متناسب با نوع حساب خود را انتخاب کنید.
official,دوره مقدماتی,متاتریدر چیه؟,متاتریدر پلتفرمی است که همه‌ی اقدام‌های معامله‌گر — باز و بسته کردن معامله، گذاشتن حد ضرر و حد سود و هر تنظیم دیگر — از طریق آن انجام می‌شود. زنجیره‌ی دستور چنین است: معامله‌گر دستور را در متاتریدر می‌دهد، متاتریدر آن را به بروکر می‌رساند و بروکر به‌عنوان واسط، آن را به بانک‌ها و تأمین‌کننده‌ی نقدینگی (LP) منتقل می‌کند. پلتفرم‌های دیگری مثل سی‌تریدر و نینجاتریدر هم وجود دارند، اما رایج‌ترین پلتفرم جهان متاتریدر است و دو نسخه دارد: ۴ و ۵.,guidance,,سبحان صمدی,منبع: ACA-INT-0084 | تأیید انسانی نشده؛ به‌عنوان راهنمایی آموزشی وارد شد، نه واقعیت رسمی.
official,دوره مقدماتی,تایم فریم یعنی چی؟,تایم‌فریم یعنی هر کندل حاصل چه بازه‌ی زمانی است. متاتریدر ۴ این تایم‌فریم‌ها را دارد: M1 (یک دقیقه)، M5 (پنج دقیقه)، M15 (پانزده دقیقه)، M30 (سی دقیقه)، H1 (یک ساعت)، H4 (چهار ساعت)، Daily (یک روز)، Weekly (یک هفته) و Monthly (یک ماه). با پایان هر بازه، کندل جدید ساخته می‌شود؛ مثلاً همه‌ی کندل‌های یک روز معاملاتی در یک کندل دیلی خلاصه می‌شوند.,guidance,,سبحان صمدی,منبع: ACA-INT-0085 | تأیید انسانی نشده؛ به‌عنوان راهنمایی آموزشی وارد شد، نه واقعیت رسمی.
official,دوره مقدماتی,کدوم نوع چارت رو انتخاب کنم؟,سیر تحول نمودار به روایت مدرس: ابتدا لاین‌چارت بوده که فقط یک خط قیمت می‌داد؛ بعد بارچارت آمد که کف و سقف و باز و بسته شدن را نشان می‌داد؛ و در نهایت کندل‌استیک که امروز کل جهان با آن کار می‌کند. دلیل انتخاب کندل‌استیک این است که قدرت خریدار و فروشنده و عرضه و تقاضا همگی در خود کندل دیده می‌شوند. متدولوژی آکادمی با کندل‌استیک کار می‌کند.,guidance,,سبحان صمدی,منبع: ACA-INT-0087 | تأیید انسانی نشده؛ به‌عنوان راهنمایی آموزشی وارد شد، نه واقعیت رسمی.
official,دوره مقدماتی,چطور رنگ چارت رو عوض کنم؟,"با راست‌کلیک روی چارت و انتخاب Properties (یا کلید F8) پنجره‌ی تنظیمات باز می‌شود. در تب Color رنگ‌های نمودار قابل تغییر است و در تب Common تنظیمات نمایش. ترجیحات اعلام‌شده‌ی مدرس: نوع نمودار روی Candlestick باشد، گزینه‌ی Ask Line فعال باشد و Period Separator (جداکننده‌ی دوره‌ها) هم فعال باشد. او انتخاب رنگ‌ها را به دلایل روان‌شناختی و شرایط کار در شب و روز مهم می‌داند.

• روی چارت راست‌کلیک کنید و Properties را بزنید (یا F8).
• در تب Color رنگ‌های دلخواه را انتخاب کنید.
• در تب Common نوع نمودار را Candlestick بگذارید.
• گزینه‌ی Show Ask line را فعال کنید.
• گزینه‌ی Period separators را فعال کنید.
• OK را بزنید.",guidance,,سبحان صمدی,منبع: ACA-INT-0092 | تأیید انسانی نشده؛ به‌عنوان راهنمایی آموزشی وارد شد، نه واقعیت رسمی.
official,دوره مقدماتی,چطور تنظیمات چارتم رو روی بقیه چارت‌ها بذارم؟,"برای اینکه تنظیمات چارت روی چارت‌های دیگر هم اعمال شود، از Template استفاده می‌شود: Save Template تنظیمات فعلی را ذخیره می‌کند، Load Template آن را روی چارت دیگر اعمال می‌کند و Remove Template حذفش می‌کند. مدرس نمونه‌ی نام‌گذاری را «US» می‌گذارد.

• چارت را مطابق سلیقه تنظیم کنید.
• از نوار ابزار روی Template بزنید و Save Template را انتخاب کنید.
• نامی برای تمپلیت انتخاب و ذخیره کنید.
• روی چارت جدید، Template و سپس نام ذخیره‌شده را بزنید.",guidance,,سبحان صمدی,منبع: ACA-INT-0093 | تأیید انسانی نشده؛ به‌عنوان راهنمایی آموزشی وارد شد، نه واقعیت رسمی.
official,دوره مقدماتی,چطور خط بکشم؟,"ابزارهایی که مدرس معرفی می‌کند: Mouse Pointer برای جابه‌جایی نمودار؛ Crosshair که قیمت و تاریخ و ساعت نقطه‌ی زیر نشانگر را نشان می‌دهد؛ Vertical Line برای علامت‌گذاری زمانی؛ Horizontal Line برای رسم سطوح حمایت و مقاومت؛ Trendline برای خط روند؛ و Rectangle که مدرس می‌گوید زیاد از آن برای مشخص کردن نواحی و سطوح استفاده می‌کند.

• ابزار موردنظر را از نوار ابزار یا منوی Insert انتخاب کنید.
• روی چارت کلیک کنید تا شیء رسم شود.
• برای سطوح از خط افقی و برای نواحی از مستطیل استفاده کنید.",guidance,,سبحان صمدی,منبع: ACA-INT-0094 | تأیید انسانی نشده؛ به‌عنوان راهنمایی آموزشی وارد شد، نه واقعیت رسمی.
official,دوره مقدماتی,چطور خطم رو قفل کنم؟,"برای ویرایش هر خط، دوبار روی آن کلیک کنید تا انتخاب شود، سپس راست‌کلیک و Properties. در تب Style رنگ، ضخامت و نوع خط تغییر می‌کند و می‌توان خط را قفل کرد تا جابه‌جا نشود. برای خط روند، گزینه‌ی Ray تعیین می‌کند خط تا بی‌نهایت ادامه پیدا کند یا فقط بین دو نقطه بماند. حذف با راست‌کلیک و Delete انجام می‌شود و برای حذف همه از Delete All استفاده می‌شود. کلید Ctrl+Z آخرین اقدام را برمی‌گرداند.

• روی خط دوبار کلیک کنید تا انتخاب شود.
• راست‌کلیک و Properties را بزنید.
• در تب Style رنگ، ضخامت و نوع خط را تنظیم کنید.
• برای ثابت نگه داشتن، گزینه‌ی قفل را فعال کنید.
• برای خط روند، وضعیت Ray را مشخص کنید.
• برای حذف، راست‌کلیک و Delete (یا Delete All) را بزنید.",guidance,,سبحان صمدی,منبع: ACA-INT-0095 | تأیید انسانی نشده؛ به‌عنوان راهنمایی آموزشی وارد شد، نه واقعیت رسمی.
official,دوره مقدماتی,فیبوناچی رو چطور تنظیم کنم؟,"مدرس از فیبوناچی رتریسمنت نه به‌عنوان سیستم سیگنال‌دهی، بلکه به‌عنوان ابزار اندازه‌گیری ریسک به ریوارد استفاده می‌کند. برای این کار ابزار را روی چارت می‌اندازد، دوبار کلیک، راست‌کلیک و Fibonacci Properties را باز می‌کند و سطوح را چنین نام‌گذاری می‌کند: Level 0 = Entry، Level 1 = -SL، و سطوح ۲ تا ۶ = TP1 تا TP5.

• ابزار Fibonacci Retracement را انتخاب و روی چارت رسم کنید.
• دوبار روی آن کلیک کنید، سپس راست‌کلیک و Fibonacci Properties را بزنید.
• در تب Levels، سطح ۰ را Entry نام‌گذاری کنید.
• سطح بعدی را -SL بگذارید.
• سطوح بعدی را به‌ترتیب TP1 تا TP5 نام‌گذاری کنید.
• تنظیمات را ذخیره کنید تا برای همه‌ی فیبوناچی‌های بعدی اعمال شود.",guidance,,سبحان صمدی,منبع: ACA-INT-0097 | تأیید انسانی نشده؛ به‌عنوان راهنمایی آموزشی وارد شد، نه واقعیت رسمی.
official,دوره مقدماتی,چطور نماد اضافه کنم؟,"پنجره‌ی Market Watch فهرست نمادهای در دسترس و قیمت لحظه‌ای آن‌ها را نشان می‌دهد. برای افزودن نماد جدید (فارکس، CFD، سهام یا کریپتو) کافی است روی این پنجره راست‌کلیک و گزینه‌ی Symbols را باز کنید.

• پنجره‌ی Market Watch را باز کنید (Ctrl+M).
• روی فهرست راست‌کلیک کنید و Symbols را انتخاب کنید.
• نماد موردنظر را پیدا و اضافه کنید.",guidance,,سبحان صمدی,منبع: ACA-INT-0099 | تأیید انسانی نشده؛ به‌عنوان راهنمایی آموزشی وارد شد، نه واقعیت رسمی.
official,دوره مقدماتی,چطور معامله باز کنم؟,"دو راه برای باز کردن معامله: پنجره‌ی New Order (یا کلید F9) و حالت One Click Trading که با راست‌کلیک روی چارت فعال می‌شود و سریع‌تر است. در پنجره‌ی سفارش، نماد (Symbol)، حجم (Volume) و جهت (Buy یا Sell) مشخص می‌شود. با نگه داشتن نشانگر روی معامله‌ی باز، سطوح حد سود و حد ضرر و میزان سود یا زیان نمایش داده می‌شود.

• نماد موردنظر را انتخاب کنید.
• کلید F9 را بزنید یا New Order را باز کنید.
• حجم (Volume) را وارد کنید.
• Buy یا Sell را انتخاب کنید.
• برای ورود سریع‌تر، One Click Trading را از راست‌کلیک روی چارت فعال کنید.",guidance,,سبحان صمدی,منبع: ACA-INT-0102 | تأیید انسانی نشده؛ به‌عنوان راهنمایی آموزشی وارد شد، نه واقعیت رسمی.
official,دوره مقدماتی,کلیدهای میانبر متاتریدر چیه؟,"کلیدهای میان‌بری که مدرس معرفی می‌کند: Ctrl+M برای Market Watch، Ctrl+T برای Terminal، Ctrl+D برای Data Window، Ctrl+G برای شبکه (Grid)، Ctrl+L برای حجم (Volume)، F8 برای Properties، F9 برای New Order، Ctrl+Z برای بازگرداندن آخرین اقدام، و کلیدهای + و − برای زوم.

• Ctrl+M — باز کردن Market Watch
• Ctrl+T — باز کردن Terminal
• Ctrl+D — باز کردن Data Window
• Ctrl+G — نمایش یا حذف شبکه
• Ctrl+L — نمایش حجم
• F8 — تنظیمات چارت
• F9 — پنجره‌ی سفارش جدید
• Ctrl+Z — بازگرداندن آخرین اقدام",guidance,,سبحان صمدی,منبع: ACA-INT-0108 | تأیید انسانی نشده؛ به‌عنوان راهنمایی آموزشی وارد شد، نه واقعیت رسمی.
official,دوره مقدماتی,فرق متاتریدر ۴ و ۵ چیه؟,به گفته‌ی مدرس، متاتریدر ۵ تقریباً همان متاتریدر ۴ است: شکل و ظاهرش تفاوت دارد و چند ابزار کارآمد به آن اضافه شده است. به همین دلیل آموزش نسخه‌ی پنج کوتاه است و فقط به تفاوت‌ها می‌پردازد؛ باقی مطالب همان چیزی است که در آموزش نسخه‌ی چهار گفته شد.,guidance,,سبحان صمدی,منبع: ACA-INT-0110 | تأیید انسانی نشده؛ به‌عنوان راهنمایی آموزشی وارد شد، نه واقعیت رسمی.
official,دوره مقدماتی,متاتریدر ۴ کار کنم یا ۵؟,توصیه‌ی مدرس این است: اول آموزش متاتریدر ۴ را کامل ببین، بعد متاتریدر ۵ را هم نصب کن و خودت ببین با کدام راحت‌تری و با کدام بهتر ارتباط می‌گیری. یعنی آکادمی هیچ‌کدام را تحمیل نمی‌کند و انتخاب نهایی با خود دانشجوست.,guidance,,سبحان صمدی,منبع: ACA-INT-0111 | تأیید انسانی نشده؛ به‌عنوان راهنمایی آموزشی وارد شد، نه واقعیت رسمی.
official,دوره مقدماتی,چطور توی متاتریدر ۵ وارد بشم؟,"مراحل اتصال متاتریدر ۵ به حساب بروکر: از منوی File گزینه‌ی Open an Account را باز کنید، سرور بروکر را انتخاب کنید، مشخص کنید حساب دمو است یا ریل، سپس شماره‌ی حساب و رمز عبور را وارد کنید. اتصال موفق با سبز شدن وضعیت در پایین صفحه معلوم می‌شود.

• منوی File را باز کنید و Open an Account را بزنید.
• سرور بروکر را انتخاب کنید.
• نوع حساب (دمو یا ریل) را مشخص کنید.
• شماره حساب و رمز عبور را وارد کنید.
• وضعیت اتصال را در پایین صفحه بررسی کنید (سبز = متصل).",guidance,,سبحان صمدی,منبع: ACA-INT-0112 | تأیید انسانی نشده؛ به‌عنوان راهنمایی آموزشی وارد شد، نه واقعیت رسمی.
official,دوره مقدماتی,چطور چارت باز کنم؟,"دو راه برای باز کردن نمودار وجود دارد: از Market Watch، یا از منوی File و گزینه‌ی New Chart. پنجره‌ی Market Watch از منوی View یا با کلید Ctrl+M باز می‌شود. با Hide All فقط نمادهای انتخابی می‌مانند و با Show All همه‌ی نمادها نمایش داده می‌شوند.

• Market Watch را از View یا با Ctrl+M باز کنید.
• برای پاک‌سازی فهرست، Hide All را بزنید.
• برای دیدن همه‌ی نمادها، Show All را بزنید.
• برای باز کردن چارت، نماد را انتخاب کنید یا از File > New Chart استفاده کنید.",guidance,,سبحان صمدی,منبع: ACA-INT-0113 | تأیید انسانی نشده؛ به‌عنوان راهنمایی آموزشی وارد شد، نه واقعیت رسمی.
official,دوره مقدماتی,پیپ یعنی چی؟,پیپ واحد اندازه‌گیری تغییرات قیمت در بازار فارکس است. مدرس آن را با واحدهای اندازه‌گیری دیگر مقایسه می‌کند: همان‌طور که طول را با متر و سانتی‌متر و وزن را با کیلوگرم و گرم می‌سنجیم، تغییر قیمت را با پیپ می‌سنجیم. به‌جای اینکه بگوییم قیمت از فلان عدد به فلان عدد رفت، می‌گوییم صد پیپ تغییر کرد.,guidance,,سبحان صمدی,منبع: ACA-INT-0120 | تأیید انسانی نشده؛ به‌عنوان راهنمایی آموزشی وارد شد، نه واقعیت رسمی.
official,دوره مقدماتی,پیپت چیه؟,پیپت یک دهم پیپ است؛ یعنی هر پیپ تقسیم بر ده. در نمایش قیمت، پیپت رقم اضافه‌ای است که پس از رقم پیپ می‌آید.,guidance,,سبحان صمدی,منبع: ACA-INT-0121 | تأیید انسانی نشده؛ به‌عنوان راهنمایی آموزشی وارد شد، نه واقعیت رسمی.
official,دوره مقدماتی,پیپ توی ین چطور حساب می‌شه؟,قاعده‌ی تشخیص بر اساس نوع جفت‌ارز است. در جفت‌ارزهایی مانند EUR/USD و GBP/USD، رقم چهارم بعد از اعشار پیپ و رقم پنجم پیپت است. در جفت‌ارزهای دارای ین ژاپن مانند USD/JPY، رقم دوم بعد از اعشار پیپ و رقم سوم پیپت است.,guidance,,سبحان صمدی,منبع: ACA-INT-0122 | تأیید انسانی نشده؛ به‌عنوان راهنمایی آموزشی وارد شد، نه واقعیت رسمی.
official,دوره مقدماتی,چند پیپ حرکت کرده؟,تعداد پیپ از تفاضل قیمت جدید و قیمت قدیم به دست می‌آید. نمونه‌هایی که در درس آمده: از ۱.۱۰۵۰ به ۱.۱۰۷۰ برابر ۲۰ پیپ؛ از ۱.۱۰۵۰ به ۱.۲۰۵۰ برابر ۱۰۰۰ پیپ؛ و در USD/JPY از ۱۴۵.۲۰ به ۱۴۵.۳۰ برابر ۱۰ پیپ.,guidance,,سبحان صمدی,منبع: ACA-INT-0123 | تأیید انسانی نشده؛ به‌عنوان راهنمایی آموزشی وارد شد، نه واقعیت رسمی.
official,دوره مقدماتی,لات یعنی چی؟,لات واحد اندازه‌گیری حجم معامله است. یک لات استاندارد برابر ۱۰۰٬۰۰۰ واحد از ارز پایه است. انواع دیگر: مینی‌لات ۰.۱ لات برابر ۱۰٬۰۰۰ واحد؛ میکرولات ۰.۰۱ لات برابر ۱٬۰۰۰ واحد؛ و نانولات ۰.۰۰۱ لات برابر ۱۰۰ واحد. یعنی باز کردن یک لات در EUR/USD به معنای خرید یا فروش ۱۰۰٬۰۰۰ یورو است.,guidance,,سبحان صمدی,منبع: ACA-INT-0125 | تأیید انسانی نشده؛ به‌عنوان راهنمایی آموزشی وارد شد، نه واقعیت رسمی.
official,دوره مقدماتی,هر پیپ چند دلاره؟,قاعده‌ی عملی درس: در اکثر نمادها، هر یک پیپ تغییر در یک لات استاندارد برابر حدود ۱۰ دلار سود یا زیان است. مثال کامل: حرکت ۲۰ پیپی در EUR/USD روی یک لات استاندارد یعنی ۲۰۰ دلار؛ روی ۰.۱ لات یعنی ۲۰ دلار؛ و روی ۰.۰۱ لات یعنی ۲ دلار. این همان محاسبه‌ای است که مبنای برآورد سود و زیان قرار می‌گیرد.,guidance,,سبحان صمدی,منبع: ACA-INT-0126 | تأیید انسانی نشده؛ به‌عنوان راهنمایی آموزشی وارد شد، نه واقعیت رسمی.
official,دوره مقدماتی,اهرم بالا خطرناکه؟,نکته‌ای که مدرس آن را «بسیار مهم» می‌نامد: سود و زیان نهایی شما به حجم معامله (لات) بستگی دارد، نه به لوریج. کار لوریج فقط این است که امکان باز کردن حجم بیشتر با سرمایه‌ی کمتر را فراهم کند. توضیح تکمیلی: با حجم ثابت، تغییر اهرم مقدار سود و زیان هر پیپ را عوض نمی‌کند؛ فقط مارجین قفل‌شده و در نتیجه حداکثر حجم قابل باز کردن را تغییر می‌دهد.,guidance,,سبحان صمدی,منبع: ACA-INT-0130 | تأیید انسانی نشده؛ به‌عنوان راهنمایی آموزشی وارد شد، نه واقعیت رسمی.
official,دوره مقدماتی,کندل استیک چیه؟,کندل‌استیک یا کندل‌استیک ژاپنی، شکل نمایشی قیمت است که ریزبه‌ریز رفتار بازار را نشان می‌دهد. هر شکل روی نمودار یک «کندل» یا شمع نامیده می‌شود و داستان یک بازه‌ی زمانی مشخص را روایت می‌کند. در کنار آن دو نوع نمایش دیگر هم وجود دارد: لاین‌چارت که فقط یک خط از حرکت قیمت می‌دهد و بارچارت. کندل‌استیک کامل‌ترین آن‌هاست و متدولوژی آکادمی با همین کار می‌کند.,guidance,,سبحان صمدی,منبع: ACA-INT-0133 | تأیید انسانی نشده؛ به‌عنوان راهنمایی آموزشی وارد شد، نه واقعیت رسمی.
official,دوره مقدماتی,کندل صعودی یعنی چی؟,اگر قیمت بسته شدن بالاتر از قیمت باز شدن باشد، کندل صعودی است و معمولاً با بدنه‌ی سبز یا سفید نمایش داده می‌شود. مثال درس: باز شدن ۱۰۰۰، بسته شدن ۱۳۰۰، بالاترین ۱۵۰۰ و پایین‌ترین ۹۰۰ — یعنی قیمت در آن بازه رشد کرده، اما پیش از بسته شدن تا ۱۵۰۰ بالا رفته و تا ۹۰۰ پایین آمده است.,guidance,,سبحان صمدی,منبع: ACA-INT-0135 | تأیید انسانی نشده؛ به‌عنوان راهنمایی آموزشی وارد شد، نه واقعیت رسمی.
official,دوره مقدماتی,کندل نزولی یعنی چی؟,اگر قیمت بسته شدن پایین‌تر از قیمت باز شدن باشد، کندل نزولی است و معمولاً با بدنه‌ی قرمز یا مشکی نمایش داده می‌شود. مثال درس: باز شدن ۱۰۰۰، بسته شدن ۸۰۰، بالاترین ۱۵۰۰ و پایین‌ترین ۷۰۰ — یعنی قیمت در آن بازه افت کرده، هرچند در میانه تا ۱۵۰۰ بالا رفته بوده است.,guidance,,سبحان صمدی,منبع: ACA-INT-0136 | تأیید انسانی نشده؛ به‌عنوان راهنمایی آموزشی وارد شد، نه واقعیت رسمی.
official,دوره مقدماتی,سایه کندل چی می‌گه؟,سایه‌ها نشان می‌دهند قیمت تا کجا رفته اما نتوانسته آن سطح را حفظ کند. سایه‌ی بالایی از بدنه تا High کشیده می‌شود و قدرت فروشندگان را در بالاترین سطح نشان می‌دهد؛ هرچه بلندتر باشد، یعنی فروشندگان قوی‌تر عمل کرده‌اند. سایه‌ی پایینی از Low تا بدنه است و قدرت خریداران را در پایین‌ترین سطح نشان می‌دهد؛ هرچه بلندتر باشد، یعنی خریداران قوی‌تر بوده‌اند.,guidance,,سبحان صمدی,منبع: ACA-INT-0137 | تأیید انسانی نشده؛ به‌عنوان راهنمایی آموزشی وارد شد، نه واقعیت رسمی.
official,دوره مقدماتی,دوجی یعنی چی؟,دوجی کندلی است که قیمت باز شدن و بسته شدن آن تقریباً برابر است، پس بدنه‌ی بسیار کوچک یا بدون بدنه دارد و معمولاً سایه‌های بلند بالا و پایین. معنی روان‌شناختی آن عدم تصمیم‌گیری بازار است: قدرت خریداران و فروشندگان برابر شده. نکته‌ی کاربردی درس: دوجی به‌تنهایی مبنای معامله نیست و باید منتظر کندل بعدی برای تأیید جهت ماند.,guidance,,سبحان صمدی,منبع: ACA-INT-0138 | تأیید انسانی نشده؛ به‌عنوان راهنمایی آموزشی وارد شد، نه واقعیت رسمی.
official,دوره مقدماتی,یه کندل روزانه چند تا چهارساعته‌ست؟,اصل کلیدی: هر تایم‌فریم بزرگ‌تر، چندین کندل از تایم‌فریم کوچک‌تر را در خود جای داده است. نسبت‌هایی که در درس آمده: یک کندل ماهیانه تقریباً چهار کندل هفتگی و بیست تا بیست‌ودو کندل روزانه؛ یک کندل هفتگی پنج تا هفت کندل روزانه؛ یک کندل روزانه شش کندل چهارساعته؛ یک کندل چهارساعته چهار کندل یک‌ساعته؛ یک کندل یک‌ساعته دو کندل سی‌دقیقه‌ای؛ و یک کندل پنج‌دقیقه‌ای پنج کندل یک‌دقیقه‌ای.,guidance,,سبحان صمدی,منبع: ACA-INT-0141 | تأیید انسانی نشده؛ به‌عنوان راهنمایی آموزشی وارد شد، نه واقعیت رسمی.
official,دوره مقدماتی,شما چند تایم‌فریم نگاه می‌کنید؟,مدرس تصریح می‌کند که شخصاً فقط با یک تایم‌فریم کار می‌کند: M5. یعنی روش مولتی تایم‌فریم را معرفی می‌کند اما خودش از آن استفاده نمی‌کند. او همچنین می‌گوید انتخاب تایم‌فریم به سبک معاملاتی هر شخص بستگی دارد.,guidance,,سبحان صمدی,منبع: ACA-INT-0144 | تأیید انسانی نشده؛ به‌عنوان راهنمایی آموزشی وارد شد، نه واقعیت رسمی. | این انتخاب شخصی مدرس است؛ توصیه‌ی عمومی برای همه‌ی دانشجویان نیست.
official,دوره مقدماتی,New Order کجاست؟,"مسیر استاندارد باز کردن معامله در متاتریدر: دکمه‌ی New Order (یا کلید F9) را بزنید، نماد معاملاتی را انتخاب کنید، حجم معامله (لات) را مشخص کنید و روی Buy یا Sell کلیک کنید. متن درس نام نسخه‌ی متاتریدر را نمی‌گوید؛ این مسیر در متاتریدر ۴ و ۵ یکسان است.

• دکمه‌ی New Order را بزنید یا کلید F9 را فشار دهید.
• نماد معاملاتی موردنظر را انتخاب کنید.
• حجم معامله (لات) را وارد کنید.
• روی Buy برای خرید یا Sell برای فروش کلیک کنید.",guidance,,سبحان صمدی,منبع: ACA-INT-0151 | تأیید انسانی نشده؛ به‌عنوان راهنمایی آموزشی وارد شد، نه واقعیت رسمی.
official,دوره مقدماتی,وان کلیک تریدینگ چیه؟,"برای سرعت بیشتر در ورود به معامله، روی صفحه راست‌کلیک کنید و گزینه‌ی One Click Trading را فعال کنید؛ پس از آن با یک کلیک وارد معامله می‌شوید. همین حالت برای بستن سریع معامله هم استفاده می‌شود.

• روی چارت راست‌کلیک کنید.
• گزینه‌ی One Click Trading را فعال کنید.
• برای ورود به معامله فقط یک کلیک روی Buy یا Sell کافی است.",guidance,,سبحان صمدی,منبع: ACA-INT-0152 | تأیید انسانی نشده؛ به‌عنوان راهنمایی آموزشی وارد شد، نه واقعیت رسمی. | در حالت یک‌کلیکی هیچ پنجره‌ی تأییدی نمایش داده نمی‌شود؛ کلیک اشتباه بلافاصله معامله باز می‌کند.
official,دوره مقدماتی,چطور حد ضرر بذارم؟,"دو روش برای گذاشتن حد ضرر و حد سود روی معامله‌ی باز:
۱) از پنجره‌ی Modify Order: روی معامله‌ی باز دوبار کلیک کنید، مقادیر Stop Loss و Take Profit را وارد کنید و تأیید کنید.
۲) کشیدن روی نمودار: روی خط معامله در نمودار کلیک کنید؛ برای حد ضرر خط را به سمت مخالف جهت معامله بکشید و برای حد سود به سمت جهت معامله.

• روی معامله‌ی باز (تب Trade) دوبار کلیک کنید تا پنجره‌ی Modify Order باز شود.
• مقدار Stop Loss و Take Profit را وارد و تأیید کنید.
• یا: روی خط معامله در چارت کلیک کنید و آن را بکشید — مخالف جهت معامله برای حد ضرر، هم‌جهت با معامله برای حد سود.",guidance,,سبحان صمدی,منبع: ACA-INT-0155 | تأیید انسانی نشده؛ به‌عنوان راهنمایی آموزشی وارد شد، نه واقعیت رسمی.
official,دوره مقدماتی,چطور معامله رو ببندم؟,"سه راه برای بستن معامله: (۱) در قسمت Trade روی معامله دوبار کلیک کنید و گزینه‌ی Close را بزنید؛ (۲) اگر One Click Trading فعال است، روی علامت × کلیک کنید؛ (۳) راست‌کلیک روی معامله و انتخاب Close Order.

• در تب Trade روی معامله دوبار کلیک کنید و Close را بزنید.
• یا در حالت One Click Trading روی علامت × کلیک کنید.
• یا روی معامله راست‌کلیک کرده و Close Order را انتخاب کنید.",guidance,,سبحان صمدی,منبع: ACA-INT-0156 | تأیید انسانی نشده؛ به‌عنوان راهنمایی آموزشی وارد شد، نه واقعیت رسمی.
official,دوره مقدماتی,یه مثال از معامله با حد ضرر و حد سود بزن,مدرس یک معامله‌ی فروش (Sell) روی داوجونز را نشان می‌دهد: قیمت ورود ۳۳٬۹۶۲، حجم ۱ لات، حد ضرر ۳۳٬۹۷۹ و حد سود ۳۳٬۹۲۳. نتیجه‌ای که توضیح می‌دهد: اگر قیمت خلاف جهت معامله برود، حد ضرر فعال می‌شود و ضرر محدود می‌ماند؛ اگر به سمت هدف برود، حد سود فعال می‌شود. نکته‌ی ساختاری این مثال این است که فاصله‌ی حد ضرر (۱۷ واحد) کمتر از فاصله‌ی حد سود (۳۹ واحد) است — یعنی همان اصل ریسک به ریوارد که در همین جلسه گفته می‌شود.,guidance,,سبحان صمدی,منبع: ACA-INT-0157 | تأیید انسانی نشده؛ به‌عنوان راهنمایی آموزشی وارد شد، نه واقعیت رسمی. | این اعداد قیمت فعلی بازار نیستند و نباید به‌عنوان قیمت روز به دانشجو داده شوند. | حجم ۱ لات در این مثال فقط نمایش عملی روی حساب مدرس است و توصیه‌ی حجم برای دانشجو نیست؛ حجم باید متناسب با سرمایه انتخاب شود.
official,دوره مقدماتی,ریسک به ریوارد یعنی چی؟,نسبت ریسک به ریوارد یعنی مقایسه‌ی ضرر احتمالی با سود هدف. مثال درس: اگر حد ضرر ۱۰۰ پیپ و حد سود ۲۰۰ پیپ باشد، نسبت ریسک به ریوارد ۱:۲ است — یعنی به ازای هر ۱ واحد ریسک، ۲ واحد سود هدف گرفته‌ای. توصیه‌ی درس: همیشه به دنبال نسبت حداقل ۱:۲ باشید.,guidance,,سبحان صمدی,منبع: ACA-INT-0159 | تأیید انسانی نشده؛ به‌عنوان راهنمایی آموزشی وارد شد، نه واقعیت رسمی.
official,دوره مقدماتی,فیبوناچی رو برای ریسک به ریوارد چطور تنظیم کنم؟,"مدرس همان تنظیم فیبوناچی جلسه‌ی پنجم را دوباره آموزش می‌دهد و یک جزئیات تازه اضافه می‌کند: ابزار Fibonacci Retracement را انتخاب کنید و آن را از نقطه‌ی ورود تا حد ضرر بکشید، سپس نام سطوح را چنین تنظیم کنید: Level 0 = Entry، Level 1 = -SL، Level 2 = TP1 (هدف اول، یک برابر ریسک) و Level 3 = TP2 (هدف دوم، دو برابر ریسک). نام‌گذاری سطوح دقیقاً همان چیزی است که در جلسه‌ی ۵ گفته شده بود — یعنی دو جلسه یکدیگر را تأیید می‌کنند. آنچه جلسه‌ی ۹ اضافه می‌کند، جهت رسم و معنی هر هدف بر حسب ضریب ریسک است. جهت رسم (از نقطه‌ی ورود تا حد ضرر) با تصمیم مالک پروژه تأیید شد (D-0007).

• ابزار Fibonacci Retracement را انتخاب کنید.
• آن را از نقطه‌ی ورود تا حد ضرر بکشید.
• در تنظیمات سطوح، ۰ را Entry و ۱ را -SL نام‌گذاری کنید.
• سطح ۲ را TP1 (یک برابر ریسک) و سطح ۳ را TP2 (دو برابر ریسک) نام‌گذاری کنید.",guidance,,سبحان صمدی,منبع: ACA-INT-0160 | تأیید انسانی نشده؛ به‌عنوان راهنمایی آموزشی وارد شد، نه واقعیت رسمی.
official,دوره مقدماتی,با دمو شروع کنم یا ریل؟,جمع‌بندی درس با این توصیه بسته می‌شود که پیش از معامله‌ی واقعی باید با حساب دمو تمرین کرد. این توصیه در کنار قواعد اردرگذاری قرار می‌گیرد: اول مهارت اجرای اردر، حد ضرر و حد سود روی حساب آزمایشی تثبیت شود، بعد سرمایه‌ی واقعی وارد بازار شود.,guidance,,سبحان صمدی,منبع: ACA-INT-0161 | تأیید انسانی نشده؛ به‌عنوان راهنمایی آموزشی وارد شد، نه واقعیت رسمی.
official,دوره مقدماتی,با ۱۰ هزار دلار چقدر حجم بزنم؟,مثال درس: سرمایه ۱۰٬۰۰۰ دلار → ۲٪ آن می‌شود ۲۰۰ دلار. اگر حد ضرر معامله ۵۰ پیپ باشد، حجم معامله باید طوری تنظیم شود که ۵۰ پیپ ضرر دقیقاً معادل ۲۰۰ دلار شود — نه بیشتر. یعنی حد ضرر اول تعیین می‌شود و حجم از روی آن به دست می‌آید، نه برعکس.,guidance,,سبحان صمدی,منبع: ACA-INT-0173 | تأیید انسانی نشده؛ به‌عنوان راهنمایی آموزشی وارد شد، نه واقعیت رسمی.
official,دوره مقدماتی,ریسک به ریوارد با قانون ۲ درصد چطور جمع می‌شه؟,مدرس دو قاعده را به هم وصل می‌کند: اگر در هر معامله ۲٪ ریسک کنی و نسبت ریسک به ریوارد را حداقل ۱:۲ نگه داری، هدف سود آن معامله ۴٪ از سرمایه می‌شود. یعنی قانون ۲٪ سقف زیان را تعیین می‌کند و نسبت ۱:۲ کف هدف سود را.,guidance,,سبحان صمدی,منبع: ACA-INT-0174 | تأیید انسانی نشده؛ به‌عنوان راهنمایی آموزشی وارد شد، نه واقعیت رسمی.
official,دوره مقدماتی,پرایس اکشن دقیقاً چی رو بررسی می‌کنه؟,"اساس کار پرایس اکشن در آکادمی: تحلیل حرکات قیمت با کمک فشارهای عرضه و تقاضا و شناسایی نقاط تصمیم‌گیری هیجانی معامله‌گران — از قبل، نه بعد از وقوع. سه عاملی که بررسی می‌شود:
۱) ماهیت مارکت (ساختار: اسپایک، کانال قیمتی، تریدینگ رنج)
۲) علت حرکات قبلی قیمت
۳) نقاط تصمیم‌گیری هیجانی معامله‌گران
مزیتی که مدرس برجسته می‌کند: ورود به معامله پیش از اتفاق، برخلاف بسیاری از سیستم‌های دیگر که تأخیر دارند.",guidance,,سبحان صمدی,منبع: ACA-INT-0179 | تأیید انسانی نشده؛ به‌عنوان راهنمایی آموزشی وارد شد، نه واقعیت رسمی.
official,دوره مقدماتی,پرایس اکشن قدیمی نمی‌شه؟,استدلال مدرس: پرایس اکشن بازتاب رفتار انسان‌هاست و رفتار انسان‌ها در طول زمان تقریباً ثابت می‌ماند — ترس، طمع، هیجان و تصمیم‌های غیرمنطقی همیشه در قیمت منعکس می‌شوند. به همین دلیل او می‌گوید پرایس اکشن تاریخ انقضا ندارد و کهنه نمی‌شود. مثالی که می‌زند از بیرون بازارهای جهانی است: نوسان قیمت دلار در ایران و رفتار مردم در خرید و فروش هم با همین منطق قابل تحلیل است.,guidance,,سبحان صمدی,منبع: ACA-INT-0180 | تأیید انسانی نشده؛ به‌عنوان راهنمایی آموزشی وارد شد، نه واقعیت رسمی.
official,دوره مقدماتی,پرایس اکشن تو بورس ایران جواب می‌ده؟,چون همه‌ی بازارها بر پایه‌ی عرضه و تقاضا کار می‌کنند، مدرس می‌گوید پرایس اکشن در تمام آن‌ها قابل استفاده است: فارکس، سهام، کالا، شاخص، CFD، ارز دیجیتال و بورس ایران.,guidance,,سبحان صمدی,منبع: ACA-INT-0181 | تأیید انسانی نشده؛ به‌عنوان راهنمایی آموزشی وارد شد، نه واقعیت رسمی.
official,دوره مقدماتی,پرایس اکشن تو چه تایم‌فریمی کار می‌کنه؟,پرایس اکشن به تایم‌فریم خاصی وابسته نیست و در ماهیانه، هفتگی، روزانه، چهارساعته، یک‌ساعته، سی‌دقیقه، پنج‌دقیقه و یک‌دقیقه قابل اجراست. اصل پشت این حرف: هر تغییر قیمت — تیک به تیک و پیپ به پیپ — دلیل پرایس‌اکشنی دارد.,guidance,,سبحان صمدی,منبع: ACA-INT-0182 | تأیید انسانی نشده؛ به‌عنوان راهنمایی آموزشی وارد شد، نه واقعیت رسمی.
official,دوره مقدماتی,چرا پرایس اکشن بهتره؟,"پنج مزیتی که مدرس برای پرایس اکشن برمی‌شمارد:
۱) ساده و سریع — بدون سردرگمی میان اندیکاتورهای مختلف.
۲) بدون تأخیر — تصمیم‌گیری در بهترین جای قیمت.
۳) قابل استفاده در همه‌ی بازارها — فارکس، CFD، ارز دیجیتال، بورس ایران.
۴) همیشه کارآمد — چون بر رفتار انسان بنا شده، منقضی نمی‌شود.
۵) ریسک به ریوارد بالا — امکان شناسایی نقاط ورود بهتر.",guidance,,سبحان صمدی,منبع: ACA-INT-0184 | تأیید انسانی نشده؛ به‌عنوان راهنمایی آموزشی وارد شد، نه واقعیت رسمی.
official,دوره مقدماتی,من با الیوت کار می‌کردم، چیکار کنم؟,مدرس از دانشجویی که پیش‌تر با سبک‌هایی مثل هارمونیک، الیوت یا ایچیموکو کار کرده می‌خواهد «ظرف دانش ذهنی‌اش را خالی کند» و فقط دو هفته آنچه در این دوره گفته می‌شود را روی نمودار خودش پیاده کند و نتیجه را ببیند. دلیلی که می‌آورد این است که آدم‌ها گاهی تعصب دارند و حاضر به تغییر نیستند. این همان درخواستی است که در جلسه‌ی اول هم مطرح شده بود.,guidance,,سبحان صمدی,منبع: ACA-INT-0188 | تأیید انسانی نشده؛ به‌عنوان راهنمایی آموزشی وارد شد، نه واقعیت رسمی. | این دعوت به تمرین است، نه رد کردن سبک‌های دیگر؛ موضع رسمی آکادمی در ACA-INT-0063 ثبت شده است.
official,دوره مقدماتی,از کجا تحلیل رو شروع کنم؟,پیش از ورود به معامله باید دید گذشته‌ی مارکت چطور عمل کرده است. مبنای این کار اصل تکنیکالی «قیمت همیشه تکرار می‌شود» است: اگر قیمت یک بار به سطحی واکنش داده، دوباره به همان سطح می‌رسد و واکنش می‌دهد. بنابراین تحلیل سه لایه دارد: (۱) گذشته — روند قبلی بازار، (۲) حال — قیمت فعلی، و (۳) ادامه‌ی مسیر که لحظه‌به‌لحظه و تیک‌به‌تیک بررسی می‌شود.,guidance,,سبحان صمدی,منبع: ACA-INT-0190 | تأیید انسانی نشده؛ به‌عنوان راهنمایی آموزشی وارد شد، نه واقعیت رسمی.
official,دوره مقدماتی,سه چرخه‌ی بازار چیه؟,"مارکت روی سه چرخه می‌چرخد که مدام تکرار می‌شوند: اسپایک (Spike)، کانال قیمتی (Channel) و تریدینگ رنج (Trading Range). رفتار قیمت در هر چرخه فرق می‌کند و روش معامله هم:
• اسپایک — حرکت شدید و سریع؛ فقط یک‌طرفه معامله می‌شود.
• کانال قیمتی — حرکت در کانال مشخص؛ می‌توان دوطرفه کار کرد اما باید مایل به جهت کانال بود.
• تریدینگ رنج — نوسان در یک بازه؛ خرید در کف و فروش در سقف.
قاعده‌ی اول: پیش از هر تصمیمی مشخص کن در کدام سایکل بازار هستی.",guidance,,سبحان صمدی,منبع: ACA-INT-0191 | تأیید انسانی نشده؛ به‌عنوان راهنمایی آموزشی وارد شد، نه واقعیت رسمی.
official,دوره مقدماتی,بدنه بزرگ یعنی چی؟,مرور کندل‌شناسی با یک نکته‌ی تازه نسبت به جلسه‌ی ۸: بدنه‌ی بزرگ نشانه‌ی افزایش قراردادها و قدرت بالاست و بدنه‌ی کوچک نشانه‌ی کاهش قراردادها و قدرت پایین. باقی موارد همان است: کندل صعودی یعنی Close بالاتر از Open، کندل نزولی یعنی Close پایین‌تر از Open، دوجی یعنی برابری قدرت خریدار و فروشنده، سایه‌ی بالا قدرت فروشندگان و سایه‌ی پایین قدرت خریداران را نشان می‌دهد.,guidance,,سبحان صمدی,منبع: ACA-INT-0193 | تأیید انسانی نشده؛ به‌عنوان راهنمایی آموزشی وارد شد، نه واقعیت رسمی.
official,دوره مقدماتی,چرخه‌های بازار به چه ترتیبی میان؟,"در نگاه حرفه‌ای‌تر، بازار سه چرخه‌ی متوالی دارد که مدام تکرار می‌شوند و هرکدام نقش مشخصی در روند دارند:
۱) اسپایک (Spike) — حرکت سریع و شدید؛ شروع‌کننده‌ی روند.
۲) کانال قیمتی (Channel) — بعد از اولین اصلاح شکل می‌گیرد؛ حرکت در کانال با اصلاح‌های منظم.
۳) تریدینگ رنج (Trading Range) — چرخه‌ی آخر؛ نوسان در محدوده بدون جهت مشخص.
سپس دوباره از اسپایک شروع می‌شود. این توضیح، همان سه چرخه‌ی جلسه‌ی ۱۲ است با افزودن ترتیب و نقش هرکدام.",guidance,,سبحان صمدی,منبع: ACA-INT-0202 | تأیید انسانی نشده؛ به‌عنوان راهنمایی آموزشی وارد شد، نه واقعیت رسمی.
official,دوره مقدماتی,مومنتوم یعنی چی؟,"مومنتوم یعنی سرعت و شتاب حرکت قیمت. سه حالت:
• روند قوی — شیب تند، سرعت بالا، اصلاح کم.
• روند متوسط — شیب ملایم‌تر، اصلاح بیشتر.
• روند ضعیف — اصلاح عمیق و ناتوانی در ادامه‌ی حرکت.
قاعده‌ی کلی: شیب خط روند قدرت خریداران یا فروشندگان را نشان می‌دهد؛ هرچه شیب تندتر، قدرت در آن جهت بیشتر.",guidance,,سبحان صمدی,منبع: ACA-INT-0209 | تأیید انسانی نشده؛ به‌عنوان راهنمایی آموزشی وارد شد، نه واقعیت رسمی.
official,دوره مقدماتی,فشردگی قیمت چیه؟,"مدرس صریح می‌گوید در این مرحله دانشجو هنوز نمی‌داند اسپایک، کانال و تریدینگ رنج دقیقاً چه هستند و فشردگی قیمت و نقاط ورود و خروج در هر سایکل را نمی‌شناسد؛ بنابراین توضیح روی چارت را متناسب با همان سطح می‌دهد. او همچنین می‌گوید مبحث پین‌بار و کی بار در ویدیوی مخصوص خود در مجموعه‌ی آموزشی پیشرفته بیش از یک ساعت باز شده است.
کاربرد این رکورد برای مربی: اگر دانشجو سؤال عمیق‌تری درباره‌ی سایکل‌ها، فشردگی قیمت یا نقاط ورود و خروج بپرسد، پاسخ در دوره‌ی پیشرفته است و باید همان‌جا ارجاع داده شود.",guidance,,سبحان صمدی,منبع: ACA-INT-0211 | تأیید انسانی نشده؛ به‌عنوان راهنمایی آموزشی وارد شد، نه واقعیت رسمی.
official,دوره مقدماتی,سطح مهم رو چطور پیدا کنم؟,انتخاب درست سطوح مهم را مدرس کلید اصلی معامله‌گری می‌داند. این سطوح در واقع نواحی عرضه و تقاضا هستند: جایی که پول‌های بزرگ و مؤسسات مالی وارد می‌شوند یا سودشان را برداشت می‌کنند. به همین دلیل بازار دقیقاً در همان نواحی واکنش نشان می‌دهد. نحوه‌ی دقیق رسم این سطوح آموزش جداگانه‌ای دارد و در این جلسه داده نمی‌شود.,guidance,,سبحان صمدی,منبع: ACA-INT-0213 | تأیید انسانی نشده؛ به‌عنوان راهنمایی آموزشی وارد شد، نه واقعیت رسمی.
official,دوره مقدماتی,کی وارد معامله بشم؟,روش کار درس در سه گام است: اول سیگنال بار (پین‌بار) که تمایل بازار را نشان می‌دهد، بعد تأیید با کی بار، و تنها پس از آن ورود به معامله. این همان قاعده‌ی «تأیید با کندل بعدی» است که در جلسه‌ی ۱۲ هم گفته شد، با نام دقیق آن کندل.,guidance,,سبحان صمدی,منبع: ACA-INT-0215 | تأیید انسانی نشده؛ به‌عنوان راهنمایی آموزشی وارد شد، نه واقعیت رسمی.
official,دوره مقدماتی,بعد از اسپایک چی میاد؟,توالی چرخه‌ها جهت روند را حفظ می‌کند: سایکل نزولی ← کانال نزولی ← تریدینگ رنج؛ و سایکل صعودی ← کانال صعودی ← تریدینگ رنج. یعنی کانالی که بعد از اسپایک می‌آید هم‌جهت همان اسپایک است و رنج در انتهای هر دو مسیر قرار می‌گیرد.,guidance,,سبحان صمدی,منبع: ACA-INT-0217 | تأیید انسانی نشده؛ به‌عنوان راهنمایی آموزشی وارد شد، نه واقعیت رسمی.
official,دوره مقدماتی,بعد از شکست روند چیکار کنم؟,"همان نشانه‌های پایان روند جلسه‌ی ۱۳ تکرار می‌شود (در روند صعودی: ناتوانی در ساختن سقف بالاتر، یا ساخته شدن کف پایین‌تر) و یک نکته‌ی تازه اضافه می‌شود: اولین جایی که روند شکسته می‌شود اهمیت بالایی دارد. پس از شکست روند، باید دنبال پین‌بار در جهت روند جدید بود.
توجه: عبارت «نتواند سقف بالاتر بزند یا کف پایین‌تر بزند» عیناً مثل جلسه‌ی ۱۳ بیان شده است؛ خوانش ثبت‌شده در همچنان معتبر است.",guidance,,سبحان صمدی,منبع: ACA-INT-0218 | تأیید انسانی نشده؛ به‌عنوان راهنمایی آموزشی وارد شد، نه واقعیت رسمی.
official,دوره مقدماتی,چطور با بروکر تماس بگیرم؟,"دو مسیر رسمی برای ارتباط با بروکر: (۱) ارسال تیکت از کابین معاملاتی — وارد کابین شوید، در پایین صفحه گزینه‌ی پشتیبانی و سپس «باز کردن تیکت» را بزنید و سؤالتان را بپرسید؛ (۲) ایمیل به آدرس پشتیبانی بروکر. مدرس می‌گوید پاسخ در سریع‌ترین زمان داده می‌شود.

• وارد کابین معاملاتی بروکر شوید.
• در پایین صفحه گزینه‌ی پشتیبانی را بزنید.
• «باز کردن تیکت» را انتخاب و پرسش خود را ثبت کنید.
• یا همان پرسش را به ایمیل پشتیبانی بروکر بفرستید.",guidance,,سبحان صمدی,منبع: ACA-INT-0222 | تأیید انسانی نشده؛ به‌عنوان راهنمایی آموزشی وارد شد، نه واقعیت رسمی. | پرسش‌های واقعی واریز/برداشت طبق ACA-RULE-0003 به پشتیبانی انسانی ارجاع داده می‌شوند.
official,دوره مقدماتی,چطور پول واریز کنم؟,مدرس روش‌ها را دو دسته می‌کند. برای افراد خارج از ایران: کارت بانکی، پی‌پل، مسترکارت و ویزاکارت. برای افراد داخل ایران: وب‌مانی و پرفکت مانی (که آن‌ها را قدیمی می‌داند)، واریز ریالی از طریق کارگزاری بروکر (که توصیه نمی‌کند)، و تتر که آن را بهترین روش می‌داند.,guidance,,سبحان صمدی,منبع: ACA-INT-0224 | تأیید انسانی نشده؛ به‌عنوان راهنمایی آموزشی وارد شد، نه واقعیت رسمی. | زمان‌مند: در دسترس بودن هر روش به بروکر و شرایط روز بستگی دارد. | فهرست روش‌ها زمان‌مند و وابسته به بروکر است. | پرسش‌های واقعی واریز/برداشت طبق ACA-RULE-0003 به پشتیبانی انسانی ارجاع داده می‌شوند.
official,دوره مقدماتی,تتر چیه؟,تتر یک استیبل‌کوین است — به تعبیر مدرس «دلار مجازی». ویژگی‌هایی که برمی‌شمارد: هر ۱ تتر برابر ۱ دلار است، ارزش ثابت دارد و نوسان نمی‌کند، کمترین کارمزد را دارد، سریع‌ترین روش جابه‌جایی است، نقدشوندگی بالایی دارد و همه‌جا پشتیبانی می‌شود.,guidance,,سبحان صمدی,منبع: ACA-INT-0225 | تأیید انسانی نشده؛ به‌عنوان راهنمایی آموزشی وارد شد، نه واقعیت رسمی.
official,دوره مقدماتی,واریزم تأیید نشده چیکار کنم؟,"بعد از ارسال تتر: در کیف پول روی تراکنش کلیک کنید، گزینه‌ی View on Explorer را بزنید و اسکرین‌شاتی بگیرید که آدرس مبدأ، آدرس مقصد، مبلغ و شناسه‌ی تراکنش در آن پیدا باشد. سپس اسکرین‌شات را در بروکر آپلود کنید؛ در ساعت پاسخ‌گویی (یا پشتیبانی ۲۴ ساعته) بررسی و تأیید می‌شود و حساب شارژ می‌شود.

• در کیف پول روی تراکنش انجام‌شده بزنید.
• گزینه‌ی View on Explorer را باز کنید.
• اسکرین‌شاتی بگیرید که آدرس مبدأ و مقصد، مبلغ و شناسه‌ی تراکنش در آن دیده شود.
• اسکرین‌شات را در کابین بروکر آپلود کنید.
• منتظر بررسی و تأیید بمانید تا حساب شارژ شود.",guidance,,سبحان صمدی,منبع: ACA-INT-0231 | تأیید انسانی نشده؛ به‌عنوان راهنمایی آموزشی وارد شد، نه واقعیت رسمی. | پرسش‌های واقعی واریز/برداشت طبق ACA-RULE-0003 به پشتیبانی انسانی ارجاع داده می‌شوند.
official,دوره مقدماتی,می‌تونم با روش دیگه برداشت کنم؟,قاعده‌ای که مدرس دو بار تکرار می‌کند: از هر طریقی که واریز کنید، از همان طریق می‌توانید برداشت کنید. مسیر برداشت: درخواست برداشت به همان آدرسی که از آن واریز کرده‌اید، تتر به کیف پول شما می‌آید، و از کیف پول می‌توانید به صرافی یا شخص دیگر منتقل کنید.,guidance,,سبحان صمدی,منبع: ACA-INT-0232 | تأیید انسانی نشده؛ به‌عنوان راهنمایی آموزشی وارد شد، نه واقعیت رسمی. | پرسش‌های واقعی واریز/برداشت طبق ACA-RULE-0003 به پشتیبانی انسانی ارجاع داده می‌شوند.
official,دوره مقدماتی,خلاصه مراحل واریز چیه؟,"خلاصه‌ی کل مسیر در هفت مرحله: نصب کیف پول (Trust Wallet) ← خرید تتر از صرافی ← تهیه‌ی مقداری TRX برای کارمزد ← انتقال تتر به کیف پول شخصی ← انتقال از کیف پول به بروکر ← ارسال اسکرین‌شات به بروکر ← تأیید و شارژ حساب.

• کیف پول نرم‌افزاری را از منبع رسمی نصب کنید.
• از صرافی تتر بخرید.
• مقداری TRX برای کارمزد تهیه کنید.
• تتر را به کیف پول شخصی منتقل کنید.
• از کیف پول به آدرس بروکر منتقل کنید.
• اسکرین‌شات تراکنش را برای بروکر بفرستید.
• پس از تأیید، حساب شارژ می‌شود.",guidance,,سبحان صمدی,منبع: ACA-INT-0233 | تأیید انسانی نشده؛ به‌عنوان راهنمایی آموزشی وارد شد، نه واقعیت رسمی. | پرسش‌های واقعی واریز/برداشت طبق ACA-RULE-0003 به پشتیبانی انسانی ارجاع داده می‌شوند.
official,دوره مقدماتی,برای تریدر شدن چی لازمه؟,"سه اصلی که مدرس برای تریدر شدن می‌گذارد:
۱) درک تیک‌به‌تیک قیمت (تکنیکال)
۲) تسلط به روان خود (سایکولوژی) — خودشناسی: بدانی چه چیزی عصبانی‌ات می‌کند و چه چیزی خوشحالت می‌کند
۳) استراتژی مکتوب
و می‌گوید این سه اصل در فوکوس اصلی خودش خلاصه می‌شود: استراتژی‌نویسی. همچنین اضافه می‌کند که استراتژی‌نویسی از دل ضررهای فراوان بیرون آمده است.
توجه: این فهرست ناظر بر «تریدر شدن» است و ربطی به فهرست‌های «سه اصل بازار» جلسه‌ی اول ندارد (CONF-0002)؛ نشان می‌دهد مدرس تعبیر «سه اصل» را برای موضوعات مختلف به کار می‌برد.",guidance,,سبحان صمدی,منبع: ACA-INT-0243 | تأیید انسانی نشده؛ به‌عنوان راهنمایی آموزشی وارد شد، نه واقعیت رسمی.
official,دوره مقدماتی,فکر می‌کنم همه‌چی رو بلدم,مدرس می‌گوید با وجود مسیری که رفته، خودش را «تازه اول راه» می‌داند و هشدار می‌دهد: هرچه بیشتر بدانی، توهم دانش دشمن دانش است. حتی وقتی تازه به درآمد بالا می‌رسی، باز باید بگویی تازه اول راهم.,guidance,,سبحان صمدی,منبع: ACA-INT-0248 | تأیید انسانی نشده؛ به‌عنوان راهنمایی آموزشی وارد شد، نه واقعیت رسمی.
official,دوره مقدماتی,ضرر کردم چیکار کنم؟,جمع‌بندی نهایی دوره در چند جمله: ایمان بدون عمل فقط حرف است؛ ضرر خودت را بپذیر؛ اگر اشتباه کردی بپذیر؛ قدم بردار و بهایش را بپرداز؛ و لیاقتت را ثابت کن. پذیرش ضرر و پذیرش اشتباه دو قاعده‌ی رفتاری‌اند که مستقیماً به کنترل روان در معامله وصل می‌شوند.,guidance,,سبحان صمدی,منبع: ACA-INT-0252 | تأیید انسانی نشده؛ به‌عنوان راهنمایی آموزشی وارد شد، نه واقعیت رسمی.
official,دوره مقدماتی,دوره مقدماتی تموم شد، حالا چی؟,"دوره‌ی مقدماتی با این جلسه به پایان می‌رسد — به تعبیر مدرس «از صفر تا بسم‌الله فارکس» گفته شد. مرحله‌ی بعد: برای راهنمایی درباره‌ی دوره‌ی پیشرفته پیام بدهید؛ برای طی کردن مسیر حداقل ۳ ماه زمان لازم است (که برای هر شخص متغیر است)؛ و برای ورود به حساب ریل حتماً از منتور تأییدیه بگیرید.
برای مربی: پرسش‌های مربوط به قیمت، ظرفیت و شرایط ثبت‌نام دوره‌ی پیشرفته طبق به پشتیبانی انسانی ارجاع داده می‌شوند.",guidance,,سبحان صمدی,منبع: ACA-INT-0253 | تأیید انسانی نشده؛ به‌عنوان راهنمایی آموزشی وارد شد، نه واقعیت رسمی. | قیمت و شرایط ثبت‌نام دوره‌ی پیشرفته در پایگاه دانش نیست؛ ارجاع به پشتیبانی (ACA-RULE-0003).
official,دوره مقدماتی,چرا تدریس می‌کنید؟,مدرس در سخن پایانی از انگیزه‌ی خودش می‌گوید: زمانی نمی‌دانست چطور باید به‌صورت مستمر از بازار سود بگیرد و مطمئن نبود تکنیکالی که کار می‌کند درست است یا نه. با خدا عهد کرد که اگر هدایت شود، آنچه یاد می‌گیرد را به دیگران یاد بدهد و این را رسالت خودش بداند. می‌گوید همان قدر که عاشق بازار است، عاشق تدریس هم هست. همچنین می‌گوید پازل‌های زندگی — از جمله فشار مالی و تنهایی — در نهایت کنار هم چیده شدند و استراتژی‌نویسی از دل ضررهای زیاد بیرون آمد.,guidance,,سبحان صمدی,منبع: ACA-INT-0254 | تأیید انسانی نشده؛ به‌عنوان راهنمایی آموزشی وارد شد، نه واقعیت رسمی.
official,هوش هیجانی,چرا احساسات غلبه می‌کنه؟,"توضیح مدرس درباره‌ی چرایی غلبه‌ی احساس بر منطق:
• انسان‌های اولیه مغز کوچکی داشتند و فقط ذهن هیجانی — که برای بقا کار می‌کرد.
• در طول زمان نیوکورتکس (بخش منطقی) اضافه شد.
• اما هنوز در لحظات سخت تصمیم‌گیری، احساسات بر منطق چیره می‌شود.
نتیجه‌ای که مدرس می‌گیرد همان شعار اوست: «همه چیز وقتی خوبه، کنترل ذهن که هنر نیست. هنر در لحظات سخت است.»",guidance,,سبحان صمدی,منبع: ACA-EQ-0009 | تأیید انسانی نشده؛ به‌عنوان راهنمایی آموزشی وارد شد، نه واقعیت رسمی. | توضیح ساده‌شده‌ی تاریخچه‌ی مغز برای مقصود آموزشی؛ به‌عنوان مدل ذهنی درس ثبت شده، نه ادعای علوم اعصاب.
official,هوش هیجانی,این مطالب از کجا اومده؟,مدرس دو نام را به‌عنوان کسانی که «کلی درباره‌ی EQ و هوش هیجانی صحبت کرده‌اند» معرفی می‌کند: دانیل گلمن و آقای بارون. فهرست هفت توانایی به گلمن نسبت داده شده است.,guidance,,سبحان صمدی,منبع: ACA-EQ-0020 | تأیید انسانی نشده؛ به‌عنوان راهنمایی آموزشی وارد شد، نه واقعیت رسمی. | مربی نام پژوهشگر آزمایش مارشمالو را نمی‌برد تا انتساب تأیید شود (RQ-0034). | 💡 نکته‌ی مهم برای رفع ابهام بخش اول: در بخش اول، آزمایش مارشمالو به «آقای بارون» نسبت داده شده بود. اینجا روشن می‌شود که بارون در این دوره نظریه‌پرداز هوش هیجانی است، نه پژوهشگر آزمایش مارشمالو — و تعریفی هم که در همین درس آمده (ACA-EQ-0017) از جنس تعریف‌های اوست. | ⚠️ بنابراین انتساب آزمایش مارشمالو به او در بخش اول به‌احتمال زیاد جابه‌جایی نام است. تا تأیید مدرس، مربی نام هیچ پژوهشگری را برای آزمایش مارشمالو نمی‌برد (RQ-0034).
official,هوش هیجانی,نمره‌ی تستم یعنی چی؟,"تست هوش هیجانی یک نمره‌ی کل می‌دهد و زیر آن، پنج مؤلفه‌ی اصلی سنجیده می‌شود:
۱. خودپنداره (Self-Perception)
۲. خودبیانگری (Self-Expression)
۳. بین فردی (Interpersonal)
۴. تصمیم‌گیری
۵. مدیریت استرس
مدرس دوباره همان قاعده‌ی بخش اول را تکرار می‌کند: ۵۰ درصد از افزایش هوش هیجانی، فقط شناخت همین پنج مؤلفه است.
• در ترنسکریپت، جدول متن پاک‌سازی‌شده فقط چهار مؤلفه را فهرست کرده و خودبیانگری را جا انداخته؛ نسخه‌ی ساختاریافته هر پنج مورد را دارد و خود درس هم خودبیانگری را به‌عنوان بخش مستقل تدریس می‌کند. فهرست پنج‌تایی ثبت شد.
• مدیریت استرس نام برده شده اما در این بخش توضیح داده نشده است؛ احتمالاً در بخش چهارم می‌آید (RQ-0036). مربی برای این مؤلفه از دانش عمومی جای خالی را پر نمی‌کند.",guidance,,سبحان صمدی,منبع: ACA-EQ-0025 | تأیید انسانی نشده؛ به‌عنوان راهنمایی آموزشی وارد شد، نه واقعیت رسمی. | مؤلفه‌ی مدیریت استرس در این بخش تدریس نشده؛ مربی آن را از خودش کامل نمی‌کند. | ⚠️ دو نکته که صادقانه ثبت می‌شود:
official,هوش هیجانی,نمره‌م ۲۸۰ شد یعنی چی؟,"تفسیر نمره‌ی کل تست:
• ۹۰ تا ۱۶۰ → خیلی کم
• ۱۶۳ تا ۲۳۴ → کم
• ۲۳۵ تا ۳۰۶ → متوسط
• ۳۰۷ تا ۳۷۸ → زیاد
• ۳۷۹ تا ۴۵۰ → خیلی زیاد
قاعده‌ی مدرس برای هر نمره‌ای: هر عددی که هستی باید روی افزایشش تلاش کنی؛ و اگر نمره‌ی بالایی داری، باید روی حفظ و بهبود آن کار کنی.
تشبیه مدرس: «اگر یک بدنساز ۱۰ سال بدنسازی رفته، نمی‌تواند بگوید یک سال نروم، هیکلم همان می‌ماند.» — همان نکته‌ی بخش اول که EQ قابل کاهش هم هست.",guidance,,سبحان صمدی,منبع: ACA-EQ-0048 | تأیید انسانی نشده؛ به‌عنوان راهنمایی آموزشی وارد شد، نه واقعیت رسمی. | زمان‌مند: این آستانه‌ها مربوط به همین تست است و آستانه‌ی عمومی نیست. | فاصله‌ی بین ۱۶۰ و ۱۶۳ در متن درس وجود دارد و اصلاح نشده است. | ⚠️ در ترنسکریپت بین ۱۶۰ و ۱۶۳ فاصله افتاده است؛ عین متن ثبت شد و اصلاح نشد.
official,دوره مقدماتی,دوره مقدماتی چی داره؟,دوره‌ی مقدماتی به ترتیب این موضوعات را پوشش می‌دهد: ویدیوی ۱ مقدمه و مسیر پیش رو؛ سپس فارکس چیست، بروکر، نحوه‌ی واریز و برداشت، ثبت‌نام در بروکر و اتصال آن به متاتریدر، آموزش متاتریدر، لوریج، آموزش کندل‌شناسی و روانشناسی کندل‌ها، اردرگذاری (لیمیت و استاپ) و نحوه‌ی باز کردن معامله، مفاهیم حساب شامل مارجین و فری مارجین، و پرایس اکشن چیست. از ویدیوی ۱۰ به بعد کار اصلی شروع می‌شود: ویدیوی ۱۱ آموزش پین‌بار، سپس آموزش ترند، و ویدیوی ۱۴ ترکیب این سه محتوا روی چارت. یک ویدیوی رودمپ هم مسیر و اقدامات پیشِ رو را توضیح می‌دهد.,guidance,,سبحان صمدی,منبع: ACA-INT-0002 | تأیید انسانی نشده؛ به‌عنوان راهنمایی آموزشی وارد شد، نه واقعیت رسمی.
official,دوره مقدماتی,ساختار بازار از نظر آکادمی چیه؟,مدرس در بحث مارکت سایکل می‌گوید بازار مالی را بر سه اصل می‌شناسد: اسپایک، کانال قیمتی و تریدینگ رنج. او تأکید می‌کند که در این جلسه فقط نگاه کلی خودش به بازار را بیان می‌کند و تعریف هرکدام در ادامه‌ی دوره می‌آید.,guidance,,سبحان صمدی,منبع: ACA-INT-0006 | تأیید انسانی نشده؛ به‌عنوان راهنمایی آموزشی وارد شد، نه واقعیت رسمی.
official,دوره مقدماتی,مدیریت سرمایه چقدر مهمه؟,مدرس مدیریت سرمایه و ریسک را کلیت بقای معامله‌گر می‌داند و می‌گوید در دوره یاد می‌دهد چطور در بازار بقا داشته باشید. در کنار آن، درک درست از قیمت، مارکت سایکل، اثر اخبار و تسلط بر روان را لازم می‌شمارد.,guidance,,سبحان صمدی,منبع: ACA-INT-0012 | تأیید انسانی نشده؛ به‌عنوان راهنمایی آموزشی وارد شد، نه واقعیت رسمی.
official,دوره مقدماتی,بعد از سود بزرگ چرا ضرر می‌کنم؟,مدرس می‌گوید بسیاری سودهای کلان می‌کنند، یک لحظه سرخوش می‌شوند و همان سود کلان باعث ضررشان می‌شود؛ و بسیاری دیگر با دو معامله‌ی ضررده روانشان به هم می‌ریزد. نتیجه‌گیری او: چه ضرر و چه سود، فرد را در یک لوپ و چرخه‌ی اشتباه می‌اندازد. به همین دلیل کنترل ترس و استرس و خودشناسی بخشی از دوره است.,guidance,,سبحان صمدی,منبع: ACA-INT-0016 | تأیید انسانی نشده؛ به‌عنوان راهنمایی آموزشی وارد شد، نه واقعیت رسمی.
official,دوره مقدماتی,فارکس از کی به وجود اومد؟,روایت تاریخی مدرس: پیش از جنگ جهانی اول، سیستم استاندارد طلا حاکم بود و ارزش هر پول با پشتوانه‌ی طلای آن سنجیده می‌شد. با شروع جنگ‌های جهانی، انتقال فیزیکی این حجم طلا میان کشورها ممکن نبود و سیستم کارایی‌اش را از دست داد. در سال ۱۹۴۴ نمایندگان ۴۴ کشور در آمریکا گرد هم آمدند و قانون برتون وودز شکل گرفت که دلار را جایگزین طلا کرد و قدرت اقتصادی آمریکا را تثبیت کرد. این نظام هم به دلیل کمبود عرضه و نبود اطمینان دچار مشکل شد و در سال ۱۹۷۱ توسط نیکسون لغو شد. پس از آن نرخ‌ها شناور شدند و فارکس شکل گرفت.,guidance,,سبحان صمدی,منبع: ACA-INT-0023 | تأیید انسانی نشده؛ به‌عنوان راهنمایی آموزشی وارد شد، نه واقعیت رسمی.
official,دوره مقدماتی,US30 چیه؟,در بازارهای مالی جهانی علاوه بر جفت‌ارزها می‌توان سهام شرکت‌هایی مثل مرسدس‌بنز، BMW، مایکروسافت و گوگل و همچنین شاخص‌ها را معامله کرد. مدرس شاخص را با مثال شاخص کل بورس توضیح می‌دهد: همان‌طور که حال‌وهوای بورس از شاخص کل فهمیده می‌شود، US30 شاخص داوجونز و میانگین قیمتی سی شرکت بزرگ آمریکایی است.,guidance,,سبحان صمدی,منبع: ACA-INT-0026 | تأیید انسانی نشده؛ به‌عنوان راهنمایی آموزشی وارد شد، نه واقعیت رسمی.
official,دوره مقدماتی,چه نمادی معامله کنم؟,مدرس می‌گوید نمادهای اصلی خودش به‌ترتیب US30، طلا و یورو به دلار هستند، اما بلافاصله تأکید می‌کند که «نماد برتر» وجود ندارد و این صرفاً انتخاب شخصی اوست. توضیح کامل در جای خودش می‌آید.,guidance,,سبحان صمدی,منبع: ACA-INT-0027 | تأیید انسانی نشده؛ به‌عنوان راهنمایی آموزشی وارد شد، نه واقعیت رسمی. | این فهرست، توصیه‌ی انتخاب نماد نیست؛ مدرس صراحتاً می‌گوید نماد برتر وجود ندارد.
official,دوره مقدماتی,برداشت از بروکر چطوریه؟,"مدرس روش‌ها را به دو گروه تقسیم می‌کند. برای کسانی که خارج از ایران زندگی می‌کنند: کارت بانکی، حساب بانکی، پی‌پال، مسترکارت و ویزاکارت. برای کسانی که داخل ایران هستند: پرفکت مانی، وب‌مانی و ارزهای دیجیتال؛ خودش شخصاً از تتر استفاده می‌کند. توضیح تخصصی در ویدیوی مخصوص همین موضوع می‌آید.

• اگر خارج از ایران هستید: کارت بانکی، حساب بانکی، پی‌پال، مسترکارت یا ویزاکارت.
• اگر داخل ایران هستید: پرفکت مانی، وب‌مانی یا ارزهای دیجیتال.
• روش موردنظر را با روش‌های پشتیبانی‌شده‌ی بروکر خودتان تطبیق دهید.",guidance,,سبحان صمدی,منبع: ACA-INT-0036 | تأیید انسانی نشده؛ به‌عنوان راهنمایی آموزشی وارد شد، نه واقعیت رسمی.
official,دوره مقدماتی,مزیت فارکس چیه؟,مزایایی که مدرس نام می‌برد: نیاز نداشتن به مکان ثابت (هرجای دنیا با یک لپ‌تاپ و اینترنت)، رئیس خودت بودن و نداشتن ساعت کاری تحمیلی، و نبود محدودیت زمانی در بازار — با این تأکید که این خودِ معامله‌گر است که باید خودش را محدود کند.,guidance,,سبحان صمدی,منبع: ACA-INT-0037 | تأیید انسانی نشده؛ به‌عنوان راهنمایی آموزشی وارد شد، نه واقعیت رسمی.
official,دوره مقدماتی,با چقدر پول شروع کنم؟,مدرس می‌گوید فنی می‌توان با سی دلار هم حساب باز کرد، اما برای اینکه مدیریت سرمایه قابل اجرا باشد، حداقل صد دلار را پیشنهاد می‌کند. تأکید او این است که با این مبلغ خودت را تست کنی و آرام‌آرام رشدش بدهی. او این را با کسب‌وکار فیزیکی مقایسه می‌کند که راه‌اندازی‌اش سرمایه‌ی بسیار بیشتری می‌خواهد.,guidance,,سبحان صمدی,منبع: ACA-INT-0040 | تأیید انسانی نشده؛ به‌عنوان راهنمایی آموزشی وارد شد، نه واقعیت رسمی.
official,دوره مقدماتی,با ۱۰۰ دلار چقدر سود می‌کنم؟,مدرس صراحتاً وعده‌ی «با صد دلار بیا میلیاردر شو» را رد می‌کند و می‌گوید قرار نیست پنج میلیون تومان تبدیل به پنجاه میلیارد شود. او سه مسیر واقعی را نام می‌برد: یا سرمایه داری، یا سرمایه را رشد می‌دهی، یا جذب سرمایه می‌کنی.,guidance,,سبحان صمدی,منبع: ACA-INT-0041 | تأیید انسانی نشده؛ به‌عنوان راهنمایی آموزشی وارد شد، نه واقعیت رسمی.
official,دوره مقدماتی,سشن‌ها کدومن؟,مدرس بازار را چرخشی میان سشن‌های سیدنی، توکیو، لندن و نیویورک توصیف می‌کند؛ در هر سشن بانک‌های همان منطقه در حال خرید و فروش هستند و با پایان یکی، سشن بعدی شروع می‌شود. همین چرخش است که بازار را عملاً بدون توقف نگه می‌دارد.,guidance,,سبحان صمدی,منبع: ACA-INT-0042 | تأیید انسانی نشده؛ به‌عنوان راهنمایی آموزشی وارد شد، نه واقعیت رسمی.
official,دوره مقدماتی,کریپتو ترید کنم یا فارکس؟,مدرس میان «ترید» و «سرمایه‌گذاری» مرز می‌گذارد: اگر تریدر هستی، جای درست برای ترید بازار فارکس است؛ اگر سرمایه‌گذار هستی، می‌توانی با همان مفاهیم عرضه و تقاضا در کریپتو یا بورس سرمایه‌گذاری کنی، اما آن سرمایه‌گذاری است، نه ترید.,guidance,,سبحان صمدی,منبع: ACA-INT-0043 | تأیید انسانی نشده؛ به‌عنوان راهنمایی آموزشی وارد شد، نه واقعیت رسمی.
official,دوره مقدماتی,انگیزه ندارم چیکار کنم؟,مدرس محتوای انگیزشی صرف را رد می‌کند و می‌گوید پول از آسمان نمی‌آید و نشستن و آرزو کردن نتیجه نمی‌دهد؛ آنچه اهمیت دارد قدم برداشتن است. جمله‌ی کلیدی او: ایمان بدون عمل بی‌ارزش است.,guidance,,سبحان صمدی,منبع: ACA-INT-0045 | تأیید انسانی نشده؛ به‌عنوان راهنمایی آموزشی وارد شد، نه واقعیت رسمی.
official,دوره مقدماتی,چطور قبل از حرکت وارد بشم؟,مدرس می‌گوید وقتی تمرکزت را روی علت — یعنی معامله‌گران و تصمیم‌هایشان — بگذاری، می‌توانی احتمالات خوب را پیش از بروزشان در بازار تشخیص بدهی و پیش از حرکت قیمت وارد معامله شوی. او نمونه‌اش را فشردگی قیمت پیش از حرکت می‌داند.,guidance,,سبحان صمدی,منبع: ACA-INT-0048 | تأیید انسانی نشده؛ به‌عنوان راهنمایی آموزشی وارد شد، نه واقعیت رسمی.
official,دوره مقدماتی,ما کجای بازاریم؟,مدرس دسته‌بندی پنج‌گانه را تکمیل می‌کند: دسته‌ی اول مؤسسات مالی و بانک‌ها و دسته‌ی آخر (پنجم) معامله‌گران خرد که سرمایه‌شان زیر بیست میلیون دلار است. خرید و فروش معامله‌گر خرد هیچ تأثیری بر بازار ندارد؛ بنابراین کار ما این است که سوار نقدینگی کسانی شویم که بازار را تکان می‌دهند.,guidance,,سبحان صمدی,منبع: ACA-INT-0049 | تأیید انسانی نشده؛ به‌عنوان راهنمایی آموزشی وارد شد، نه واقعیت رسمی.
official,دوره مقدماتی,قیمت چطور تعیین می‌شه؟,مدرس با مثالی ساده اکشن تئوری را توضیح می‌دهد: در جمعی ده‌نفره یک کیلو طلا با قیمت پایه‌ی یک میلیون تومان هست. هر خریدار حاضر است بیشتر بدهد — یک میلیون و دویست، یک میلیون و پانصد و همین‌طور بالاتر تا سه میلیون. قیمت جایی اشباع می‌شود که دیگر کسی حاضر به پرداخت بالاتر نیست. همان‌جا کسی که در بالاترین قیمت خریده، برای فروش می‌گذارد و خریداری پیدا نمی‌شود؛ عرضه شکل می‌گیرد و قیمت مشخص می‌شود.,guidance,,سبحان صمدی,منبع: ACA-INT-0051 | تأیید انسانی نشده؛ به‌عنوان راهنمایی آموزشی وارد شد، نه واقعیت رسمی.
official,دوره مقدماتی,چرا قیمت از یه سطح می‌ریزه؟,مدرس مکانیزم ریزش در ناحیه‌ی عرضه را چنین توضیح می‌دهد: کسانی که در ناحیه‌ی پایین خریده‌اند و در سود هستند، وقتی قیمت به ناحیه‌ی عرضه می‌رسد سودشان را برداشت می‌کنند. اما بستن معامله‌ی خرید، خودش یک معامله‌ی فروش است؛ پس همان برداشت سود، عرضه را در بازار می‌سازد و ریزش را شکل می‌دهد.,guidance,,سبحان صمدی,منبع: ACA-INT-0052 | تأیید انسانی نشده؛ به‌عنوان راهنمایی آموزشی وارد شد، نه واقعیت رسمی.
official,دوره مقدماتی,شدو یعنی چی؟,سه نوع نمودار وجود دارد: بارچارت، لاین‌چارت و کندل‌استیک که مدرس آن را کامل‌ترین می‌داند. سایه یا شدوی کندل (که دم یا تیل هم گفته می‌شود) بالاترین یا پایین‌ترین قیمتی است که در آن بازه لمس شده. وقتی قیمت بالا رفته و برگشته، شدو یعنی یا خریدارِ آن ناحیه به دلیلی منصرف شده یا زور فروشنده‌ها بر خریداران چربیده؛ یعنی شدو قدرت طرف مقابل را در آن ناحیه نشان می‌دهد.,guidance,,سبحان صمدی,منبع: ACA-INT-0053 | تأیید انسانی نشده؛ به‌عنوان راهنمایی آموزشی وارد شد، نه واقعیت رسمی.
official,دوره مقدماتی,حمایت و مقاومت چیه؟,ساپورت یا حمایت سطحی است که قیمت وقتی به آن می‌رسد با تقاضا و خریدار روبه‌رو می‌شود و مثل یک سد عمل می‌کند. رزیستنس یا مقاومت سطحی است که در آن فروش غالب می‌شود. این سطوح از قله‌ها، کف‌ها و نقاطی که روند عوض شده رسم می‌شوند و مبنای روان‌شناختی دارند. مدرس می‌گوید یک ویدیوی کامل یک‌ساعته به همین موضوع اختصاص دارد.,guidance,,سبحان صمدی,منبع: ACA-INT-0054 | تأیید انسانی نشده؛ به‌عنوان راهنمایی آموزشی وارد شد، نه واقعیت رسمی.
official,دوره مقدماتی,فاندامنتال کار کنم؟,مدرس فاندامنتال را رد نمی‌کند اما ترجیح شخصی‌اش نیست: به گفته‌ی او فاندامنتال روحیه‌ای می‌خواهد که شب و روز پای خبر باشی و روزانه دست‌کم دو تا سه ساعت داده‌های اقتصادی را بررسی کنی. استدلال او این است که وقتی می‌شود راحت‌تر و با آرامش بیشتر از بازار کسب درآمد کرد، چرا کار را پیچیده کنیم.,guidance,,سبحان صمدی,منبع: ACA-INT-0059 | تأیید انسانی نشده؛ به‌عنوان راهنمایی آموزشی وارد شد، نه واقعیت رسمی.
official,دوره مقدماتی,فاندامنتال یعنی چی؟,مدرس فاندامنتال را بررسی صورت‌های مالی شرکت‌ها (مثلاً سودآوری سهام اپل پیش از خرید آن) و نرخ‌های اقتصادی جهانی معرفی می‌کند: تولید ناخالص داخلی (GDP)، شاخص قیمت مصرف‌کننده (CPI)، شاخص قیمت تولیدکننده (PPI) و نرخ بهره‌ی فدرال رزرو. اخبار و شایعات هم بخشی از همین دسته‌اند. او می‌گوید در دوره‌ی پیشرفته نزدیک دو ساعت به همین مبحث می‌پردازد.,guidance,,سبحان صمدی,منبع: ACA-INT-0060 | تأیید انسانی نشده؛ به‌عنوان راهنمایی آموزشی وارد شد، نه واقعیت رسمی.
official,دوره مقدماتی,الگوی مثلث دیدم، بخرم؟,مدرس می‌گوید بسیاری پرایس اکشن را با الگوهای شمعی و شکل‌هایی مثل مثلث یکی می‌دانند، در حالی که در سطح حرفه‌ای موضوع پیچیده‌تر است و همه‌ی این نام‌ها در واقع حکم فشردگی قیمت را دارند. ترید کورکورانه بر اساس الگو، معامله‌گر را در معرض شکست‌های کاذب قرار می‌دهد؛ در حالی که تحلیل عرضه و تقاضا و تصمیم معامله‌گران امکان می‌دهد همان شکست کاذب را تشخیص بدهیم و از آن استفاده کنیم.,guidance,,سبحان صمدی,منبع: ACA-INT-0066 | تأیید انسانی نشده؛ به‌عنوان راهنمایی آموزشی وارد شد، نه واقعیت رسمی.
official,دوره مقدماتی,چرا نمی‌تونم با بروکر معروف کار کنم؟,به گفته‌ی مدرس، به دلیل جدا بودن سیستم بانکی ایران از جهان، بروکرهای درجه‌یک جهانی مانند FxPro انگلستان یا IG Market به کاربران ایرانی خدمات نمی‌دهند. نبود نظارت باعث شده بروکرهای بی‌رگوله زیادی شکل بگیرند که وقتی کاربر به سود می‌رسد پول او را پرداخت نمی‌کنند.,guidance,,سبحان صمدی,منبع: ACA-INT-0070 | تأیید انسانی نشده؛ به‌عنوان راهنمایی آموزشی وارد شد، نه واقعیت رسمی. | ریسک اصلی برای کاربر ایرانی، بروکر بدون رگوله و عدم پرداخت سود است.
official,دوره مقدماتی,رگوله یعنی چی؟,به تعریف مدرس، رگوله یعنی دستگاه‌های نظارتی بر بروکر نظارت دارند و بروکر نمی‌تواند از مسیر درست خارج شود، چون جریمه‌های سنگین در انتظارش است؛ و نتیجه‌ی نهایی این نظارت، بیمه بودن حساب‌هاست.,guidance,,سبحان صمدی,منبع: ACA-INT-0072 | تأیید انسانی نشده؛ به‌عنوان راهنمایی آموزشی وارد شد، نه واقعیت رسمی. | اعتبار رگوله‌ها یکسان نیست؛ صرفِ داشتن مجوز به معنای سطح نظارتی بالا نیست.
official,دوره مقدماتی,حتماً باید با لینک شما ثبت‌نام کنم؟,مدرس می‌گوید در انتهای همین ویدیو لینک بروکر معرفی‌شده را قرار داده است و صریحاً توضیح می‌دهد که دانشجو می‌تواند مستقل هم بروکر را جست‌وجو و ثبت‌نام کند. تفاوت در این است که با ثبت‌نام از طریق لینک، معرف دانشجو خود مدرس می‌شود و در نتیجه: مدیر حساب او مدیر حساب دانشجو می‌شود و صفر تا صد راهنمایی می‌کند؛ مدرس می‌تواند مشکلات را از طریق مدیر حساب پیگیری کند؛ و امکاناتی مثل تخفیف معاملاتی و ریبیت اعمال می‌شود.,guidance,,سبحان صمدی,منبع: ACA-INT-0074 | تأیید انسانی نشده؛ به‌عنوان راهنمایی آموزشی وارد شد، نه واقعیت رسمی. | این یک رابطه‌ی معرف (افیلیت) است و مدرس خودش آن را شفاف اعلام می‌کند؛ ثبت‌نام مستقیم هم از نظر او بلامانع است.
official,دوره مقدماتی,چطور توی بروکر ثبت‌نام کنم؟,"برای ثبت‌نام، دانشجو از طریق لینک وارد سایت بروکر می‌شود و فرم را پر می‌کند: کشور (ایران)، نام و نام خانوادگی کامل، شماره تلفن، آدرس ایمیل و رمز عبور. پس از ثبت‌نام وارد داشبورد معاملاتی می‌شود.

• روی لینک ثبت‌نام کلیک کنید و وارد سایت بروکر شوید.
• کشور را ایران انتخاب کنید.
• نام و نام خانوادگی کامل را وارد کنید.
• شماره تلفن و آدرس ایمیل را وارد کنید.
• رمز عبور را تعیین و ثبت‌نام را تکمیل کنید.
• وارد داشبورد معاملاتی شوید.",guidance,,سبحان صمدی,منبع: ACA-INT-0075 | تأیید انسانی نشده؛ به‌عنوان راهنمایی آموزشی وارد شد، نه واقعیت رسمی.
official,دوره مقدماتی,داشبورد بروکر چیه؟,پس از ثبت‌نام، داشبورد معاملاتی در دسترس قرار می‌گیرد. بخش‌های اصلی آن عبارت‌اند از: حساب‌ها، پرداخت‌ها (واریز و برداشت)، بازارها و ابزارها. دانلود پلتفرم متاتریدر هم از همین داشبورد انجام می‌شود.,guidance,,سبحان صمدی,منبع: ACA-INT-0077 | تأیید انسانی نشده؛ به‌عنوان راهنمایی آموزشی وارد شد، نه واقعیت رسمی.
official,دوره مقدماتی,برای بروکر فیلترشکن لازمه؟,برای باز کردن سایت بروکر، مدرس می‌گوید فیلترشکن باید فعال باشد و تأکید می‌کند نوع آن اهمیتی ندارد و لازم نیست IP ثابت باشد — برخلاف چیزی که کاربران ارز دیجیتال به آن عادت دارند. توجه: در جلسه‌ی دوم گفته شده بود فیلترشکن الزامی نیست؛ آن جمله ناظر بر اتصال پلتفرم به سرور بروکر بود و این یکی ناظر بر باز کردن وب‌سایت بروکر. این تفکیک توسط مالک پروژه تأیید شده است (CONF-0003 حل شد، تصمیم D-0003).,guidance,,سبحان صمدی,منبع: ACA-INT-0078 | تأیید انسانی نشده؛ به‌عنوان راهنمایی آموزشی وارد شد، نه واقعیت رسمی. | تعارض: CONF-0003
official,دوره مقدماتی,متاتریدر رو از کجا دانلود کنم؟,"در داشبورد بروکر، از گزینه‌ی «بیشتر» و در پایین صفحه، نسخه‌های متاتریدر ۴ در دسترس است: نسخه‌ی ویندوز، نسخه‌ی اندروید و نسخه‌ی iOS. دانلود و نصب از همان‌جا انجام می‌شود. توجه: دوره‌ی مقدماتی آکادمی روی متاتریدر ۴ نمایش داده می‌شود.

• وارد داشبورد بروکر شوید.
• گزینه‌ی «بیشتر» را باز کنید و تا پایین صفحه بروید.
• نسخه‌ی متناسب با سیستم خود را انتخاب کنید (ویندوز، اندروید یا iOS).
• فایل را دانلود و نصب کنید.",guidance,,سبحان صمدی,منبع: ACA-INT-0079 | تأیید انسانی نشده؛ به‌عنوان راهنمایی آموزشی وارد شد، نه واقعیت رسمی.
official,دوره مقدماتی,چرا وصل نمی‌شه؟,پس از اتصال، وضعیت در پایین صفحه‌ی متاتریدر نمایش داده می‌شود. سبز بودن یعنی اتصال درست برقرار شده است. اگر قرمز بود و پیام No Connection نشان داده شد، به گفته‌ی مدرس یعنی یکی از مراحل درست انجام نشده و باید مراحل را دوباره طبق ویدیو انجام داد.,guidance,,سبحان صمدی,منبع: ACA-INT-0081 | تأیید انسانی نشده؛ به‌عنوان راهنمایی آموزشی وارد شد، نه واقعیت رسمی.
official,دوره مقدماتی,چطور اولین معامله‌مو باز کنم؟,"پس از اتصال موفق، قیمت‌ها در پلتفرم نمایش داده می‌شوند و برای هر خرید یا فروش کافی است از گزینه‌ی New Order استفاده شود. مدرس تأکید می‌کند که «با چه دیدگاهی» معامله کنید موضوع درس‌های بعدی است.

• نماد موردنظر را انتخاب کنید.
• گزینه‌ی New Order را باز کنید.
• حجم و در صورت نیاز حد ضرر و حد سود را وارد کنید.
• معامله را ثبت کنید.",guidance,,سبحان صمدی,منبع: ACA-INT-0082 | تأیید انسانی نشده؛ به‌عنوان راهنمایی آموزشی وارد شد، نه واقعیت رسمی. | ثبت معامله بدون داشتن چارچوب و استراتژی، همان چیزی است که در جلسات قبل «قمار» نامیده شد.
official,دوره مقدماتی,چرا رایگان آموزش می‌دید؟,مدرس موضع خودش را چنین بیان می‌کند: رسالتش تربیت معامله‌گر و رساندن دانشجو به سود مستمر است، و رسیدن دانشجو به سود یک دلار هم از سود او کم نمی‌کند بلکه انرژی‌اش به او برمی‌گردد.,guidance,,سبحان صمدی,منبع: ACA-INT-0083 | تأیید انسانی نشده؛ به‌عنوان راهنمایی آموزشی وارد شد، نه واقعیت رسمی.
official,دوره مقدماتی,شما چه تایم‌فریمی کار می‌کنید؟,مدرس می‌گوید تایم‌فریم معاملاتی خودش پنج دقیقه (M5) است و دی‌تریدر است. او تأکید می‌کند این انتخاب شخصی است و افراد مختلف روی تایم‌فریم‌های متفاوتی کار می‌کنند — یکی یک‌ساعته، یکی روزانه.,guidance,,سبحان صمدی,منبع: ACA-INT-0086 | تأیید انسانی نشده؛ به‌عنوان راهنمایی آموزشی وارد شد، نه واقعیت رسمی. | این انتخاب شخصی مدرس است و توصیه‌ی عمومی برای انتخاب تایم‌فریم محسوب نمی‌شود.
official,دوره مقدماتی,چطور چارت رو بزرگ کنم؟,"با دکمه‌های زوم این و زوم اوت (یا کلیدهای + و −) می‌توان تعداد کندل‌های قابل مشاهده را تغییر داد. هرچه بیشتر زوم اوت کنید کندل‌های بیشتری دیده می‌شود و در حد نهایی، دکمه خاکستری و غیرفعال می‌شود. زوم درست یعنی تعداد مناسبی کندل ببینید که همه‌چیز درست دیده شود.

• از دکمه‌های زوم روی نوار ابزار یا کلیدهای + و − استفاده کنید.
• تعداد کندل نمایش‌داده‌شده را تا حدی تنظیم کنید که ساختار حرکت قیمت خوانا باشد.",guidance,,سبحان صمدی,منبع: ACA-INT-0088 | تأیید انسانی نشده؛ به‌عنوان راهنمایی آموزشی وارد شد، نه واقعیت رسمی.
official,دوره مقدماتی,اندیکاتور نصب کنم؟,مدرس مسیر افزودن اندیکاتور در متاتریدر را نشان می‌دهد اما توصیه‌اش این است که کنار گذاشته شود: به گفته‌ی او اندیکاتور جذاب است ولی «سایه» است، و هر چیزی که لازم است در خود نمودار و در تیک‌به‌تیک قیمت وجود دارد. این همان موضعی است که در جلسه‌ی سوم به‌صورت مبسوط توضیح داده شد.,guidance,,سبحان صمدی,منبع: ACA-INT-0089 | تأیید انسانی نشده؛ به‌عنوان راهنمایی آموزشی وارد شد، نه واقعیت رسمی.
official,دوره مقدماتی,چطور چند چارت رو کنار هم ببینم؟,"با گزینه‌ی Arrange Windows می‌توان همه‌ی نمودارهای باز را کنار هم مرتب کرد تا با یک نگاه وضعیت چند نماد دیده شود. عنوان بالای هر چارت، نماد و تایم‌فریم آن را نشان می‌دهد (مثلاً EURUSD M5).

• چارت‌های موردنظر را باز کنید.
• گزینه‌ی Arrange Windows را از نوار ابزار یا منوی Window بزنید.
• نماد و تایم‌فریم هر چارت را از عنوان بالای آن بخوانید.",guidance,,سبحان صمدی,منبع: ACA-INT-0090 | تأیید انسانی نشده؛ به‌عنوان راهنمایی آموزشی وارد شد، نه واقعیت رسمی.
official,دوره مقدماتی,چرا چارتم می‌پره جلو؟,"دو گزینه‌ی نوار ابزار که مدرس روی آن‌ها تأکید می‌کند: ۱) Shift end of the chart from right border — فاصله‌ای در سمت راست آخرین کندل باز می‌کند که رسم خطوط را آسان‌تر می‌کند و بهتر است همیشه فعال باشد. ۲) Scroll the chart to the end on tick incoming — اگر فعال باشد، با هر تیک جدید چارت به آخرین قیمت می‌پرد؛ اگر غیرفعال باشد می‌توانید گذشته‌ی بازار را بررسی کنید. قاعده‌ی عملی: برای بررسی گذشته آن را خاموش کنید، برای پایش لحظه‌ای روشن.

• گزینه‌ی Chart Shift را فعال کنید تا فضای رسم در سمت راست باز شود.
• برای بررسی گذشته‌ی بازار، Auto Scroll را غیرفعال کنید.
• برای پایش لحظه‌ای قیمت، Auto Scroll را فعال کنید.",guidance,,سبحان صمدی,منبع: ACA-INT-0091 | تأیید انسانی نشده؛ به‌عنوان راهنمایی آموزشی وارد شد، نه واقعیت رسمی.
official,دوره مقدماتی,ابزارم توی نوار ابزار نیست,"اگر ابزاری در نوار ابزار دیده نمی‌شود، روی علامت «»» سمت راست نوار راست‌کلیک کنید و Customize را بزنید؛ از همان‌جا می‌توان ابزارها را اضافه یا حذف کرد.

• روی نشانه‌ی «»» در انتهای نوار ابزار راست‌کلیک کنید.
• گزینه‌ی Customize را انتخاب کنید.
• ابزارهای موردنیاز را اضافه یا حذف کنید.",guidance,,سبحان صمدی,منبع: ACA-INT-0096 | تأیید انسانی نشده؛ به‌عنوان راهنمایی آموزشی وارد شد، نه واقعیت رسمی.
official,دوره مقدماتی,اسپرد چیه؟,مدرس اسپرد را همان کارمزدی می‌داند که معامله‌گر به بروکر می‌پردازد و اضافه می‌کند که بسیاری از بروکرها علاوه بر اسپرد، کمیسیون هم دریافت می‌کنند. او تصریح می‌کند اسپرد از حسابی به حساب دیگر متفاوت است.,guidance,,سبحان صمدی,منبع: ACA-INT-0100 | تأیید انسانی نشده؛ به‌عنوان راهنمایی آموزشی وارد شد، نه واقعیت رسمی.
official,دوره مقدماتی,گزارش معاملاتم رو چطور بگیرم؟,"در تب Account History همه‌ی معاملات بسته‌شده با تاریخ و قیمت ورود و خروج، حجم، سود یا زیان و سواپ دیده می‌شود. با راست‌کلیک می‌توان Save as Report یا Save as Detailed Report گرفت. همچنین با راست‌کلیک روی ستون Profit می‌توان نمایش سود را بین پیپ و دلار تغییر داد؛ مدرس نمایش دلاری را ترجیح می‌دهد چون بار روانی کمتری دارد.

• به تب Account History بروید.
• بازه‌ی زمانی موردنظر را با راست‌کلیک انتخاب کنید.
• برای گزارش، Save as Report یا Save as Detailed Report را بزنید.
• برای تغییر واحد نمایش سود، روی ستون Profit راست‌کلیک کنید.",guidance,,سبحان صمدی,منبع: ACA-INT-0104 | تأیید انسانی نشده؛ به‌عنوان راهنمایی آموزشی وارد شد، نه واقعیت رسمی.
official,دوره مقدماتی,چطور برای یه قیمت هشدار بذارم؟,"با Alert می‌توان به متاتریدر گفت وقتی قیمت به سطح مشخصی رسید هشدار بدهد. مسیر: راست‌کلیک روی چارت و Trading > Alert، یا از تب Alerts در ترمینال. در تنظیمات آن می‌توان قیمت هدف، تعداد دفعات هشدار، صدای پخش‌شونده و تاریخ انقضا را مشخص کرد.

• از تب Alerts در ترمینال یا راست‌کلیک روی چارت، Alert را باز کنید.
• قیمت هدف و شرط را وارد کنید.
• تعداد تکرار، صدا و تاریخ انقضا را تنظیم کنید.
• ذخیره کنید.",guidance,,سبحان صمدی,منبع: ACA-INT-0106 | تأیید انسانی نشده؛ به‌عنوان راهنمایی آموزشی وارد شد، نه واقعیت رسمی.
official,دوره مقدماتی,منوهای متاتریدر چیکار می‌کنن؟,مرور منوهای اصلی: File شامل New Chart، Open Offline، Save as Picture و Profiles؛ View شامل Language، Toolbar، Status Bar و پنجره‌های Market Watch، Terminal، Data Window و Navigator؛ Insert همان ابزارهای تحلیلی؛ Charts شامل زوم، تایم‌فریم و نوع چارت؛ Tools شامل Options و History Center؛ Window برای مرتب‌سازی پنجره‌ها؛ و Help.,guidance,,سبحان صمدی,منبع: ACA-INT-0107 | تأیید انسانی نشده؛ به‌عنوان راهنمایی آموزشی وارد شد، نه واقعیت رسمی.
official,دوره مقدماتی,منوهای متاتریدر ۵ چیه؟,منوی View در متاتریدر ۵ شامل Language، Color Theme، Toolbar، Symbols، Market Watch، Data Window و Navigator است. منوی Insert همان ابزارهای تحلیلی نسخه‌ی چهار را دارد. منوی Chart تایم‌فریم‌ها، Template و گزینه‌های Auto Scroll و Chart Shift را در خود دارد. گزینه‌ی Color Theme در نسخه‌ی چهار وجود ندارد.,guidance,,سبحان صمدی,منبع: ACA-INT-0114 | تأیید انسانی نشده؛ به‌عنوان راهنمایی آموزشی وارد شد، نه واقعیت رسمی.
official,دوره مقدماتی,تمپلیت رو توی متاتریدر ۵ کجا ذخیره کنم؟,"در متاتریدر ۵ مسیر تمپلیت با نسخه‌ی چهار فرق دارد: از منوی View به Templates بروید و Save Template را بزنید تا تنظیمات فعلی با نامی دلخواه ذخیره شود؛ برای اعمال روی چارت دیگر، همان نام را از Load انتخاب کنید. همان رنگ‌بندی و تنظیماتی که در آموزش متاتریدر ۴ گفته شد، اینجا هم قابل اعمال است.

• چارت را مطابق تنظیمات دلخواه بچینید.
• از منوی View گزینه‌ی Templates را باز کنید.
• Save Template را بزنید و نامی انتخاب کنید.
• برای اعمال روی چارت دیگر، از همان مسیر Load و نام ذخیره‌شده را انتخاب کنید.",guidance,,سبحان صمدی,منبع: ACA-INT-0115 | تأیید انسانی نشده؛ به‌عنوان راهنمایی آموزشی وارد شد، نه واقعیت رسمی.
official,دوره مقدماتی,معاملات قبلیم رو روی چارت چطور ببینم؟,"با راست‌کلیک روی چارت متاتریدر ۵ و فعال کردن Trade History، معاملات گذشته مستقیماً روی نمودار نمایش داده می‌شوند: نقطه‌ی ورود خرید یا فروش و سطوح مربوط، و با نگه داشتن نشانگر جزئیات هم دیده می‌شود. مدرس این را نسبت به روش متاتریدر ۴ ساده‌تر می‌داند، جایی که برای دیدن همان اطلاعات باید معامله را از Account History روی چارت می‌کشیدید. کاربرد اصلی‌اش بازبینی و تحلیل عملکرد گذشته است.

• روی چارت راست‌کلیک کنید.
• گزینه‌ی Trade History را فعال کنید.
• نقاط ورود و خروج معاملات گذشته را روی نمودار بررسی کنید.",guidance,,سبحان صمدی,منبع: ACA-INT-0117 | تأیید انسانی نشده؛ به‌عنوان راهنمایی آموزشی وارد شد، نه واقعیت رسمی.
official,دوره مقدماتی,چرا پیپ مهمه؟,مدرس تأکید می‌کند دانستن دقیق پیپ برای معامله‌گر ضروری است، چون دو چیز بر پایه‌ی آن محاسبه می‌شود: مقدار جابه‌جایی قیمت و میزان ریسک. بدون این، محاسبه‌ی سود و زیان و اندازه‌ی ریسک ممکن نیست.,guidance,,سبحان صمدی,منبع: ACA-INT-0124 | تأیید انسانی نشده؛ به‌عنوان راهنمایی آموزشی وارد شد، نه واقعیت رسمی.
official,دوره مقدماتی,لوریج چیه؟,لوریج اهرمی است که بروکر در اختیار معامله‌گر می‌گذارد تا با سرمایه‌ی کمتر بتواند حجم بیشتری معامله کند. مثال درس: با ۱۰۰ دلار سرمایه و اهرم ۱:۱۰۰، قدرت خریدی معادل ۱۰٬۰۰۰ دلار در اختیار دارید. مدرس اشاره می‌کند که این مفهوم برای کسانی که از بازار کریپتو آمده‌اند معمولاً محل سؤال است.,guidance,,سبحان صمدی,منبع: ACA-INT-0129 | تأیید انسانی نشده؛ به‌عنوان راهنمایی آموزشی وارد شد، نه واقعیت رسمی.
official,دوره مقدماتی,لوریج بالا بگیرم یا پایین؟,مدرس لوریج را شمشیر دولبه توصیف می‌کند: اگر درست استفاده شود امکان سود بیشتر می‌دهد و اگر اشتباه استفاده شود زیان را چند برابر می‌کند. توصیه‌ی او این است که لوریج همیشه با مدیریت سرمایه و ریسک ترکیب شود. توجه: این جمله با قاعده‌ی «سود و زیان تابع حجم است» در تضاد نیست — بزرگ شدن سود و زیان از مسیر حجم بزرگ‌تری می‌آید که اهرم آن را ممکن می‌کند.,guidance,,سبحان صمدی,منبع: ACA-INT-0131 | تأیید انسانی نشده؛ به‌عنوان راهنمایی آموزشی وارد شد، نه واقعیت رسمی. | اهرم بالا با حجم کنترل‌نشده، سریع‌ترین راه از دست دادن حساب است.
official,دوره مقدماتی,چقدر طول می‌کشه یاد بگیرم؟,جمع‌بندی پایانی مدرس: بازار مالی یک مهارت است و یک‌روزه و یک‌شبه به دست نمی‌آید؛ جهان بر پایه‌ی پروسه پیش می‌رود و تنها درخواست او از دانشجو ثابت‌قدم بودن است.,guidance,,سبحان صمدی,منبع: ACA-INT-0132 | تأیید انسانی نشده؛ به‌عنوان راهنمایی آموزشی وارد شد، نه واقعیت رسمی.
official,دوره مقدماتی,مولتی تایم فریم یعنی چی؟,در روش مولتی تایم‌فریم، معامله‌گر از چند تایم‌فریم هم‌زمان استفاده می‌کند: تایم‌فریم بزرگ‌تر (مثلاً H4 یا D1) برای تشخیص روند کلی، تایم‌فریم متوسط (مثلاً H1) برای تشخیص سناریو، و تایم‌فریم کوچک‌تر (مثلاً M15 یا M5) برای پیدا کردن نقطه‌ی ورود دقیق.,guidance,,سبحان صمدی,منبع: ACA-INT-0143 | تأیید انسانی نشده؛ به‌عنوان راهنمایی آموزشی وارد شد، نه واقعیت رسمی.
official,دوره مقدماتی,چطور کندل‌خوانی رو یاد بگیرم؟,جمع‌بندی درس: هر کندل داستان یک بازه‌ی زمانی را روایت می‌کند و با تمرین و تکرار، خواندن کندل‌ها به‌صورت ذهنی و خودکار انجام می‌شود — یعنی دیگر لازم نیست آگاهانه اجزای کندل را تحلیل کنید.,guidance,,سبحان صمدی,منبع: ACA-INT-0145 | تأیید انسانی نشده؛ به‌عنوان راهنمایی آموزشی وارد شد، نه واقعیت رسمی.
official,دوره مقدماتی,می‌شه بازار رو پیش‌بینی کرد؟,مدرس تأکید می‌کند بازار مالی بازار احتمالات است نه قطعیات، و آن را «قانون شصت‌چهل» می‌نامد: بیش از ۶۰٪ نمی‌توان بازار را پیش‌بینی کرد و کمتر از ۴۰٪ هم نیست؛ تلاش معامله‌گر این است که از حالت ۵۰-۵۰ (مثل شیر یا خط سکه) به ۶۰-۴۰ برسد. نتیجه‌ای که می‌گیرد: هیچ‌کس ۱۰۰٪ نمی‌تواند بازار را پیش‌بینی کند، حتی رئیس فدرال رزرو؛ و حتی بزرگ‌ترین بانک‌ها و مؤسسات مالی هم ضرر می‌کنند — تفاوت در مدیریت ریسک و سرمایه است.,guidance,,سبحان صمدی,منبع: ACA-INT-0183 | تأیید انسانی نشده؛ به‌عنوان راهنمایی آموزشی وارد شد، نه واقعیت رسمی. | اعداد ۶۰ و ۴۰ مدل ذهنی مدرس‌اند، نه آمار اندازه‌گیری‌شده. | ⚠️ این یک مدل ذهنی برای توضیح ماهیت احتمالی بازار است، نه یک آمار اندازه‌گیری‌شده؛ مربی نباید آن را به‌عنوان عدد پژوهشی ارائه دهد.
official,دوره مقدماتی,راسته که تو فارکس کسی سود نمی‌کنه؟,"چهار باور غلطی که مدرس نام می‌برد و پاسخش:
۱) «هیچ‌کس در بازار سود نمی‌کند» — غلط است؛ بانک‌ها و مؤسسات مالی بزرگ هر روز در این بازار معامله می‌کنند. (
۲) «پرایس اکشن منقضی می‌شود» — غلط؛ چون بر رفتار انسان بنا شده، همیشه کارآمد است.
۳) «با تجسم، پول از آسمان می‌بارد» — غلط؛ تجسم بدون عمل بی‌ارزش است.
۴) «فقط تکنیکال کافی است» — نادرست؛ روان‌شناسی و مدیریت سرمایه به همان اندازه مهم‌اند.",guidance,,سبحان صمدی,منبع: ACA-INT-0187 | تأیید انسانی نشده؛ به‌عنوان راهنمایی آموزشی وارد شد، نه واقعیت رسمی. | نسخه‌ی ساختاریافته‌ی متن «بانک‌ها هر روز سود می‌کنند» را آورده که با گفته‌ی خود همین جلسه (بانک‌ها هم ضرر می‌کنند) هم‌خوان نیست؛ صورت دقیق‌تر ثبت شد. | ⚠️ در همین جلسه گفته می‌شود حتی بزرگ‌ترین بانک‌ها هم همیشه سود نمی‌کنند و ضرر دارند؛ بنابراین پاسخ درست «حضور و فعالیت روزانه‌ی آن‌هاست»، نه «سود روزانه‌ی قطعی».)
official,دوره مقدماتی,US30 یعنی چی؟,"شاخص‌هایی که مدرس نام می‌برد و توضیحی که می‌دهد:
• US30 (داوجونز) — میانگین قیمتی ۳۰ شرکت برتر آمریکایی.
• US100 (نزدک) — ۱۰۰ شرکت با محوریت الکترونیک و فناوری.
• US500 (S&P) — ۵۰۰ شرکت بزرگ آمریکایی.
نمایش این درس روی US30 در تایم‌فریم ۵ دقیقه است. یادآوری: نام این نمادها در هر بروکر متفاوت است.",guidance,,سبحان صمدی,منبع: ACA-INT-0212 | تأیید انسانی نشده؛ به‌عنوان راهنمایی آموزشی وارد شد، نه واقعیت رسمی.
official,دوره مقدماتی,کی بار یعنی چی؟,کی بار کندل تأییدیه‌ای است که بعد از پین‌بار ظاهر می‌شود و قدرت اصلی روند را نشان می‌دهد. تقسیم نقش‌ها در این درس روشن است: پین‌بار همان سیگنال بار است (تمایل بازار را نشان می‌دهد) و کی بار کندل تأییدکننده است.,guidance,,سبحان صمدی,منبع: ACA-INT-0214 | تأیید انسانی نشده؛ به‌عنوان راهنمایی آموزشی وارد شد، نه واقعیت رسمی. | عنوان جلسه «سیگنال بار» و «کی بار» را کنار هم می‌گذارد؛ بر اساس متن درس، سیگنال بار همان پین‌بار است و کی بار کندل بعدی و تأییدکننده. | ⚠️ عنوان جلسه «سیگنال بار (کی بار)» را کنار هم آورده و ممکن است این‌طور به‌نظر برسد که این دو یکی‌اند؛ اما متن درس دو بار و به‌روشنی آن‌ها را از هم جدا می‌کند. مربی نباید بگوید کی بار و سیگنال بار یک کندل‌اند.
official,دوره مقدماتی,کدوم کیف پول رو نصب کنم؟,"برای نگهداری تتر به کیف پول نیاز است و دو نوع معرفی می‌شود:
• نرم‌افزاری — روی گوشی. پیشنهاد مدرس: Trust Wallet؛ رایگان است و باید فقط از منابع رسمی (اپ‌استور یا گوگل‌پلی) نصب شود.
• سخت‌افزاری — حدود ۲۰۰ دلار هزینه دارد، امنیت بیشتری می‌دهد و برای حجم‌های بالا مناسب‌تر است.",guidance,,سبحان صمدی,منبع: ACA-INT-0226 | تأیید انسانی نشده؛ به‌عنوان راهنمایی آموزشی وارد شد، نه واقعیت رسمی. | زمان‌مند: قیمت کیف پول سخت‌افزاری مربوط به زمان ضبط است. | نصب کیف پول فقط از منابع رسمی؛ نسخه‌های جعلی رایج‌ترین راه سرقت دارایی‌اند.
official,دوره مقدماتی,تتر رو از کجا بخرم؟,"مسیری که درس می‌دهد: وارد صرافی معتبر شوید، احراز هویت کنید، مبلغ ریالی واریز کنید، تتر بخرید، شبکه‌ی TRC20 را انتخاب کنید و تتر را به آدرس کیف پول شخصی خود منتقل کنید.

• وارد حساب صرافی شوید و احراز هویت را کامل کنید.
• مبلغ ریالی را به صرافی واریز کنید.
• تتر (USDT) بخرید.
• هنگام برداشت، شبکه‌ی TRC20 را انتخاب کنید.
• آدرس کیف پول شخصی خود را وارد و انتقال را انجام دهید.",guidance,,سبحان صمدی,منبع: ACA-INT-0228 | تأیید انسانی نشده؛ به‌عنوان راهنمایی آموزشی وارد شد، نه واقعیت رسمی. | طبق ACA-RULE-0004 مربی نام هیچ صرافی‌ای را نمی‌برد؛ نامی که در متن درس آمده توصیه‌ی آکادمی نیست. | وضعیت صرافی‌ها زمان‌مند است؛ جلسه‌ی ۱۶ هشدار جداگانه دارد (ACA-INT-0237). | پرسش‌های واقعی واریز/برداشت طبق ACA-RULE-0003 به پشتیبانی انسانی ارجاع داده می‌شوند.
official,دوره مقدماتی,چطور به بروکر واریز کنم؟,"مسیر واریز به روایت درس: تتر را از صرافی به کیف پول شخصی خود منتقل کنید، سپس از کیف پول به آدرس بروکر ارسال کنید، حتماً از شبکه‌ی TRC20 استفاده کنید و بعد از ارسال از تراکنش اسکرین‌شات بگیرید. در نسخه‌ی ساختاریافته دو نکته‌ی عملی هم اضافه شده: آدرس مقصد را دقیقاً کپی‌پیست کنید و هرگز دستی تایپ نکنید.

• تتر را از صرافی به کیف پول شخصی منتقل کنید.
• آدرس واریز بروکر را از کابین معاملاتی کپی کنید (هرگز دستی تایپ نکنید).
• شبکه‌ی TRC20 را انتخاب کنید.
• مبلغ را وارد و ارسال را تأیید کنید.
• بلافاصله از تراکنش اسکرین‌شات بگیرید.",guidance,,سبحان صمدی,منبع: ACA-INT-0230 | تأیید انسانی نشده؛ به‌عنوان راهنمایی آموزشی وارد شد، نه واقعیت رسمی. | اشتباه در آدرس یا انتخاب شبکه‌ی نادرست معمولاً غیرقابل بازگشت است. | پرسش‌های واقعی واریز/برداشت طبق ACA-RULE-0003 به پشتیبانی انسانی ارجاع داده می‌شوند.
official,دوره مقدماتی,بلاک‌چین چیه؟,توضیح مدرس از دلیل محبوبیت بلاک‌چین: وقتی کیف پول باز می‌کنی، هویتت مجهول است — کسی نمی‌داند کیف پول متعلق به کیست، مرد است یا زن، چند سال دارد و اهل کدام کشور است. در جدول مقایسه‌ی درس: در بانکداری سنتی هویت مشخص و اطلاعات کامل است، در بلاک‌چین فقط آدرس کیف پول دیده می‌شود و شبکه هم‌زمان «عمومی اما ناشناس» است.,guidance,,سبحان صمدی,منبع: ACA-INT-0234 | تأیید انسانی نشده؛ به‌عنوان راهنمایی آموزشی وارد شد، نه واقعیت رسمی.
official,دوره مقدماتی,پولم رو تو صرافی نگه دارم؟,توصیه‌ی صریح و ساده‌ی این جلسه: هیچ‌وقت دارایی را در صرافی نگه ندارید. دلیلی که می‌آورد: صرافی‌ها یکی‌یکی دچار مشکل و تحریم می‌شوند و هر از گاهی خبر می‌رسد که یکی پول کاربران را نمی‌دهد. پول را فقط برای خرید و انتقال موقت به صرافی ببرید و بلافاصله به کیف پول شخصی منتقل کنید. او همچنین می‌گوید صرافی را بر اساس سابقه و اعتبارش انتخاب کنید.,guidance,,سبحان صمدی,منبع: ACA-INT-0237 | تأیید انسانی نشده؛ به‌عنوان راهنمایی آموزشی وارد شد، نه واقعیت رسمی. | پرسش‌های واقعی واریز/برداشت طبق ACA-RULE-0003 به پشتیبانی انسانی ارجاع داده می‌شوند.
official,دوره مقدماتی,ریالی واریز کنم یا تتری؟,مدرس دو روش شارژ حساب را مقایسه می‌کند و تتر را پیشنهاد می‌دهد، نه ریالی. دلایلی که برای پیشنهاد نکردن ریالی می‌آورد: نرخ آن بالاتر است (دلار فردایی)، مجبورید ریالی هم برداشت کنید، و اگر تتر بخواهید نمی‌توانید ریالی برداشت کنید. این با قاعده‌ی جلسه‌ی ۱۵ هم‌خوان است که برداشت باید از همان مسیر واریز انجام شود.,guidance,,سبحان صمدی,منبع: ACA-INT-0238 | تأیید انسانی نشده؛ به‌عنوان راهنمایی آموزشی وارد شد، نه واقعیت رسمی. | زمان‌مند: نرخ‌ها و شرایط کارگزاری ریالی زمان‌مند است. | پرسش‌های واقعی واریز/برداشت طبق ACA-RULE-0003 به پشتیبانی انسانی ارجاع داده می‌شوند.
official,دوره مقدماتی,انگیزه‌ام رو از دست دادم,"بخش انگیزشی جمع‌بندی: «خدا به شجاعان پاسخ می‌دهد»، نه به کسی که با هر چالشی جا می‌زند؛ معامله‌گری پر از چالش است و خارج شدن از دایره‌ی امن شجاعت می‌خواهد؛ همه از سفر و مقصد حرف می‌زنند اما کسی می‌رسد که قدم بردارد — حرف زدن را همه بلدند. مدرس اضافه می‌کند که در این مسیر باید بهایش را داد و از تجربه‌ی خودش می‌گوید که از بسیاری روابط و تفریحات زده است.
توجه: این روایت شخصی مدرس از هزینه‌ای است که خودش پرداخته، نه دستور به دانشجو برای بریدن از اطرافیان؛ مربی باید آن را به همین شکل نقل کند.",guidance,,سبحان صمدی,منبع: ACA-INT-0249 | تأیید انسانی نشده؛ به‌عنوان راهنمایی آموزشی وارد شد، نه واقعیت رسمی. | روایت شخصی مدرس است؛ به‌عنوان توصیه به قطع روابط اجتماعی ارائه نشود.
official,دوره مقدماتی,چرا بقیه موفق‌ترن؟,مدرس می‌گوید بیش از دویست ساعت روی ذهنیت کار کرده و نتیجه‌گیری‌اش این است: هر کسی در جهان به هرچه رسیده، لیاقتش را داشته. توصیه‌اش این است که وقتی کسی را موفق می‌بینی تحسینش کن و تبریک بگو، و آن ذهنیتی را که هر آدم موفقی را دزد و کلاهبردار می‌بیند دور بریزی. اضافه می‌کند که چنین حرف‌هایی معمولاً از افرادی می‌آید که خودشان در سطح پایین‌تری هستند.,guidance,,سبحان صمدی,منبع: ACA-INT-0250 | تأیید انسانی نشده؛ به‌عنوان راهنمایی آموزشی وارد شد، نه واقعیت رسمی.
official,روانشناسی معامله‌گری,چطور به سود مستمر برسم؟,به گفته‌ی مدرس، در بازار کسی به سود مستمر می‌رسد که خودش را محدود کند و برای خودش قانون بسازد. او این را تنها راه موفقیت در معامله‌گری معرفی می‌کند.,guidance,,سبحان صمدی,منبع: ACA-PSY-0003 | تأیید انسانی نشده؛ به‌عنوان راهنمایی آموزشی وارد شد، نه واقعیت رسمی. | استخراج‌شده از ترنسکریپت با کیفیت پایین (تبدیل گفتار به متن ناقص). متن اصلی در فیلد verbatim_quote حفظ شده است. پیش از تأیید نهایی باید با فایل صوتی یا بازبینی مدرس تطبیق داده شود.
official,روانشناسی معامله‌گری,به کسی بگم سود کردم؟,یکی از تأکیدهای اصلی درس: هیچ‌کس نباید بفهمد شما سود کرده‌اید یا ضرر. مدرس می‌گوید پاسخ همیشگی به پرسش «امروز بازار چطور بود؟» باید ثابت و خنثی باشد — «خدا را شکر» — چه سود کرده باشید و چه ضرر. دلیلش این است که گفتنِ سود، در ذهن دیگران و در ذهن خودتان توقع می‌سازد و همان توقع، دفعه‌ی بعد بالانس رفتاری‌تان را به هم می‌ریزد.,guidance,,سبحان صمدی,منبع: ACA-PSY-0010 | تأیید انسانی نشده؛ به‌عنوان راهنمایی آموزشی وارد شد، نه واقعیت رسمی. | این قاعده هم درباره‌ی دوستان و هم درباره‌ی خانواده مطرح شده است. | استخراج‌شده از ترنسکریپت با کیفیت پایین (تبدیل گفتار به متن ناقص). متن اصلی در فیلد verbatim_quote حفظ شده است. پیش از تأیید نهایی باید با فایل صوتی یا بازبینی مدرس تطبیق داده شود.
official,هوش هیجانی,چرا از استعدادیابی حذف می‌شن؟,"مدرس این عدد را با تصریح به منبعش می‌آورد: «طبق آماری که به دست آورده‌ام» — یعنی شمارش شخصی خودش، نه یک پژوهش منتشرشده.
ادعا: ۸۰ درصد افرادی که از استعدادیابی حذف شده‌اند، به خاطر یک روز اشتباه ضرر کردن بوده است — نه به‌خاطر ضعف تدریجی. در یک روز دراودان مجاز را تاچ کرده‌اند و طبق قانون کنار گذاشته شده‌اند.
علتی که مدرس می‌گوید: نتوانستند ذهنشان را کنترل کنند.",guidance,,سبحان صمدی,منبع: ACA-EQ-0006 | تأیید انسانی نشده؛ به‌عنوان راهنمایی آموزشی وارد شد، نه واقعیت رسمی. | زمان‌مند: شمارش شخصی مدرس در زمان ضبط دوره؛ منبع پژوهشی ندارد. | مربی این عدد را به‌عنوان آمار رسمی یا پژوهش اعلام نمی‌کند. | ⚠️ قاعده‌ی پاسخ: مربی این عدد را به‌عنوان آمار قطعی اعلام نمی‌کند؛ آن را به‌صورت «تجربه و مشاهده‌ی مدرس» نقل می‌کند. پیام اصلی — که یک روز بی‌کنترل می‌تواند همه‌چیز را از بین ببرد — مستقل از عدد معتبر است. | برداشت از متن درس؛ پیش از تبدیل به پاسخ رسمی، تأیید مدرس لازم است.
official,هوش هیجانی,برای ترید باید باهوش باشم؟,مدرس جایگاه دو شاخص را تاریخی توضیح می‌دهد و نتیجه‌ی عملی می‌گیرد.,guidance,,سبحان صمدی,منبع: ACA-EQ-0013 | تأیید انسانی نشده؛ به‌عنوان راهنمایی آموزشی وارد شد، نه واقعیت رسمی. | مربی عدد ۸۰٪ را به‌عنوان نتیجه‌ی پژوهش قطعی اعلام نمی‌کند. | ⚠️ عدد «۸۰ درصد موفقیت مربوط به هوش هیجانی است» در درس بدون ذکر منبع آمده و یک ادعای پرتکرار در ادبیات عمومی است؛ مربی آن را به‌عنوان پژوهش قطعی اعلام نمی‌کند (RQ-0033). | برداشت از متن درس؛ پیش از تبدیل به پاسخ رسمی، تأیید مدرس لازم است.
official,هوش هیجانی,چرا حالم بده نمی‌دونم؟,"مدرس می‌گوید بالغ بر ۴۰ درصد افراد اصلاً نمی‌دانند اگر الان حالشان بد است، چرا بد است — و علتش را نداشتن خودشناسی می‌داند.
این عدد در درس بدون ذکر منبع آمده است، مثل دو عدد ۸۰ درصدی بخش اول.",guidance,,سبحان صمدی,منبع: ACA-EQ-0019 | تأیید انسانی نشده؛ به‌عنوان راهنمایی آموزشی وارد شد، نه واقعیت رسمی. | زمان‌مند: ادعای درس بدون ذکر منبع پژوهشی. | مربی این عدد را به‌عنوان آمار رسمی یا نتیجه‌ی پژوهش اعلام نمی‌کند. | ⚠️ قاعده‌ی پاسخ: مربی این عدد را به‌عنوان آمار پژوهشی اعلام نمی‌کند و آن را به‌صورت «آنچه مدرس در درس گفته» نقل می‌کند (RQ-0033). | 💡 پیام عملی، مستقل از عدد، برای معامله‌گری بسیار کاربردی است: بسیاری از دانشجویان «حال بد» را حس می‌کنند اما نمی‌توانند نامش را ببرند — و همان حال بدِ بی‌نام است که به اوورترید و معامله‌ی انتقامی تبدیل می‌شود. | برداشت از متن درس؛ پیش از تبدیل به پاسخ رسمی، تأیید مدرس لازم است.
official,هوش هیجانی,استرس چه بلایی سرم میاره؟,مدرس می‌گوید «طبق پژوهش‌های انجام شده»، کسی که همواره دچار ترس و استرس است، ضرر و زیانش با کسی که پشت سر هم سیگار مصرف می‌کند برابری می‌کند. نتیجه‌ای که می‌گیرد: «خیلی به خودت آسیب می‌زنی اگر همواره کسی هستی که دچار استرسی.»,guidance,,سبحان صمدی,منبع: ACA-EQ-0043 | تأیید انسانی نشده؛ به‌عنوان راهنمایی آموزشی وارد شد، نه واقعیت رسمی. | زمان‌مند: ادعای درس بدون نام بردن پژوهش. | مربی این مقایسه را به‌عنوان یافته‌ی پژوهشی اعلام نمی‌کند. | ⚠️ در درس هیچ پژوهش مشخصی نام برده نشده است. مربی این را به‌عنوان تشبیه و هشدار مدرس نقل می‌کند، نه به‌عنوان یافته‌ی پژوهشی (RQ-0033). | 💡 پیام، مستقل از تشبیه، درست است: استرس مزمن هزینه‌ی جسمی دارد و رایگان نیست. | برداشت از متن درس؛ پیش از تبدیل به پاسخ رسمی، تأیید مدرس لازم است.
official,دوره مقدماتی,نقدینگی چه نقشی داره؟,مدرس در ابتدای جلسه‌ی اول سه محور نام می‌برد: کانال قیمتی (بازار مدام در حال تکرار است)، نحوه‌ی نقدینگی‌ها و انتشار نقدینگی، و خرید و فروش در سایکل.,guidance,,سبحان صمدی,منبع: ACA-INT-0007 | تأیید انسانی نشده؛ به‌عنوان راهنمایی آموزشی وارد شد، نه واقعیت رسمی. | این فهرست «سه اصل بازار» نیست (D-0005)؛ پاسخ رسمی در ACA-CLR-0002 است. | ⚠️ این فهرست «سه اصل بازار» آکادمی نیست. با تصمیم مالک پروژه (D-0005)، «سه اصل / سه چرخه‌ی بازار» عبارت‌اند از اسپایک، کانال قیمتی و تریدینگ رنج (ACA-INT-0006 و ACA-CLR-0002). این رکورد فقط برای ثبت امانت‌دارانه‌ی همان بخش از جلسه نگه داشته شده و مربی نباید آن را با عنوان «سه اصل بازار» ارائه دهد. | برداشت از متن درس؛ پیش از تبدیل به پاسخ رسمی، تأیید مدرس لازم است.
official,دوره مقدماتی,لوریج فارکس با کریپتو فرق داره؟,مدرس می‌گوید بسیاری از کسانی که از بازار کریپتو آمده‌اند، لوریج را در فارکس اشتباه می‌فهمند: لوریج آن چیزی نیست که در کریپتو یاد گرفته‌اند و نباید همان برداشت را در فارکس پیاده کنند. توضیح کامل آن در ویدیوی مربوط به لوریج می‌آید.,guidance,,سبحان صمدی,منبع: ACA-INT-0013 | تأیید انسانی نشده؛ به‌عنوان راهنمایی آموزشی وارد شد، نه واقعیت رسمی. | برداشت از متن درس؛ پیش از تبدیل به پاسخ رسمی، تأیید مدرس لازم است.
official,دوره مقدماتی,این پیج مال شماست؟,مدرس هشدار می‌دهد که فقط یک پیج اینستاگرام، یک کانال و یک سایت رسمی دارد و هر صفحه یا کانال دیگری به نام او جعلی و کلاهبرداری است. او می‌گوید افراد زیادی به نام او پیج و کانال ساخته‌اند. نشانی دقیق حساب‌های رسمی در متن ترنسکریپت به‌درستی ثبت نشده و باید از آکادمی گرفته شود.,guidance,,سبحان صمدی,منبع: ACA-INT-0021 | تأیید انسانی نشده؛ به‌عنوان راهنمایی آموزشی وارد شد، نه واقعیت رسمی. | نشانی دقیق حساب‌های رسمی هنوز در پایگاه دانش ثبت نشده است (RQ-0016)؛ تا آن زمان مربی نباید هیچ آیدی یا لینکی را به‌عنوان رسمی تأیید کند. | برداشت از متن درس؛ پیش از تبدیل به پاسخ رسمی، تأیید مدرس لازم است.
official,دوره مقدماتی,بازار فارکس چقدر بزرگه؟,مدرس برای نشان دادن عمق بازار می‌گوید گردش مالی روزانه‌ی فارکس بیش از شش تریلیون دلار است و آن را با اندازه‌ی بازارهای کوچک مقایسه می‌کند؛ جایی که یک نفر با سرمایه‌ی محدود می‌تواند بر قیمت اثر بگذارد. نتیجه‌گیری او این است که در بازاری با این عمق، بحث «قمار بودن» یا «کازینو بودن» موضوعیت ندارد.,guidance,,سبحان صمدی,منبع: ACA-INT-0032 | تأیید انسانی نشده؛ به‌عنوان راهنمایی آموزشی وارد شد، نه واقعیت رسمی. | عدد گردش مالی، آمار زمان ضبط درس (۱ خرداد ۱۴۰۲) است و باید با آمار روز به‌روزرسانی شود. | برداشت از متن درس؛ پیش از تبدیل به پاسخ رسمی، تأیید مدرس لازم است.
official,دوره مقدماتی,چه بروکری خوبه؟,مدرس دو نوع بروکر را نام می‌برد: A-Book و B-Book. به گفته‌ی او در مدل B-Book تضاد منافع وجود دارد: اگر تو سود کنی بروکر ضرر می‌کند و اگر ضرر کنی بروکر سود می‌کند، و همین می‌تواند به دستکاری منجر شود. او این بروکرها را «عملاً کلاهبردار» توصیف می‌کند و تأکید می‌کند بروکر باید رگوله باشد، یعنی از دستگاه‌های نظارتی جهانی مجوز گرفته باشد.,guidance,,سبحان صمدی,منبع: ACA-INT-0034 | تأیید انسانی نشده؛ به‌عنوان راهنمایی آموزشی وارد شد، نه واقعیت رسمی. | مدرس هشدار می‌دهد بسیاری از بروکرهای فعال داخل ایران به دلیل نبود نظارت قابل اعتماد نیستند. | آکادمی در پایگاه دانش هیچ بروکر مشخصی را تأیید نکرده است (RQ-0004). | برداشت از متن درس؛ پیش از تبدیل به پاسخ رسمی، تأیید مدرس لازم است.
official,دوره مقدماتی,چه سیستمی لازم دارم؟,"به گفته‌ی مدرس فقط یک سیستم و یک اینترنت لازم است. او با لپ‌تاپ ۱۵.۶ اینچ شروع کرده و همان را اندازه‌ی مناسبی می‌داند؛ کوچک‌تر هم مشکلی ندارد اما بزرگ‌تر دید بهتری می‌دهد. برای سفر از لپ‌تاپ ۱۳ اینچ استفاده می‌کند و در محل کار آن را به مانیتور بزرگ وصل می‌کند. درباره‌ی اینترنت می‌گوید استفاده از فیلترشکن الزامی نیست و برخلاف ارز دیجیتال، در فارکس نیازی به IP ثابت نیست.

• یک کامپیوتر یا لپ‌تاپ معمولی تهیه کنید؛ سیستم قوی لازم نیست.
• اندازه‌ی پیشنهادی صفحه‌نمایش ۱۵.۶ اینچ است.
• برای کار ثابت، اتصال به مانیتور بزرگ‌تر راحتی بیشتری می‌دهد.
• یک اینترنت پایدار کافی است.",guidance,,سبحان صمدی,منبع: ACA-INT-0039 | تأیید انسانی نشده؛ به‌عنوان راهنمایی آموزشی وارد شد، نه واقعیت رسمی. | برداشت از متن درس؛ پیش از تبدیل به پاسخ رسمی، تأیید مدرس لازم است.
official,دوره مقدماتی,چرا برعکس جمع معامله می‌کنید؟,مدرس تأکید می‌کند نباید فرض کرد همه‌ی فعالان بازار منطقی تصمیم می‌گیرند؛ بخش زیادی از حرکات از تصمیم‌های غیرمنطقی و تحلیل‌های ناقص از اطلاعات بازار می‌آید. کار معامله‌گر حرفه‌ای دقیقاً همین است که ترس و طمع جمعیت را بشناسد و از آن استفاده کند — مثلاً جایی که جمع در حال خرید است، او با تشخیص خطای جمع وارد فروش شود.,guidance,,سبحان صمدی,منبع: ACA-INT-0057 | تأیید انسانی نشده؛ به‌عنوان راهنمایی آموزشی وارد شد، نه واقعیت رسمی. | برداشت از متن درس؛ پیش از تبدیل به پاسخ رسمی، تأیید مدرس لازم است.
official,دوره مقدماتی,مگه نگفتید فیبوناچی کار نمی‌کنید؟,ممکن است به‌نظر برسد استفاده از فیبوناچی با موضع جلسه‌ی سوم در تضاد است، اما این‌طور نیست. آنچه مدرس نقد می‌کند، سیستم‌های سیگنال‌دهی مبتنی بر فیبوناچی است — یعنی این فرض که قیمت حتماً روی درصد مشخصی واکنش می‌دهد. آنچه خودش استفاده می‌کند، همان ابزار به‌عنوان خط‌کش اندازه‌گیری فاصله‌ی ورود تا حد ضرر و اهداف است. ابزار، سیستم نیست.,guidance,,سبحان صمدی,منبع: ACA-INT-0098 | تأیید انسانی نشده؛ به‌عنوان راهنمایی آموزشی وارد شد، نه واقعیت رسمی. | برداشت از متن درس؛ پیش از تبدیل به پاسخ رسمی، تأیید مدرس لازم است.
official,دوره مقدماتی,بالانس و اکویتی چه فرقی دارن؟,ترمینال بخش اصلی کار روزمره است و مفاهیم حساب در آن دیده می‌شود: بالانس یعنی موجودی حساب؛ اکویتی یعنی بالانس به‌علاوه یا منهای سود و زیان شناور؛ مارجین یعنی سرمایه‌ای که درگیر معاملات شده؛ فری مارجین یعنی سرمایه‌ی آزاد؛ و مارجین لول نسبت میان این‌هاست. تب‌های اصلی ترمینال: Trade، Account History، Alerts و Mailbox.,guidance,,سبحان صمدی,منبع: ACA-INT-0101 | تأیید انسانی نشده؛ به‌عنوان راهنمایی آموزشی وارد شد، نه واقعیت رسمی. | برداشت از متن درس؛ پیش از تبدیل به پاسخ رسمی، تأیید مدرس لازم است.
official,دوره مقدماتی,منوی Tools چی داره؟,منوی Tools شامل New Order برای ثبت سفارش، Task Manager، دسترسی به MQL5 Market و Options (تنظیمات عمومی) است. معامله‌ی یک‌کلیکی هم مثل نسخه‌ی چهار با راست‌کلیک روی چارت در دسترس است.,guidance,,سبحان صمدی,منبع: ACA-INT-0118 | تأیید انسانی نشده؛ به‌عنوان راهنمایی آموزشی وارد شد، نه واقعیت رسمی. | برداشت از متن درس؛ پیش از تبدیل به پاسخ رسمی، تأیید مدرس لازم است.
official,دوره مقدماتی,متاتریدر ۵ سریع‌تره؟,بر اساس گزارش‌هایی که مدرس از دانشجویان گرفته، سرعت کار متاتریدر ۵ برای بسیاری بیشتر از نسخه‌ی چهار بوده است؛ اما او تأکید می‌کند این موضوع برای هر شخص، هر اینترنت و هر موقعیت جغرافیایی متفاوت است و برای خودش هر دو نسخه بهترین سرعت اتصال را دارند. توصیه‌اش این است که هر کس خودش هر دو را با اینترنت و سیستم خودش تست کند. آنچه در نهایت اهمیت دارد این است که معامله درست باز و درست بسته شود.,guidance,,سبحان صمدی,منبع: ACA-INT-0119 | تأیید انسانی نشده؛ به‌عنوان راهنمایی آموزشی وارد شد، نه واقعیت رسمی. | این یک مقایسه‌ی تجربی است، نه اندازه‌گیری فنی؛ نتیجه به اینترنت و موقعیت کاربر بستگی دارد. | برداشت از متن درس؛ پیش از تبدیل به پاسخ رسمی، تأیید مدرس لازم است.
official,دوره مقدماتی,بازار کی باز می‌شه؟,به گفته‌ی درس، بازار فارکس ۲۴ ساعته است و از دوشنبه تا جمعه باز است. زمان دقیق باز و بسته شدن هفته بر اساس ساعت سرور بروکر تعیین می‌شود و بین بروکرها اندکی متفاوت است.,guidance,,سبحان صمدی,منبع: ACA-INT-0139 | تأیید انسانی نشده؛ به‌عنوان راهنمایی آموزشی وارد شد، نه واقعیت رسمی. | زمان دقیق شروع و پایان هفته‌ی معاملاتی را باید از ساعت سرور بروکر خودتان دید. | برداشت از متن درس؛ پیش از تبدیل به پاسخ رسمی، تأیید مدرس لازم است.
official,دوره مقدماتی,یه کندل بزرگ چی نشون می‌ده؟,مدرس برای نشان دادن این اصل مثالی از طلا می‌زند: باز شدن، پایین‌ترین، بالاترین و بسته شدن کل یک سال، همگی در یک کندل بلندمدت خلاصه می‌شود. یعنی وقتی به یک کندل بزرگ نگاه می‌کنید، در واقع خلاصه‌ی صدها یا هزاران کندل کوچک‌تر را می‌بینید و جزئیات حرکت درون آن پنهان است.,guidance,,سبحان صمدی,منبع: ACA-INT-0142 | تأیید انسانی نشده؛ به‌عنوان راهنمایی آموزشی وارد شد، نه واقعیت رسمی. | اعداد این مثال گرد و آموزشی‌اند و قیمت واقعی طلا در آن سال محسوب نمی‌شوند؛ مربی نباید آن‌ها را به‌عنوان داده‌ی تاریخی بازار ارائه کند. | برداشت از متن درس؛ پیش از تبدیل به پاسخ رسمی، تأیید مدرس لازم است.
official,دوره مقدماتی,استاپ اوت یعنی چی؟,مدرس می‌گوید اگر مارجین لیول به ۱۰۰٪ برسد، دیگر اجازه‌ی باز کردن معامله‌ی جدید ندارید و اگر بیشتر کاهش یابد، بروکر ممکن است معاملات را به‌اجبار ببندد (Stop Out). به همین دلیل یکی از نکات پایانی درس این است که مارجین لیول را همیشه کنترل کنید.,guidance,,سبحان صمدی,منبع: ACA-INT-0170 | تأیید انسانی نشده؛ به‌عنوان راهنمایی آموزشی وارد شد، نه واقعیت رسمی. | آستانه‌ی مارجین کال و استاپ اوت وابسته به بروکر است؛ مربی باید کاربر را به شرایط بروکر خودش ارجاع دهد. | ⚠️ نکته‌ی تکمیلی که در همه‌ی رکوردهای این پایگاه دانش رعایت می‌شود: آستانه‌ی دقیق مارجین کال و استاپ اوت را بروکر تعیین می‌کند و از بروکری به بروکر دیگر فرق دارد؛ عدد ۱۰۰٪ باید با بروکر خود شما بررسی شود. | برداشت از متن درس؛ پیش از تبدیل به پاسخ رسمی، تأیید مدرس لازم است.
official,دوره مقدماتی,چرا روانشناسی مهمه؟,مدرس می‌گوید بیش از ۷۰٪ تصمیم‌های ما از ناخودآگاهی می‌آید که از کودکی شکل گرفته است، و در جمع‌بندی همین بخش تأکید می‌کند بیش از ۷۰٪ موفقیت هم به روان‌شناسی برمی‌گردد. توصیه‌اش این است که خودت را بشناسی و روی ذهنیتت کار کنی؛ اگر احساس می‌کنی ضعیف هستی، برای ساختن ذهنیت قوی‌تر تلاش کن.,guidance,,سبحان صمدی,منبع: ACA-INT-0186 | تأیید انسانی نشده؛ به‌عنوان راهنمایی آموزشی وارد شد، نه واقعیت رسمی. | عدد ۷۰٪ منبع پژوهشی ندارد و باید به‌صورت «تأکید مدرس» نقل شود، نه آمار. | ⚠️ عدد ۷۰٪ تأکید بیانی مدرس بر اهمیت روان‌شناسی است، نه آمار پژوهشی؛ مربی باید آن را به همین شکل نقل کند. | برداشت از متن درس؛ پیش از تبدیل به پاسخ رسمی، تأیید مدرس لازم است.
official,دوره مقدماتی,الگوهای شمعی کلاسیک رو باید یاد بگیرم؟,موضع درس: الگوهای سنتی شمعی همه در مفهوم پین‌بار خلاصه می‌شوند و لازم نیست ده‌ها اسم حفظ شود. جدول معادل‌ها به روایت درس: ستاره صبحگاهی و چکش ← پین‌بار صعودی؛ ستاره شامگاهی و مرد دارآویز ← پین‌بار نزولی؛ پوشاننده صعودی ← پین‌بار صعودی قوی؛ پوشاننده نزولی ← پین‌بار نزولی قوی. مزیتی که می‌گوید: سادگی، بی‌نیازی از حفظ کردن اسامی، و نمایش مستقیم قدرت خریدار و فروشنده.,guidance,,سبحان صمدی,منبع: ACA-INT-0199 | تأیید انسانی نشده؛ به‌عنوان راهنمایی آموزشی وارد شد، نه واقعیت رسمی. | کندل پوشاننده با قاعده‌ی «سایه حداقل ۲ برابر بدنه» هم‌خوان نیست؛ مربی نباید آن را شکلاً پین‌بار معرفی کند. در انتظار تعیین عبارت دقیق توسط مدرس (RQ-0019). | ⚠️ نکته‌ی آموزشی مهم: منظور درس یکی بودن *شکل* این الگوها نیست — کندل پوشاننده بدنه‌ی بزرگ دارد و با قاعده‌ی «سایه حداقل ۲ برابر بدنه» (ACA-INT-0195) جور درنمی‌آید. آنچه یکی است، *خواندن قدرت خریدار و فروشنده* از روی کندل است. مربی باید همین را آموزش دهد و نگوید کندل پوشاننده یک پین‌بار است (RQ-0019). | برداشت از متن درس؛ پیش از تبدیل به پاسخ رسمی، تأیید مدرس لازم است.
official,دوره مقدماتی,از کجا بفهمم روند داره ضعیف می‌شه؟,مدرس ضعف روند صعودی را این‌طور بیان می‌کند: «وقتی که قیمت دیگر نتواند سقف بالاتر بزند یا کف پایین‌تر بزند». یعنی دو نشانه‌ی ضعف: (۱) ناتوانی در ساختن سقف بالاتر، و (۲) ساخته شدن کفی پایین‌تر از کف قبلی.,guidance,,سبحان صمدی,منبع: ACA-INT-0208 | تأیید انسانی نشده؛ به‌عنوان راهنمایی آموزشی وارد شد، نه واقعیت رسمی. | عبارت منبع دوپهلو است؛ خوانش ثبت‌شده بر پایه‌ی بخش «پایان روند» همین جلسه است، نه حدس. | ⚠️ عبارت منبع از نظر دستوری دوپهلوست و می‌شود آن را «نتواند کف پایین‌تر بزند» هم خواند، که با بقیه‌ی درس نمی‌خواند. خودِ همین جلسه در بخش «پایان روند» تکلیف را روشن می‌کند: شکسته شدن آخرین کف پایان روند صعودی است. بنابراین خوانش درست همان مورد (۲) است. | برداشت از متن درس؛ پیش از تبدیل به پاسخ رسمی، تأیید مدرس لازم است.
official,دوره مقدماتی,مدیر حساب چیه؟,مدرس می‌گوید اگر از طریق لینک معرف او ثبت‌نام کنید، همان مدیر حسابی که مدیر حساب خودش است مدیر حساب شما هم می‌شود، از قبرس با شما تماس می‌گیرد و راهنمایی می‌کند؛ و اگر جایی به مشکل خوردید، خودش پیگیری می‌کند. ساعت پاسخ‌گویی مدیر حساب که اعلام می‌شود: دوشنبه تا جمعه، ۹:۳۰ صبح تا ۱۶:۳۰ عصر به وقت ایران؛ در کنار آن پشتیبانی ۲۴ ساعته هم وجود دارد.,guidance,,سبحان صمدی,منبع: ACA-INT-0223 | تأیید انسانی نشده؛ به‌عنوان راهنمایی آموزشی وارد شد، نه واقعیت رسمی. | زمان‌مند: ساعت پاسخ‌گویی و شرایط معرف ممکن است تغییر کرده باشد. | مزیت مربوط به لینک معرف است و باید شفاف بیان شود. | ساعت‌ها و شرایط زمان‌مندند؛ پیش از اتکا باید با بروکر بررسی شوند. | پرسش‌های واقعی واریز/برداشت طبق ACA-RULE-0003 به پشتیبانی انسانی ارجاع داده می‌شوند. | ⚠️ این یک مزیت مربوط به ثبت‌نام از طریق لینک معرف است؛ مربی باید آن را به‌همین صورت شفاف بیان کند و آن را به‌عنوان توصیه‌ی مالی ارائه ندهد. | برداشت از متن درس؛ پیش از تبدیل به پاسخ رسمی، تأیید مدرس لازم است.
official,دوره مقدماتی,چرا انتقالم انجام نشد؟,انتقال تتر در این آموزش روی شبکه‌ی TRC20 (بلاک‌چین ترون) انجام می‌شود، چون کارمزد پایین و سرعت بالایی دارد. نکته‌ی عملی مهم: برای پرداخت کارمزد باید مقداری ترون (TRX) در کیف پول داشته باشید، وگرنه هنگام انتقال می‌مانید. اعدادی که مدرس می‌گوید: کارمزد حدود ۱ تا ۴ دلار (معادل ۳ تا ۶ ترون)، و این کارمزد به مبلغ تراکنش بستگی ندارد.,guidance,,سبحان صمدی,منبع: ACA-INT-0229 | تأیید انسانی نشده؛ به‌عنوان راهنمایی آموزشی وارد شد، نه واقعیت رسمی. | زمان‌مند: کارمزد شبکه و معادل ترونی آن با قیمت TRX تغییر می‌کند. | اعداد کارمزد نرخ روز نیستند و نباید به‌عنوان قیمت فعلی گفته شوند. | ⚠️ اعداد کارمزد و معادل ترونی آن‌ها زمان‌مندند و با قیمت TRX تغییر می‌کنند؛ مربی باید آن‌ها را به‌عنوان «عدد زمان ضبط» بگوید، نه نرخ روز. | برداشت از متن درس؛ پیش از تبدیل به پاسخ رسمی، تأیید مدرس لازم است.
official,دوره مقدماتی,چرا پولم بلوکه شد؟,"توضیح مدرس درباره‌ی سازوکار شناسایی: وقتی یک صرافی ایرانی تحریم می‌شود، کیف پول‌هایی که با آن صرافی در ارتباط بوده‌اند هم شناسایی می‌شوند. هویت شخص را نمی‌دانند، اما چون کیف پول با صرافی تحریم‌شده تراکنش داشته، به آن یک «لیبل» می‌خورد و فرض می‌شود احتمالاً متعلق به یک ایرانی است؛ در نتیجه ممکن است دارایی بلوکه شود.
این رکورد توضیح می‌دهد چرا مسئله وجود دارد. تصمیم‌گیری درباره‌ی اینکه هر دانشجو در وضعیت خودش چه کند، مالی و حقوقی است و طبق به پشتیبانی انسانی سپرده می‌شود.",guidance,,سبحان صمدی,منبع: ACA-INT-0235 | تأیید انسانی نشده؛ به‌عنوان راهنمایی آموزشی وارد شد، نه واقعیت رسمی. | زمان‌مند: وضعیت تحریم صرافی‌ها و سیاست‌های شناسایی مدام تغییر می‌کند. | وضعیت تحریمی زمان‌مند است؛ مربی نباید آن را به‌عنوان وضعیت امروز اعلام کند. | پرسش‌های واقعی واریز/برداشت طبق ACA-RULE-0003 به پشتیبانی انسانی ارجاع داده می‌شوند. | برداشت از متن درس؛ پیش از تبدیل به پاسخ رسمی، تأیید مدرس لازم است.
official,دوره مقدماتی,کیف پولم لیبل خورده چیکار کنم؟,"این جلسه توصیه‌هایی عملیاتی درباره‌ی کیف پول دارد: کنار گذاشتن کیف پولی که با صرافی تحریم‌شده کار کرده، ساختن کیف پول تازه، و جابه‌جا کردن دارایی میان چند کیف پول پیش از ارسال به بروکر (که مدرس می‌گوید ریسک را کم می‌کند و چند تتر کارمزد دارد).
مالک پروژه این سیاست را تأیید کرد (D-0010): توضیح کلی بله، دستورالعمل گام‌به‌گام نه.",guidance,,سبحان صمدی,منبع: ACA-INT-0236 | تأیید انسانی نشده؛ به‌عنوان راهنمایی آموزشی وارد شد، نه واقعیت رسمی. | طبق D-0010 مربی توضیح کلی می‌دهد اما گام‌به‌گام آموزش نمی‌دهد؛ ارجاع به ویدیوی دوره و پشتیبانی انسانی. | متن کامل در منبع خام دست‌نخورده نگهداری شده است. | پرسش‌های واقعی واریز/برداشت طبق ACA-RULE-0003 به پشتیبانی انسانی ارجاع داده می‌شوند. | ⚠️ سیاست ثبت: متن کامل این توصیه‌ها در فایل خام دوره دست‌نخورده نگهداری می‌شود، اما به شکل «دستورالعمل گام‌به‌گام» در پایگاه دانش ثبت نشده است تا مربی خودکار آن را برای تک‌تک دانشجویان اجرا نکند. دلیلش دو چیز است: (۱) طبق ACA-RULE-0003 مسائل واریز، برداشت و اختلاف با بروکر به پشتیبانی انسانی می‌رود؛ (۲) این‌ها تصمیم مالی و حقوقی شخصی‌اند و شرایط هر دانشجو فرق دارد. مربی دانشجو را به همین ویدیو و به پشتیبانی انسانی ارجاع می‌دهد. | برداشت از متن درس؛ پیش از تبدیل به پاسخ رسمی، تأیید مدرس لازم است.
official,دوره مقدماتی,خلاصه‌ی نکات تحریم چیه؟,"هفت نکته‌ای که مدرس جمع‌بندی می‌کند: پول را در صرافی نگه ندار؛ با کیف پول لیبل‌خورده کار نکن و کیف پول جدید بساز؛ جابه‌جایی میان کیف پول‌ها ریسک را کم می‌کند؛ از صرافی معتبر و غیرتحریمی استفاده کن؛ بروکر معتمد و دارای رگوله انتخاب کن؛ روش تتر را انتخاب کن نه ریالی؛ و مدیر حساب اختصاصی داشته باش.
دو مورد از این هفت مورد (کیف پول جدید و جابه‌جایی میان والت‌ها) طبق سیاست ثبت‌شده در به‌صورت دستورالعمل اجرایی در اختیار مربی خودکار نیست و به ویدیو و پشتیبانی انسانی ارجاع داده می‌شود.",guidance,,سبحان صمدی,منبع: ACA-INT-0241 | تأیید انسانی نشده؛ به‌عنوان راهنمایی آموزشی وارد شد، نه واقعیت رسمی. | دو مورد از هفت مورد طبق ACA-INT-0236 محدود شده‌اند. | پرسش‌های واقعی واریز/برداشت طبق ACA-RULE-0003 به پشتیبانی انسانی ارجاع داده می‌شوند. | برداشت از متن درس؛ پیش از تبدیل به پاسخ رسمی، تأیید مدرس لازم است.
official,دوره مقدماتی,دوره پیشرفته چی داره؟,"سرفصل مجموعه‌ی آموزشی پیشرفته به روایت این جلسه (بیش از ۳۴ ساعت آموزش):
• بخش ۱ — رودمپ و مرور مطالب
• بخش ۲ تا ۳ — حمایت و مقاومت (ساپورت و رزیستنس)
• بخش ۴ — سیگنال بار و کی بار (پین‌بار)
• بخش ۵ تا ۱۰ — کانال‌ها
• بخش ۱۱ تا ۱۵ — اسپایک‌ها و چرخه‌های بازار
• بخش ۱۶ تا ۲۰ — تریدینگ رنج و سایکل‌شناسی
• بخش ۲۱ تا ۲۵ — مدیریت سرمایه و ریسک
• بخش ۲۶ تا ۳۰ — میکروکانال‌ها
• بخش ۳۱ تا ۳۶ — استراتژی‌نویسی شخصی‌سازی‌شده",guidance,,سبحان صمدی,منبع: ACA-INT-0244 | تأیید انسانی نشده؛ به‌عنوان راهنمایی آموزشی وارد شد، نه واقعیت رسمی. | شماره‌گذاری بخش‌ها در متن کاملاً هم‌خوان نیست؛ مربی شماره‌ی «پارت معجزه» را قطعی نگوید (RQ-0023). | محتوای دوره‌ی پیشرفته هنوز به پایگاه دانش وارد نشده است (RQ-0001). | ⚠️ دو نکته‌ی جزئی در متن: بازه‌ی ۵ تا ۱۰ «۵ پارت» نامیده شده (که شش بخش است)، و مدرس «پارت پنجم (سقف و کف‌ها)» را معجزه می‌نامد در حالی که در جدول، بخش ۵ ذیل کانال‌هاست. تا تعیین تکلیف، مربی شماره‌ی دقیق آن بخش را اعلام نمی‌کند (RQ-0023). | برداشت از متن درس؛ پیش از تبدیل به پاسخ رسمی، تأیید مدرس لازم است.
official,دوره مقدماتی,ترسم رو چطور از بین ببرم؟,جمع‌بندی روان‌شناختی مدرس: بیش از ۸۰٪ ذهن ناخودآگاه است؛ «حیوان درون» خودت را بشناس؛ سعی در کنترل نکن، بلکه مدیریت کن؛ و استرس و ترس هیچ‌وقت از بین نمی‌روند، فقط کنترل می‌شوند.,guidance,,سبحان صمدی,منبع: ACA-INT-0247 | تأیید انسانی نشده؛ به‌عنوان راهنمایی آموزشی وارد شد، نه واقعیت رسمی. | درصدهای ذکرشده (۷۰٪ و ۸۰٪) تأکید بیانی‌اند نه آمار؛ مربی درصد را نقل نکند. | ⚠️ عدد اینجا «بیش از ۸۰٪» است و در جلسه‌ی ۱۱ «بیش از ۷۰٪» بود (ACA-INT-0186). همان‌طور که آنجا ثبت شد، این اعداد تأکید بیانی مدرس بر اهمیت روان‌شناسی‌اند نه آمار پژوهشی؛ تفاوت دو عدد همین را تأیید می‌کند. مربی باید مفهوم را نقل کند، نه درصد را. | برداشت از متن درس؛ پیش از تبدیل به پاسخ رسمی، تأیید مدرس لازم است.
official,روانشناسی معامله‌گری,یه بار قانون رو بشکنم چی می‌شه؟,مدرس این جمله را دو بار تکرار می‌کند: سودی که از راه زیر پا گذاشتن قوانین به دست می‌آید، می‌تواند پرهزینه‌تر از خود آن سود باشد. یعنی سودِ حاصل از قانون‌شکنی، در بلندمدت هزینه‌ی بیشتری به معامله‌گر تحمیل می‌کند.,guidance,,سبحان صمدی,منبع: ACA-PSY-0004 | تأیید انسانی نشده؛ به‌عنوان راهنمایی آموزشی وارد شد، نه واقعیت رسمی. | استخراج‌شده از ترنسکریپت با کیفیت پایین (تبدیل گفتار به متن ناقص). متن اصلی در فیلد verbatim_quote حفظ شده است. پیش از تأیید نهایی باید با فایل صوتی یا بازبینی مدرس تطبیق داده شود.
official,روانشناسی معامله‌گری,بعد از سه ضرر ادامه بدم؟,مدرس مثال می‌زند: کسی قانون گذاشته «سه معامله‌ی ضررده که زدم، دیگر ترید نمی‌کنم». یک بار این قانون را می‌شکند، معامله‌ی چهارم را می‌زند و سود می‌کند. همان یک بار، در ذهن شکل می‌گیرد که قانون‌شکنی جواب می‌دهد و کم‌کم به الگوی رفتاری تبدیل می‌شود.,guidance,,سبحان صمدی,منبع: ACA-PSY-0006 | تأیید انسانی نشده؛ به‌عنوان راهنمایی آموزشی وارد شد، نه واقعیت رسمی. | خطر اصلی، خودِ ضررِ آن معامله نیست؛ عادتی است که سودِ آن معامله در ذهن می‌سازد. | استخراج‌شده از ترنسکریپت با کیفیت پایین (تبدیل گفتار به متن ناقص). متن اصلی در فیلد verbatim_quote حفظ شده است. پیش از تأیید نهایی باید با فایل صوتی یا بازبینی مدرس تطبیق داده شود.
official,روانشناسی معامله‌گری,بعد از سود خوب چیکار کنم؟,مدرس رفتار کسانی را توصیف می‌کند که بعد از یک سود خوب پشت سیستم می‌رقصند، آهنگ می‌گذارند و جشن می‌گیرند. به گفته‌ی او، کسی به سود مستمر می‌رسد که با هر سود یا هر ضرر خوشحال یا ناراحت نشود، و این را نقطه‌ی بسیار مهمی می‌داند.,guidance,,سبحان صمدی,منبع: ACA-PSY-0012 | تأیید انسانی نشده؛ به‌عنوان راهنمایی آموزشی وارد شد، نه واقعیت رسمی. | استخراج‌شده از ترنسکریپت با کیفیت پایین (تبدیل گفتار به متن ناقص). متن اصلی در فیلد verbatim_quote حفظ شده است. پیش از تأیید نهایی باید با فایل صوتی یا بازبینی مدرس تطبیق داده شود.
official,روانشناسی معامله‌گری,استراتژیم خرابه؟,"مدرس می‌گوید وقتی سود می‌کنید یادتان باشد این نتیجه از همان استراتژی می‌آید؛ اما همان افراد پس از چند ضرر پیاپی می‌گویند نه استراتژی به درد می‌خورد نه سیستم. توصیه‌ی او این است که پس از چند معامله‌ی ضررده، همه‌چیز را زیر سؤال نبرید، بلکه برگردید و بررسی/بک‌تست کنید که آیا واقعاً استراتژی ضرر داده است یا نه.

• نتیجه‌ی چند معامله‌ی اخیر را جدا بررسی کنید.
• بررسی کنید آیا معاملات طبق قواعد استراتژی اجرا شده‌اند یا نه.
• در صورت لزوم بک‌تست بگیرید، سپس درباره‌ی استراتژی تصمیم بگیرید.",guidance,,سبحان صمدی,منبع: ACA-PSY-0015 | تأیید انسانی نشده؛ به‌عنوان راهنمایی آموزشی وارد شد، نه واقعیت رسمی. | استخراج‌شده از ترنسکریپت با کیفیت پایین (تبدیل گفتار به متن ناقص). متن اصلی در فیلد verbatim_quote حفظ شده است. پیش از تأیید نهایی باید با فایل صوتی یا بازبینی مدرس تطبیق داده شود.
official,هوش هیجانی,آزمایش مارشمالو چیه؟,"آزمایش: کودکان در اتاقی با یک مارشمالو. به آن‌ها گفته شد اگر ۱۵ دقیقه صبر کنند، دو مارشمالو می‌گیرند.
نتیجه‌ی لحظه: از هر ۵ نفر، فقط ۱ نفر توانست صبر کند.
نتیجه‌ی ده سال بعد: همان کودکان بررسی شدند — کسانی که صبر کرده بودند نمرات بالاتر و موفقیت بیشتری داشتند.
پیام درس: صبر = هوش هیجانی بالا = موفقیت بیشتر.",guidance,,سبحان صمدی,منبع: ACA-EQ-0010 | تأیید انسانی نشده؛ به‌عنوان راهنمایی آموزشی وارد شد، نه واقعیت رسمی. | مربی نام پژوهشگر را ذکر نمی‌کند تا انتساب تأیید شود (RQ-0034). | ⚠️ در متن درس این آزمایش به «آقای بارون» نسبت داده شده است. خودِ آزمایش درست شرح داده شده، اما نام پژوهشگر با منابعی که در اختیار دارم قابل تأیید نیست. بخش دوم دوره روشن می‌کند که «آقای بارون» در این دوره نظریه‌پرداز هوش هیجانی است در کنار دانیل گلمن (ACA-EQ-0020)، پس این انتساب به‌احتمال زیاد جابه‌جایی نام است. تا تأیید مدرس، مربی نام پژوهشگر را نمی‌برد (RQ-0034). | برداشت از متن درس؛ پیش از تبدیل به پاسخ رسمی، تأیید مدرس لازم است.
official,هوش هیجانی,بالاخره پنج مؤلفه کدومان؟,در پایان دوره فهرست دومی از «پنج مؤلفه‌ی اصلی هوش هیجانی» می‌آید که با فهرست بخش سوم یکی نیست. این تناقض نیست — دو چارچوب متفاوت‌اند و دوره هر دو را استفاده می‌کند:,guidance,,سبحان صمدی,منبع: ACA-EQ-0050 | تأیید انسانی نشده؛ به‌عنوان راهنمایی آموزشی وارد شد، نه واقعیت رسمی. | مربی هیچ‌کدام از دو فهرست را «تنها فهرست درست» معرفی نمی‌کند. | ⚠️ این تفکیک برداشت من از متن است، نه چیزی که خود درس صریح گفته باشد؛ برای تأیید ثبت شد (RQ-0037). تا آن زمان مربی هر دو فهرست را می‌شناسد و هیچ‌کدام را «تنها فهرست درست» معرفی نمی‌کند. | برداشت از متن درس؛ پیش از تبدیل به پاسخ رسمی، تأیید مدرس لازم است.
official,دوره مقدماتی,چهار اصل استراتژی چیه؟,مدرس می‌گوید استراتژی‌نویسی چهار اصل دارد و همین چهار اصل در کنار هم یک معامله‌گر می‌سازند. به گفته‌ی او این بخش به‌تنهایی دست‌کم یک ماه زمان می‌برد. خود این چهار اصل در این جلسه نام برده نشده‌اند.,guidance,,سبحان صمدی,منبع: ACA-INT-0011 | تأیید انسانی نشده؛ به‌عنوان راهنمایی آموزشی وارد شد، نه واقعیت رسمی. | برداشت از متن درس؛ پیش از تبدیل به پاسخ رسمی، تأیید مدرس لازم است.
official,دوره مقدماتی,دسته پنجم یعنی چی؟,مدرس می‌گوید در بازار پنج دسته معامله‌گر وجود دارد: دسته‌ی اول مؤسسات مالی و بانک‌ها، دسته‌ی دوم بیمه‌ها، و معامله‌گران خرد در دسته‌ی پنجم قرار می‌گیرند — یعنی همان دسته‌ای که ما در آن هستیم. او اضافه می‌کند برای رفتن از دسته‌ی پنج به دسته‌ی چهار حداقل بیست میلیون دلار سرمایه لازم است. دسته‌های سوم و چهارم در این جلسه نام برده نشده‌اند.,guidance,,سبحان صمدی,منبع: ACA-INT-0031 | تأیید انسانی نشده؛ به‌عنوان راهنمایی آموزشی وارد شد، نه واقعیت رسمی. | برداشت از متن درس؛ پیش از تبدیل به پاسخ رسمی، تأیید مدرس لازم است.
official,دوره مقدماتی,درآمد دلاری یعنی چی؟,مدرس درآمد دلاری را «بیمه کردن درآمد» در برابر تورم توصیف می‌کند: اگر درآمدت دلاری باشد، با تغییر نرخ ارز، قدرت خرید تو ثابت می‌ماند. او با مثال ساعت‌فروش و کارمند توضیح می‌دهد که قیمت‌ها در عمل با دلار تنظیم می‌شوند. اعداد نرخ ارزی که در این بخش گفته می‌شود مربوط به زمان ضبط درس است و امروز معتبر نیست.,guidance,,سبحان صمدی,منبع: ACA-INT-0044 | تأیید انسانی نشده؛ به‌عنوان راهنمایی آموزشی وارد شد، نه واقعیت رسمی. | همه‌ی اعداد نرخ ارز در این بخش مربوط به ۱ خرداد ۱۴۰۲ است و نباید به‌عنوان نرخ روز ارائه شود. | برداشت از متن درس؛ پیش از تبدیل به پاسخ رسمی، تأیید مدرس لازم است.
official,دوره مقدماتی,چرا قیمت‌ها بی‌دلیل می‌ریزن؟,مدرس دو مثال می‌آورد. اول: قیمت یک خودرو با وجود آنکه افت نرخ دلار بسیار کمتر بوده، بسیار بیشتر ریخته است؛ چون مردم ترسیدند و فروختند. دوم: رشد و ریزش شاخص بورس هم به همین ترتیب نتیجه‌ی تمایلات عوام بوده است. نتیجه‌گیری او: وقتی پول با تقاضا وارد بازار می‌شود بازار رشد می‌کند و برعکس.,guidance,,سبحان صمدی,منبع: ACA-INT-0056 | تأیید انسانی نشده؛ به‌عنوان راهنمایی آموزشی وارد شد، نه واقعیت رسمی. | اعداد این مثال مربوط به زمان ضبط درس است و ارزش خبری ندارد؛ فقط برای فهم مفهوم است. | برداشت از متن درس؛ پیش از تبدیل به پاسخ رسمی، تأیید مدرس لازم است.
official,دوره مقدماتی,دوره خارجی بهتره؟,مدرس به دانشجو می‌گوید فکر نکند تریدر خارجی چون انگلیسی صحبت می‌کند اطلاعاتی دارد که ما نداریم؛ به تعبیر او «مرز همسایه قبرستان نیست». او می‌گوید دوره‌های گران خارجی را دیده و بعضی‌شان ارزش نگاه کردن هم نداشته‌اند، هرچند برخی کتاب‌های خارجی حرف برای گفتن دارند.,guidance,,سبحان صمدی,منبع: ACA-INT-0068 | تأیید انسانی نشده؛ به‌عنوان راهنمایی آموزشی وارد شد، نه واقعیت رسمی. | برداشت از متن درس؛ پیش از تبدیل به پاسخ رسمی، تأیید مدرس لازم است.
official,دوره مقدماتی,سواپ چقدره؟,سواپ همان بهره‌ی شبانه است: اگر معامله بیش از یک روز باز بماند، ممکن است سواپ به حساب اضافه یا از آن کسر شود و مقدارش در تاریخچه دیده می‌شود. مدرس مثالی از طلا می‌زند که پس از سه روز، سمت خرید مقداری کسر و سمت فروش مقدار کمتری داشته است — اما تصریح می‌کند این وابسته به نماد است.,guidance,,سبحان صمدی,منبع: ACA-INT-0105 | تأیید انسانی نشده؛ به‌عنوان راهنمایی آموزشی وارد شد، نه واقعیت رسمی. | اعداد این مثال مربوط به نماد و بروکر خاص در زمان ضبط است و نباید به‌عنوان نرخ سواپ عمومی ارائه شود؛ نرخ سواپ را باید در مشخصات نماد پلتفرم خود دانشجو دید. | برداشت از متن درس؛ پیش از تبدیل به پاسخ رسمی، تأیید مدرس لازم است.
official,دوره مقدماتی,چطور خطوط معامله رو از چارت بردارم؟,"با راست‌کلیک روی چارت متاتریدر ۵، گزینه‌ی Trade Level در دسترس است. کارکردی که مدرس توضیح می‌دهد این است: با این گزینه می‌توان خطوط مربوط به معامله‌ی باز (نقطه‌ی ورود، حد ضرر و حد سود) را روی چارت نمایش داد یا پنهان کرد، بدون اینکه خود معامله بسته شود. فایده‌اش این است که وقتی معامله‌ای باز دارید ولی می‌خواهید همان نماد را بدون شلوغی خطوط بررسی کنید، چارت تمیز دیده می‌شود.

• روی چارت راست‌کلیک کنید.
• گزینه‌ی Trade Level را انتخاب کنید تا نمایش خطوط معامله روشن یا خاموش شود.",guidance,,سبحان صمدی,منبع: ACA-INT-0116 | تأیید انسانی نشده؛ به‌عنوان راهنمایی آموزشی وارد شد، نه واقعیت رسمی. | پنهان کردن خطوط، معامله را نمی‌بندد و تأثیری بر حد ضرر و حد سود ندارد. | بیان درس در این بخش دوپهلوست («نشون می‌ده» و «بدون نمایش معامله») و برداشت انجام‌شده، کارکرد کلیدِ روشن/خاموش کردن نمایش خطوط معامله است. همچنین جمله‌ی «این را متاتریدر ۴ نداشت» به‌عنوان تفاوت پلتفرمی ثبت نشد، چون متاتریدر ۴ تنظیم هم‌ارز آن را در Tools > Options > Charts دارد و تفاوت در مسیر دسترسی است، نه در وجود قابلیت.
official,دوره مقدماتی,چطور با پول‌های بزرگ همراه بشم؟,مدرس تکرار می‌کند که پرایس اکشن بازتاب رفتار انسان‌هاست — هم رفتار معامله‌گر خرد و هم رفتار «پول‌های گنده». هدف آموزش این است که سوار نقدینگی پول‌های بزرگ شوی و همراه موجی بروی که آن‌ها می‌سازند؛ چون اگر برخلاف پول‌های سنگین بجنگی، ضرر می‌کنی. در همین بحث یک عدد هم می‌آورد: پنج میلیون دلار پول به‌حساب نمی‌آید و زیر بیست میلیون دلار در «دسته پنجم» قرار می‌گیریم.,guidance,,سبحان صمدی,منبع: ACA-INT-0192 | تأیید انسانی نشده؛ به‌عنوان راهنمایی آموزشی وارد شد، نه واقعیت رسمی. | عدد بیست میلیون دلار از یک جمله‌ی فشرده برداشت شده و تعریف قطعی دسته‌بندی نیست (RQ-0014). | ⚠️ جمله‌ی مربوط به عدد بیست میلیون فشرده بیان شده است؛ به‌عنوان توضیح تکمیلی «دسته پنجم» (جلسه‌ی ۱) ثبت شد و هنوز تعریف قطعی دسته‌بندی نیست (RQ-0014). | برداشت از متن درس؛ پیش از تبدیل به پاسخ رسمی، تأیید مدرس لازم است.
official,دوره مقدماتی,الگوی V چیه؟,الگوی V وقتی تشکیل می‌شود که قیمت به اندازه‌ی همان حرکتی که داشته برگردد و به نقطه‌ی شروع خود بازگردد. معنی‌اش از نگاه مدرس: پول‌های سنگین دقیقاً در همان نقطه‌ای که وارد شده بودند دوباره فعال می‌شوند.,guidance,,سبحان صمدی,منبع: ACA-INT-0219 | تأیید انسانی نشده؛ به‌عنوان راهنمایی آموزشی وارد شد، نه واقعیت رسمی. | «بریک‌ایون» در این درس به نقطه‌ی بازگشت قیمت گفته می‌شود، اما در معامله‌گری عمومی به نقطه‌ی سربه‌سر معامله گفته می‌شود؛ مربی نباید این دو را یکی جا بزند (RQ-0020). | ⚠️ مدرس این نقطه را «بریک‌ایون (Break Even)» هم می‌نامد. در ادبیات عمومی معامله‌گری، بریک‌ایون معنای دیگری دارد: نقطه‌ی سربه‌سر معامله (سود و زیان صفر) و انتقال حد ضرر به نقطه‌ی ورود. مربی باید این دو را از هم جدا نگه دارد و کاربرد این جلسه را به‌صورت «تعبیر مدرس» نقل کند، نه به‌عنوان تعریف عمومی بریک‌ایون (RQ-0020). | برداشت از متن درس؛ پیش از تبدیل به پاسخ رسمی، تأیید مدرس لازم است.
official,دوره مقدماتی,چه ساعتی ترید کنم؟,روایت مدرس از مسیر خودش: ابتدا سراغ سبک‌های مختلف رفت — تکنیکال، هارمونیک، الیوت، اندیکاتور و چیزهای دیگر. در عمل ساعت مشخصی برای معامله نداشت؛ برای سشن لندن حوالی ۹ تا ۱۰ بیدار می‌شد و شب‌ها با استرس معامله می‌کرد و ضرر می‌داد. به این نتیجه رسید که این‌طور نمی‌شود و به بحث سشن‌ها رسید — یعنی معامله در ساعت مشخص و متمرکز بر بازار بورس آمریکا.,guidance,,سبحان صمدی,منبع: ACA-INT-0251 | تأیید انسانی نشده؛ به‌عنوان راهنمایی آموزشی وارد شد، نه واقعیت رسمی. | زمان‌مند: ساعت شروع سشن با تغییر ساعت تابستانی جابه‌جا می‌شود؛ عدد قطعی ثبت نشد. | ساعت دقیق سشن در متن قطعی نیست و نباید به‌عنوان عدد ثابت گفته شود. | ⚠️ ساعتی که نام می‌برد در متن با تردید بیان شده («ساعت پنج… یا ساعت شش، که الان ثابت شده») و به تغییر ساعت تابستانی/زمستانی وابسته است؛ ساعت دقیق به‌عنوان عدد قطعی ثبت نشد. | برداشت از متن درس؛ پیش از تبدیل به پاسخ رسمی، تأیید مدرس لازم است.
official,روانشناسی معامله‌گری,کدوم استراتژی بهتره؟,مدرس تأکید می‌کند که موضوع صحبتش «چهارچوب» است، نه استراتژی؛ چهارچوبی که هر تریدر به آن نیاز دارد. بحث درباره‌ی اینکه کدام استراتژی خوب یا بد است را «حاشیه» می‌نامد و می‌گوید حاشیه را کنار بگذارید. این چهارچوب حاصل تجربه‌ی شخصی خود اوست.,guidance,,سبحان صمدی,منبع: ACA-PSY-0001 | تأیید انسانی نشده؛ به‌عنوان راهنمایی آموزشی وارد شد، نه واقعیت رسمی. | استخراج‌شده از ترنسکریپت با کیفیت پایین (تبدیل گفتار به متن ناقص). متن اصلی در فیلد verbatim_quote حفظ شده است. پیش از تأیید نهایی باید با فایل صوتی یا بازبینی مدرس تطبیق داده شود.
official,روانشناسی معامله‌گری,فرق ترید و قمار چیه؟,مدرس می‌گوید در بازار افرادی هستند که معامله‌شان هیچ پایه و مفهومی ندارد؛ بدون قاعده، هر تایم و هر استراتژی، در عمل قمار است. تعبیر او این است که در آن حالت بهتر است شخص به کازینو برود. پایان این مسیر را «یک ضربه» توصیف می‌کند.,guidance,,سبحان صمدی,منبع: ACA-PSY-0002 | تأیید انسانی نشده؛ به‌عنوان راهنمایی آموزشی وارد شد، نه واقعیت رسمی. | استخراج‌شده از ترنسکریپت با کیفیت پایین (تبدیل گفتار به متن ناقص). متن اصلی در فیلد verbatim_quote حفظ شده است. پیش از تأیید نهایی باید با فایل صوتی یا بازبینی مدرس تطبیق داده شود.
official,روانشناسی معامله‌گری,چرا یه استثنا انقدر مهمه؟,مدرس مثالی از فتح قله می‌زند: لیدری که سال‌ها قوانین ثابت داشته (از جمله ساعت حرکت و اینکه هرکس جا بماند مسئولیتش با خودش است). یک بار، فقط به خاطر یک نفر که جا مانده بود، قانون خودش را زیر پا می‌گذارد و گروه برمی‌گردد. برنامه به هم می‌ریزد، شب و تاریکی می‌رسد و کل گروه از بین می‌رود. نتیجه‌گیری مدرس: یک استثنا مثل دومینو عمل می‌کند و بازار هم همین است.,guidance,,سبحان صمدی,منبع: ACA-PSY-0005 | تأیید انسانی نشده؛ به‌عنوان راهنمایی آموزشی وارد شد، نه واقعیت رسمی. | استخراج‌شده از ترنسکریپت با کیفیت پایین (تبدیل گفتار به متن ناقص). متن اصلی در فیلد verbatim_quote حفظ شده است. پیش از تأیید نهایی باید با فایل صوتی یا بازبینی مدرس تطبیق داده شود.
official,روانشناسی معامله‌گری,نقطه ضعفم رو چطور پیدا کنم؟,"مدرس می‌گوید هر معامله‌گر باید ویژگی‌های رفتاری خودش را بنویسد: مثلاً «زود عصبی می‌شوم»، «طمع‌کار هستم»، «بیش از حد صبورم». هرکدام از این‌ها می‌تواند هم نقطه‌ی ضعف باشد و هم نقطه‌ی قوت، و برای بالانس کردن باید ابتدا نوشته و شناخته شود.

• ویژگی‌های رفتاری خود در معامله را بنویسید (عصبانیت، طمع، صبر بیش از حد، …).
• برای هرکدام مشخص کنید در کجا نقطه‌ی قوت و در کجا نقطه‌ی ضعف است.
• روی بالانس کردن همان مورد کار کنید، نه حذف کامل آن.",guidance,,سبحان صمدی,منبع: ACA-PSY-0009 | تأیید انسانی نشده؛ به‌عنوان راهنمایی آموزشی وارد شد، نه واقعیت رسمی. | استخراج‌شده از ترنسکریپت با کیفیت پایین (تبدیل گفتار به متن ناقص). متن اصلی در فیلد verbatim_quote حفظ شده است. پیش از تأیید نهایی باید با فایل صوتی یا بازبینی مدرس تطبیق داده شود.
official,دوره مقدماتی,این بروکر چقدر سابقه داره؟,آنچه مدرس درباره‌ی بروکر می‌گوید: بیش از ۶ سال است شخصاً با آن ترید می‌کند، بروکر بیش از ۱۶ سال سابقه‌ی فعالیت با ایرانی‌ها دارد، و حجم سنگینی با آن کار می‌شود. اگر بروکر پول مشکوکی ببیند، مدیر حساب تماس می‌گیرد و می‌گوید برداشت بزنید و از مسیر دیگری واریز کنید — چون ریسک‌پذیری ندارند.,guidance,,سبحان صمدی,منبع: ACA-INT-0239 | تأیید انسانی نشده؛ به‌عنوان راهنمایی آموزشی وارد شد، نه واقعیت رسمی. | زمان‌مند: سابقه‌ی اعلام‌شده در جلسه‌ی ۴ «بیش از چهار سال» بود؛ اعداد نسبت به زمان ضبط معنا دارند. | عدد سابقه در دو جلسه متفاوت است و زمان‌مند ثبت شده؛ مربی آن را به‌عنوان عدد امروز نگوید. | ادعاهای مربوط به بروکر تأیید مستقل ندارند (RQ-0004). | پرسش‌های واقعی واریز/برداشت طبق ACA-RULE-0003 به پشتیبانی انسانی ارجاع داده می‌شوند. | ⚠️ عدد سابقه‌ی شخصی با جلسه‌ی ۴ یکی نیست: آنجا «بیش از چهار سال» گفته شده و اینجا «بیش از شش سال». محتمل‌ترین توضیح، فاصله‌ی زمانی ضبط دو محتواست؛ هر دو عدد زمان‌مند ثبت شده‌اند و مربی هیچ‌کدام را به‌عنوان عدد امروز نمی‌گوید. | برداشت از متن درس؛ پیش از تبدیل به پاسخ رسمی، تأیید مدرس لازم است.
official,دوره مقدماتی,پول بلوکه‌شده آزاد می‌شه؟,مدرس تجربه‌ی خودش را تعریف می‌کند: خارج از ایران بوده، با صرافی والکس کار کرده بود و حدود ۸۰۰۰ دلار در کیف پولش داشت. هنگام جابه‌جایی پول به صرافی کوینکس، پول مستند شد؛ چون تراکنش بالا بود، در کمتر از دو ساعت ۷۸۰۰ دلار آزاد شد. نتیجه‌ای که می‌گیرد: اگر اصولی پیش بروی جای نگرانی نیست و او خودش این مسیر را تست کرده است.,guidance,,سبحان صمدی,منبع: ACA-INT-0240 | تأیید انسانی نشده؛ به‌عنوان راهنمایی آموزشی وارد شد، نه واقعیت رسمی. | زمان‌مند: روایت یک تجربه‌ی شخصی در زمان مشخص؛ نتیجه‌ی آن قابل تعمیم نیست. | تجربه‌ی شخصی است و تضمین نیست؛ مربی نباید آزاد شدن دارایی بلوکه‌شده را وعده دهد. | پرسش‌های واقعی واریز/برداشت طبق ACA-RULE-0003 به پشتیبانی انسانی ارجاع داده می‌شوند. | ⚠️ این یک تجربه‌ی شخصی و مربوط به یک مورد خاص است، نه تضمین. مربی نباید از آن نتیجه بگیرد که دارایی بلوکه‌شده حتماً یا سریع آزاد می‌شود. | برداشت از متن درس؛ پیش از تبدیل به پاسخ رسمی، تأیید مدرس لازم است.
official,روانشناسی معامله‌گری,هر روز باید ترید کنم؟,"مدرس توصیه می‌کند معامله‌گر پنج روز هفته کار کند و آخر هفته را برای استراحت، طبیعت و خانواده بگذارد. تعبیر او این است که تریدر باید «جای خودش عمیق کار کند و جای خودش عمیق رها شود». او می‌گوید خودش در ابتدای کار این کار را نمی‌کرد و هر روز کار می‌کرد.

• پنج روز هفته را به معامله و کار روی بازار اختصاص دهید.
• آخر هفته را کامل از بازار فاصله بگیرید: طبیعت، خانواده، استراحت.
• هنگام فشار در طول هفته، به همان روز استراحت پیش‌رو فکر کنید.",guidance,,سبحان صمدی,منبع: ACA-PSY-0007 | تأیید انسانی نشده؛ به‌عنوان راهنمایی آموزشی وارد شد، نه واقعیت رسمی. | استخراج‌شده از ترنسکریپت با کیفیت پایین (تبدیل گفتار به متن ناقص). متن اصلی در فیلد verbatim_quote حفظ شده است. پیش از تأیید نهایی باید با فایل صوتی یا بازبینی مدرس تطبیق داده شود.
official,روانشناسی معامله‌گری,چطور ضررم رو از خانواده پنهون کنم؟,مدرس تجربه‌ی حدود شش سال پیش خودش را تعریف می‌کند: در دوره‌ای که ضرر می‌کرد شب‌ها خوابش نمی‌برد و از عطاری دمنوش آرام‌بخش می‌گرفت. کم‌کم اطرافیانش فهمیده بودند هر وقت آن دمنوش دم می‌شود یعنی آن روز ضرر کرده است. می‌گوید این را کنار گذاشت و وضعیت معاملاتی‌اش را از فضای خانواده جدا کرد.,guidance,,سبحان صمدی,منبع: ACA-PSY-0011 | تأیید انسانی نشده؛ به‌عنوان راهنمایی آموزشی وارد شد، نه واقعیت رسمی. | استخراج‌شده از ترنسکریپت با کیفیت پایین (تبدیل گفتار به متن ناقص). متن اصلی در فیلد verbatim_quote حفظ شده است. پیش از تأیید نهایی باید با فایل صوتی یا بازبینی مدرس تطبیق داده شود.
official,روانشناسی معامله‌گری,بعد از چند ماه سود چی می‌شه؟,مدرس می‌گوید سرخوشی وقتی خطرناک می‌شود که چند ماه سود مستمر پشت سرش باشد؛ آنجاست که معلوم می‌شود چه کسی واقعاً به مقصد رسیده. افراد سرخوش، سفر و جشن را جایگزین روتین می‌کنند و کارهایی را که هر روز انجام می‌دادند فراموش می‌کنند: ژورنال، پلن و بررسی روزانه.,guidance,,سبحان صمدی,منبع: ACA-PSY-0013 | تأیید انسانی نشده؛ به‌عنوان راهنمایی آموزشی وارد شد، نه واقعیت رسمی. | پس از دوره‌ی سود مستمر، رها کردن روتین روزانه شایع‌ترین خطاست. | استخراج‌شده از ترنسکریپت با کیفیت پایین (تبدیل گفتار به متن ناقص). متن اصلی در فیلد verbatim_quote حفظ شده است. پیش از تأیید نهایی باید با فایل صوتی یا بازبینی مدرس تطبیق داده شود.
official,اطلاعات آکادمی,آکادمی درباره‌ی روانشناسی معامله‌گری موفق پادکست داره؟,پادکست «روانشناسی معامله‌گری موفق» از آکادمی سبحان صمدی. موضوع: چگونه ذهنیت یک معامله‌گر حرفه‌ای داشته باشیم و احساسات را کنترل کنیم. دسته‌بندی: روانشناسی. مدرس/گوینده: سبحان صمدی. مدت اعلام‌شده: ۴۵:۳۰. وضعیت فایل صوتی در سایت: بارگذاری نشده.,guidance,,سبحان صمدی,منبع: ACA-CAT-0001 | تأیید انسانی نشده؛ به‌عنوان راهنمایی آموزشی وارد شد، نه واقعیت رسمی. | برگرفته از داده‌های سایت آکادمی. صحت عنوان‌ها، مدت‌زمان‌ها و آمار باید توسط تیم آکادمی تأیید شود (احتمال محتوای نمونه/دمو).
official,اطلاعات آکادمی,آکادمی درباره‌ی تحلیل تکنیکال پیشرفته پادکست داره؟,پادکست «تحلیل تکنیکال پیشرفته» از آکادمی سبحان صمدی. موضوع: بررسی الگوهای پیشرفته نمودار و روش‌های تشخیص روند. دسته‌بندی: تحلیل. مدرس/گوینده: سبحان صمدی. مدت اعلام‌شده: ۵۸:۱۵. وضعیت فایل صوتی در سایت: بارگذاری نشده.,guidance,,سبحان صمدی,منبع: ACA-CAT-0002 | تأیید انسانی نشده؛ به‌عنوان راهنمایی آموزشی وارد شد، نه واقعیت رسمی. | برگرفته از داده‌های سایت آکادمی. صحت عنوان‌ها، مدت‌زمان‌ها و آمار باید توسط تیم آکادمی تأیید شود (احتمال محتوای نمونه/دمو).
official,اطلاعات آکادمی,آکادمی درباره‌ی مدیریت سرمایه و ریسک پادکست داره؟,پادکست «مدیریت سرمایه و ریسک» از آکادمی سبحان صمدی. موضوع: اصول طلایی مدیریت سرمایه برای معامله‌گران بلندمدت. دسته‌بندی: معامله‌گری. مدرس/گوینده: سبحان صمدی. مدت اعلام‌شده: ۳۸:۴۵. وضعیت فایل صوتی در سایت: بارگذاری نشده.,guidance,,سبحان صمدی,منبع: ACA-CAT-0003 | تأیید انسانی نشده؛ به‌عنوان راهنمایی آموزشی وارد شد، نه واقعیت رسمی. | برگرفته از داده‌های سایت آکادمی. صحت عنوان‌ها، مدت‌زمان‌ها و آمار باید توسط تیم آکادمی تأیید شود (احتمال محتوای نمونه/دمو).
official,اطلاعات آکادمی,آکادمی درباره‌ی اشتباهات رایج معامله‌گران پادکست داره؟,پادکست «اشتباهات رایج معامله‌گران» از آکادمی سبحان صمدی. موضوع: بررسی ۱۰ اشتباه کشنده که باید از آنها دوری کنید. دسته‌بندی: معامله‌گری. مدرس/گوینده: سبحان صمدی. مدت اعلام‌شده: ۴۲:۰۰. وضعیت فایل صوتی در سایت: بارگذاری نشده.,guidance,,سبحان صمدی,منبع: ACA-CAT-0004 | تأیید انسانی نشده؛ به‌عنوان راهنمایی آموزشی وارد شد، نه واقعیت رسمی. | برگرفته از داده‌های سایت آکادمی. صحت عنوان‌ها، مدت‌زمان‌ها و آمار باید توسط تیم آکادمی تأیید شود (احتمال محتوای نمونه/دمو).
official,اطلاعات آکادمی,آکادمی درباره‌ی استراتژی پرایس اکشن پادکست داره؟,پادکست «استراتژی پرایس اکشن» از آکادمی سبحان صمدی. موضوع: آموزش کامل پرایس اکشن از مقدماتی تا پیشرفته. دسته‌بندی: تحلیل. مدرس/گوینده: سبحان صمدی. مدت اعلام‌شده: ۱:۱۲:۳۰. وضعیت فایل صوتی در سایت: بارگذاری نشده.,guidance,,سبحان صمدی,منبع: ACA-CAT-0005 | تأیید انسانی نشده؛ به‌عنوان راهنمایی آموزشی وارد شد، نه واقعیت رسمی. | برگرفته از داده‌های سایت آکادمی. صحت عنوان‌ها، مدت‌زمان‌ها و آمار باید توسط تیم آکادمی تأیید شود (احتمال محتوای نمونه/دمو).
official,اطلاعات آکادمی,آکادمی درباره‌ی فارکس یا کریپتو؟ پادکست داره؟,پادکست «فارکس یا کریپتو؟» از آکادمی سبحان صمدی. موضوع: مقایسه جامع بازارهای فارکس و رمزارز برای معامله‌گران ایرانی. دسته‌بندی: معامله‌گری. مدرس/گوینده: سبحان صمدی. مدت اعلام‌شده: ۵۱:۲۰. وضعیت فایل صوتی در سایت: بارگذاری نشده.,guidance,,سبحان صمدی,منبع: ACA-CAT-0006 | تأیید انسانی نشده؛ به‌عنوان راهنمایی آموزشی وارد شد، نه واقعیت رسمی. | برگرفته از داده‌های سایت آکادمی. صحت عنوان‌ها، مدت‌زمان‌ها و آمار باید توسط تیم آکادمی تأیید شود (احتمال محتوای نمونه/دمو).
official,اطلاعات آکادمی,کتاب معامله‌گر منضبط رو دارید؟,کتاب صوتی «معامله‌گر منضبط» نوشته‌ی مارک داگلاس در کتابخانه‌ی آکادمی سبحان صمدی موجود است. مدت اعلام‌شده: ۶ ساعت. وضعیت فایل صوتی در سایت: بارگذاری نشده.,guidance,,سبحان صمدی,منبع: ACA-CAT-0101 | تأیید انسانی نشده؛ به‌عنوان راهنمایی آموزشی وارد شد، نه واقعیت رسمی. | برگرفته از داده‌های سایت آکادمی. صحت عنوان‌ها، مدت‌زمان‌ها و آمار باید توسط تیم آکادمی تأیید شود (احتمال محتوای نمونه/دمو).
official,اطلاعات آکادمی,کتاب جادوگران بازار رو دارید؟,کتاب صوتی «جادوگران بازار» نوشته‌ی جک شواگر در کتابخانه‌ی آکادمی سبحان صمدی موجود است. مدت اعلام‌شده: ۸ ساعت. وضعیت فایل صوتی در سایت: بارگذاری نشده.,guidance,,سبحان صمدی,منبع: ACA-CAT-0102 | تأیید انسانی نشده؛ به‌عنوان راهنمایی آموزشی وارد شد، نه واقعیت رسمی. | برگرفته از داده‌های سایت آکادمی. صحت عنوان‌ها، مدت‌زمان‌ها و آمار باید توسط تیم آکادمی تأیید شود (احتمال محتوای نمونه/دمو).
official,اطلاعات آکادمی,کتاب تحلیل تکنیکال رو دارید؟,کتاب صوتی «تحلیل تکنیکال» نوشته‌ی جان مورفی در کتابخانه‌ی آکادمی سبحان صمدی موجود است. مدت اعلام‌شده: ۱۲ ساعت. وضعیت فایل صوتی در سایت: بارگذاری نشده.,guidance,,سبحان صمدی,منبع: ACA-CAT-0103 | تأیید انسانی نشده؛ به‌عنوان راهنمایی آموزشی وارد شد، نه واقعیت رسمی. | برگرفته از داده‌های سایت آکادمی. صحت عنوان‌ها، مدت‌زمان‌ها و آمار باید توسط تیم آکادمی تأیید شود (احتمال محتوای نمونه/دمو).
official,اطلاعات آکادمی,کتاب ذهن پول‌ساز رو دارید؟,کتاب صوتی «ذهن پول‌ساز» نوشته‌ی ناپلئون هیل در کتابخانه‌ی آکادمی سبحان صمدی موجود است. مدت اعلام‌شده: ۵ ساعت. وضعیت فایل صوتی در سایت: بارگذاری نشده.,guidance,,سبحان صمدی,منبع: ACA-CAT-0104 | تأیید انسانی نشده؛ به‌عنوان راهنمایی آموزشی وارد شد، نه واقعیت رسمی. | برگرفته از داده‌های سایت آکادمی. صحت عنوان‌ها، مدت‌زمان‌ها و آمار باید توسط تیم آکادمی تأیید شود (احتمال محتوای نمونه/دمو).
official,اطلاعات آکادمی,کتاب سرمایه‌گذار هوشمند رو دارید؟,کتاب صوتی «سرمایه‌گذار هوشمند» نوشته‌ی بنجامین گراهام در کتابخانه‌ی آکادمی سبحان صمدی موجود است. مدت اعلام‌شده: ۱۰ ساعت. وضعیت فایل صوتی در سایت: بارگذاری نشده.,guidance,,سبحان صمدی,منبع: ACA-CAT-0105 | تأیید انسانی نشده؛ به‌عنوان راهنمایی آموزشی وارد شد، نه واقعیت رسمی. | برگرفته از داده‌های سایت آکادمی. صحت عنوان‌ها، مدت‌زمان‌ها و آمار باید توسط تیم آکادمی تأیید شود (احتمال محتوای نمونه/دمو).
official,اطلاعات آکادمی,کتاب بازی برتر رو دارید؟,کتاب صوتی «بازی برتر» نوشته‌ی سبحان صمدی در کتابخانه‌ی آکادمی سبحان صمدی موجود است. مدت اعلام‌شده: ۴ ساعت. وضعیت فایل صوتی در سایت: بارگذاری نشده.,guidance,,سبحان صمدی,منبع: ACA-CAT-0106 | تأیید انسانی نشده؛ به‌عنوان راهنمایی آموزشی وارد شد، نه واقعیت رسمی. | برگرفته از داده‌های سایت آکادمی. صحت عنوان‌ها، مدت‌زمان‌ها و آمار باید توسط تیم آکادمی تأیید شود (احتمال محتوای نمونه/دمو).
official,اطلاعات آکادمی,آکادمی سبحان صمدی چیه؟,آکادمی سبحان صمدی یک آکادمی تخصصی آموزش معامله‌گری در بازارهای مالی بین‌المللی است. خدمات اعلام‌شده در سایت: پادکست‌های آموزشی، کتاب‌های صوتی و منتورینگ اختصاصی. آمار اعلام‌شده در سایت: بیش از ۵۰۰ دانشجوی فعال، بیش از ۸۰ ساعت محتوا، امتیاز کاربران ۴.۹ و بیش از ۱۰ سال تجربه‌ی سبحان صمدی به‌عنوان منتور و تحلیل‌گر ارشد.,guidance,,سبحان صمدی,منبع: ACA-OPS-0001 | تأیید انسانی نشده؛ به‌عنوان راهنمایی آموزشی وارد شد، نه واقعیت رسمی. | برگرفته از داده‌های سایت آکادمی. صحت عنوان‌ها، مدت‌زمان‌ها و آمار باید توسط تیم آکادمی تأیید شود (احتمال محتوای نمونه/دمو).
official,اطلاعات آکادمی,منتورینگ شامل چی می‌شه؟,منتورینگ اختصاصی آکادمی به‌صورت یک‌به‌یک با سبحان صمدی برگزار می‌شود و طبق سایت شامل این موارد است: جلسات آنلاین اختصاصی، بررسی معاملات و پورتفولیو، دسترسی به محتوای ویژه VIP، پشتیبانی در گروه اختصاصی، و برنامه‌ی آموزشی شخصی‌سازی‌شده. وضعیت اعلام‌شده در سایت: پذیرش دانشجو فعال است. ثبت‌نام از طریق فرم تماس سایت انجام می‌شود.,guidance,,سبحان صمدی,منبع: ACA-OPS-0002 | تأیید انسانی نشده؛ به‌عنوان راهنمایی آموزشی وارد شد، نه واقعیت رسمی. | برگرفته از داده‌های سایت آکادمی. صحت عنوان‌ها، مدت‌زمان‌ها و آمار باید توسط تیم آکادمی تأیید شود (احتمال محتوای نمونه/دمو).
official,اطلاعات آکادمی,چطور سرعت پخش رو زیاد کنم؟,"پخش‌کننده‌ی سایت آکادمی این امکانات را دارد: پخش/توقف، جابه‌جایی با کلیک روی نوار پیشرفت، تغییر سرعت پخش بین ۰.۷۵ تا ۲ برابر، تکرار (Loop) یک فایل، تنظیم صدا، جلو/عقب بردن ۱۵ ثانیه‌ای و پخش‌کننده‌ی شناور در پایین صفحه.

• روی پادکست یا کتاب صوتی موردنظر کلیک کنید تا در پخش‌کننده بارگذاری شود.
• برای پخش یا توقف از دکمه‌ی مرکزی استفاده کنید.
• برای جابه‌جایی در فایل، روی نوار پیشرفت کلیک کنید.
• برای تغییر سرعت، روی دکمه‌ی سرعت بزنید (۰.۷۵× تا ۲×).
• برای تکرار یک فایل، دکمه‌ی 🔁 تکرار را فعال کنید.
• برای جلو/عقب بردن، از دکمه‌های ±۱۵ ثانیه استفاده کنید.",guidance,,سبحان صمدی,منبع: ACA-OPS-0003 | تأیید انسانی نشده؛ به‌عنوان راهنمایی آموزشی وارد شد، نه واقعیت رسمی. | برگرفته از داده‌های سایت آکادمی. صحت عنوان‌ها، مدت‌زمان‌ها و آمار باید توسط تیم آکادمی تأیید شود (احتمال محتوای نمونه/دمو).
mentor,انضباط معاملاتی,معامله‌ی خارج از پلن اگر سود بدهد چه اشکالی دارد؟,معامله‌ی خارج از پلن اگر سود بدهد بدتر از این است که ضرر بدهد، چون ذهن یاد می‌گیرد که خارج شدن از پلن جواب می‌دهد و همین عادت، معامله‌گر را بارها در چرخه‌ی ضرر می‌اندازد. سقف معاملات روزانه‌ی پلن، سقف است — نه پیشنهاد.,guidance,,تیم منتورینگ آکادمی سبحان صمدی,منبع: MQA-00004 | موضوع: انضباط پلن | تأیید انسانی نشده؛ به‌عنوان راهنمایی آموزشی وارد شد، نه واقعیت رسمی.
mentor,انضباط معاملاتی,حد ضرر روزانه یعنی باید تا سقف آن معامله کرد؟,سقف ضرر روزانه یک محدودیت است، نه سهمیه‌ای که باید مصرف شود. اگر با یک استاپ دیدید ساختار بازار شفاف نیست، همان‌جا روز را ببندید. نگاه «یا TP2 می‌گیرم یا سه استاپ می‌خورم» غلط است؛ اولین مهارت، حفظ حساب است.,guidance,,تیم منتورینگ آکادمی سبحان صمدی,منبع: MQA-00005 | موضوع: انضباط پلن | تأیید انسانی نشده؛ به‌عنوان راهنمایی آموزشی وارد شد، نه واقعیت رسمی.
mentor,روش و استراتژی,آیا با توصیه‌ی شخص دیگری می‌توان استراتژی را تغییر داد؟,تغییر استراتژی فقط با بک‌تست خودتان مجاز است، نه با توصیه‌ی شفاهی کسی. اگر برآیند فعلی‌تان مثبت است، آن را با حرف دیگران عوض نکنید؛ اول همان تغییر را بک‌تست بگیرید و اگر خودتان به نتیجه رسیدید، پلن را عوض کنید.,guidance,,تیم منتورینگ آکادمی سبحان صمدی,منبع: MQA-00009 | موضوع: استراتژی | تأیید انسانی نشده؛ به‌عنوان راهنمایی آموزشی وارد شد، نه واقعیت رسمی.
mentor,انضباط معاملاتی,آیا می‌توان تریدینگ پلن را در طول مسیر تغییر داد؟,بله، پلن یک سند زنده است و با تجربه‌ی لایو و ژورنال معاملاتی به‌تدریج بهبود می‌یابد. شرط: هر تغییر باید دلیل و منطق مستند داشته باشد، نه اینکه از یک حس لحظه‌ای بیاید.,guidance,,تیم منتورینگ آکادمی سبحان صمدی,منبع: MQA-00011 | موضوع: تریدینگ پلن | تأیید انسانی نشده؛ به‌عنوان راهنمایی آموزشی وارد شد، نه واقعیت رسمی. | تغییر باید از ژورنال و تجربه‌ی مستند بیاید، نه از احساس.
mentor,فرآیندهای آکادمی,مسیر رسمی استراتژی‌نویسی و بک‌تست چیست؟,مسیر رسمی چهار گام دارد: (۱) دیدن و نت‌برداری همه‌ی ویدیوهای استراتژی‌نویسی، (۲) مرور دوباره همراه با تمرین عملی، (۳) طراحی ۱۰ تا ۱۵ استراتژی و بک‌تست یک سال گذشته در سه بازه‌ی چهارماهه با حذف تدریجی استراتژی‌ها و سشن‌های ضعیف تا رسیدن به یک سشن و استراتژی‌های موفق و افزودن فیلترها، (۴) ارسال فایل نهایی (استراتژی‌ها + نتایج بک‌تست یک‌ساله + تریدینگ پلن) برای بررسی؛ با تأیید، فوروارد تست شروع می‌شود.,guidance,,تیم منتورینگ آکادمی سبحان صمدی,منبع: MQA-00023 | موضوع: مسیر استراتژی‌نویسی | تأیید انسانی نشده؛ به‌عنوان راهنمایی آموزشی وارد شد، نه واقعیت رسمی.
mentor,فرآیندهای آکادمی,دانشجو از چه مرحله‌ای اجازه‌ی معامله دارد؟,تا رسیدن به مبحث مدیریت سرمایه، معامله ممنوع است. پس از دیدن ویدیوهای مدیریت سرمایه، فقط چند معامله‌ی آزمایشی برای تمرین محاسبه‌ی حجم (Lot Size) و ارزش پیپ مجاز است — این تأیید شروع معامله نیست. پس از آن دوباره معامله متوقف می‌شود تا نوبت فوروارد تست برسد.,guidance,,تیم منتورینگ آکادمی سبحان صمدی,منبع: MQA-00025 | موضوع: اجازه‌ی معامله | تأیید انسانی نشده؛ به‌عنوان راهنمایی آموزشی وارد شد، نه واقعیت رسمی.
mentor,روانشناسی معامله‌گری,چطور جلوی تصمیم لحظه‌ای و ورود خارج از پلن را بگیرم؟,پنج گام عملی: (۱) چند روز از فوروارد تست فاصله بگیرید تا ذهن از حالت جبران خارج شود؛ (۲) در همان مدت از استراتژی و فیلترها بک‌تست بگیرید تا اعتماد به پلن برگردد؛ (۳) در ژورنال، معاملات خارج از پلن را جداگانه تحلیل کنید و ببینید دقیقاً چه چیزی باعث شد فیلترها را نادیده بگیرید؛ (۴) یک چک‌لیست کوتاه پیش از هر ورود بسازید و تا تأیید همه‌ی شروط، اجازه‌ی ورود ندهید؛ (۵) با احساس عجله، از چارت فاصله بگیرید — معامله نکردن بهتر از معامله‌ی خارج از پلن است.,guidance,,تیم منتورینگ آکادمی سبحان صمدی,منبع: MQA-00055 | موضوع: ورود خارج از پلن | تأیید انسانی نشده؛ به‌عنوان راهنمایی آموزشی وارد شد، نه واقعیت رسمی.
mentor,بررسی عملکرد,وقتی روند نزولی است، معامله‌ی خرید چه حکمی دارد؟,وقتی ساختار بازار سقف و کف پایین‌تر می‌سازد و شیب روند تند است، معامله‌ی خرید خلاف جهت روند است و ریسک بالایی دارد. اگر در همان جهت روند وارد شدید ولی استاپ خوردید، اول جای حد ضرر را بررسی کنید — حد ضرر منطقی‌تر اغلب همان معامله را به هدف می‌رساند.,guidance,,تیم منتورینگ آکادمی سبحان صمدی,منبع: MQA-00001 | موضوع: اجرای معامله | تأیید انسانی نشده؛ به‌عنوان راهنمایی آموزشی وارد شد، نه واقعیت رسمی.
mentor,مدیریت ریسک,چرا استاپ کوچک باعث ضرر پشت سر هم می‌شود؟,استاپ خیلی کوچک دو مشکل می‌سازد: قیمت به‌راحتی آن را می‌زند و بعد در جهت هدف شما حرکت می‌کند، و همین تکرار، بار روانی معامله‌گر را بالا می‌برد. حد ضرر باید پشت ناحیه‌ی منطقی ساختار باشد، نه نزدیک‌ترین فاصله‌ی ممکن.,guidance,,تیم منتورینگ آکادمی سبحان صمدی,منبع: MQA-00002 | موضوع: حد ضرر | تأیید انسانی نشده؛ به‌عنوان راهنمایی آموزشی وارد شد، نه واقعیت رسمی.
mentor,انضباط معاملاتی,بعد از دو استاپ پشت سر هم چه باید کرد؟,در دقایق ابتدایی باز شدن بورس آمریکا نباید سه استاپ پشت سر هم بخورید. بعد از دو استاپ متوالی یعنی ساختار بازار را نخوانده‌اید؛ باید صبر کنید — حتی نیم ساعت تا دو ساعت — تا بازار شفاف شود و بعد معامله‌ی سوم را بگیرید.,guidance,,تیم منتورینگ آکادمی سبحان صمدی,منبع: MQA-00003 | موضوع: انضباط روز معاملاتی | تأیید انسانی نشده؛ به‌عنوان راهنمایی آموزشی وارد شد، نه واقعیت رسمی. | مخصوصاً در ۱۵ دقیقه‌ی ابتدایی باز شدن بورس آمریکا.
mentor,بررسی عملکرد,وقتی دراوداون حساب به حدود ۳۰٪ رسید چه باید کرد؟,با دراوداون حدود ۳۰٪ معامله باید متوقف شود. مسیر بازگشت: (۱) توقف معاملات، (۲) بررسی همه‌ی معاملات برای یافتن جاهایی که خارج از پلن عمل شده، (۳) بازگشت به بک‌تست تا تسلط و اعتماد به نفس برگردد، (۴) شروع دوباره‌ی فوروارد تست روی یک حساب جدید. ریسک هر معامله ترجیحاً ۱٪.,guidance,,تیم منتورینگ آکادمی سبحان صمدی,منبع: MQA-00006 | موضوع: بررسی حساب | تأیید انسانی نشده؛ به‌عنوان راهنمایی آموزشی وارد شد، نه واقعیت رسمی. | اعداد دراوداون و پروفیت فکتور معیارهای داخلی آکادمی‌اند.
mentor,بررسی عملکرد,منتور استیتمنت را با چه معیارهایی بررسی می‌کند؟,معیارهایی که منتور روی استیتمنت نگاه می‌کند: نسبت ریسک به ریوارد، دراوداون حساب (زیر ۱۰٪ و مطلوب ۵ تا ۶٪)، تعداد معاملات در روز و رعایت حد ضرر روزانه، و پروفیت فکتور (هدف: بالای ۱.۵). بازبینی دوره‌ای است — معمولاً دو هفته بعد دوباره ارسال می‌شود.,guidance,,تیم منتورینگ آکادمی سبحان صمدی,منبع: MQA-00007 | موضوع: معیارهای استیتمنت | تأیید انسانی نشده؛ به‌عنوان راهنمایی آموزشی وارد شد، نه واقعیت رسمی.
mentor,مدیریت ریسک,رابطه‌ی ریوارد بزرگ‌تر با وین‌ریت چیست؟,هرچه ریوارد هدف بزرگ‌تر باشد، وین‌ریت پایین‌تر می‌آید. ریوارد ۲ وین‌ریت بالاتری دارد و توصیه‌ی پیش‌فرض آکادمی است. ریوارد بزرگ‌تر یعنی استاپ بیشتر، و همان استاپ‌ها روان معامله‌گر را به هم می‌زند تا جایی که دیگر نمی‌تواند به آن هدف بزرگ پایبند بماند.,guidance,,تیم منتورینگ آکادمی سبحان صمدی,منبع: MQA-00010 | موضوع: ریسک به ریوارد | تأیید انسانی نشده؛ به‌عنوان راهنمایی آموزشی وارد شد، نه واقعیت رسمی.
mentor,انضباط معاملاتی,برنامه‌ی آخر هفته‌ی معامله‌گر چیست؟,روال هفتگی پیشنهادی: یک روز استراحت کامل، یک روز بررسی معاملات هفته و ژورنال، و در همان روز مشخص کردن اقدامات هفته‌ی بعد. ژورنال باید هر هفته بازبینی شود، نه فقط نوشته شود.,guidance,,تیم منتورینگ آکادمی سبحان صمدی,منبع: MQA-00012 | موضوع: ژورنال معاملاتی | تأیید انسانی نشده؛ به‌عنوان راهنمایی آموزشی وارد شد، نه واقعیت رسمی.
mentor,روانشناسی معامله‌گری,نیاز مالی چه اثری بر معامله می‌گذارد و چه باید کرد؟,وقتی تمرکز از «اجرای درست پلن» به «باید پول دربیاورم» منتقل شود، پلن اجرا نمی‌شود. توصیه‌ی منتور: یک هفته از بازار فاصله بگیرید تا ذهن ریکاوری شود، بعد معاملات و ژورنال را بررسی کنید. و مهم‌تر: با سرمایه‌ای که برایتان حیاتی است وارد بازار نشوید و در کنار آموزش، یک منبع درآمد دیگر داشته باشید تا فشار مالی کم شود.,guidance,,تیم منتورینگ آکادمی سبحان صمدی,منبع: MQA-00013 | موضوع: فشار مالی | تأیید انسانی نشده؛ به‌عنوان راهنمایی آموزشی وارد شد، نه واقعیت رسمی.
mentor,روانشناسی معامله‌گری,بعد از چند روز ضرر متوالی چه باید کرد؟,شناسایی این الگو در خودتان درست و ارزشمند است. راهکار: بعد از دوره‌ی ضرر متوالی، حداقل یک تا دو روز کامل از بازار فاصله بگیرید. اینکه در لایو چنین واکنشی پیش بیاید — حتی وقتی در بک‌تست چنین توالی‌ای نبوده — طبیعی است، چون در لایو احساسات درگیر است.,guidance,,تیم منتورینگ آکادمی سبحان صمدی,منبع: MQA-00014 | موضوع: ضررهای متوالی | تأیید انسانی نشده؛ به‌عنوان راهنمایی آموزشی وارد شد، نه واقعیت رسمی.
mentor,روانشناسی معامله‌گری,برای جلوگیری از خروج احساسی چه کنم؟,راهکار عملی منتور: «ست اند فورگت» — حد سود و حد ضرر را بگذارید و از پشت سیستم بلند شوید و نیم ساعت بعد برگردید. نشستن مداوم پای چارت باعث تصمیم‌های احساسی و دستکاری معامله می‌شود.,guidance,,تیم منتورینگ آکادمی سبحان صمدی,منبع: MQA-00015 | موضوع: خروج احساسی | تأیید انسانی نشده؛ به‌عنوان راهنمایی آموزشی وارد شد، نه واقعیت رسمی.
mentor,روانشناسی معامله‌گری,آیا سربه‌سر ماندن یعنی درجا زدن؟,سربه‌سر ماندن با رعایت پلن و مدیریت سرمایه، درجا زدن نیست — یک مرحله‌ی واقعی از پیشرفت است. ترتیب درست: اول حفظ سرمایه و ثبات رفتاری، بعد رشد حساب. دشمن این مرحله بازار نیست؛ افزایش تعداد معاملات بعد از ضرر و طمع است. عادت پیشنهادی: بعد از هر ضرر، چند دقیقه از نمودار فاصله بگیرید و معامله نکنید.,guidance,,تیم منتورینگ آکادمی سبحان صمدی,منبع: MQA-00016 | موضوع: سربه‌سر ماندن | تأیید انسانی نشده؛ به‌عنوان راهنمایی آموزشی وارد شد، نه واقعیت رسمی.
mentor,روانشناسی معامله‌گری,وقتی بعد از یک دوره‌ی خوب، عملکرد افت می‌کند چه باید بررسی کرد؟,چهار چیز را به‌ترتیب بررسی کنید: (۱) آیا ناخودآگاه چیزی در اجرای استراتژی عوض شده؟ (۲) آیا شرایط بازار عوض شده (نوسان کمتر، رنج شدن) و سبک شما هنوز جواب می‌دهد؟ (۳) یک هفته فقط تحلیل بدون معامله، (۴) بازگشت با ریسک پایین‌تر و تمرکز روی اجرای پلن نه سود و زیان. و صادقانه چک کنید که معامله‌ی عجله‌ای یا انتقامی نزده باشید.,guidance,,تیم منتورینگ آکادمی سبحان صمدی,منبع: MQA-00017 | موضوع: افت عملکرد | تأیید انسانی نشده؛ به‌عنوان راهنمایی آموزشی وارد شد، نه واقعیت رسمی.
mentor,روانشناسی معامله‌گری,برخورد درست با ضرر چیست؟,ضرر جزء ثابت بازار است؛ آنچه اهمیت دارد رفتار معامله‌گر بعد از ضرر است. درس‌ها دقیقاً از همین ضررها گرفته می‌شود و پخته شدن دیدگاه زمان می‌برد.,guidance,,تیم منتورینگ آکادمی سبحان صمدی,منبع: MQA-00018 | موضوع: پذیرش ضرر | تأیید انسانی نشده؛ به‌عنوان راهنمایی آموزشی وارد شد، نه واقعیت رسمی.
mentor,بک‌تست و فوروارد تست,تفاوت برآیند بک‌تست و فوروارد تست طبیعی است؟,بله طبیعی است، اما تفاوت را رها نکنید: دقیقاً بنویسید چه چیزی باعث اختلاف شده و از همان یادداشت‌ها استفاده کنید تا دو برآیند به هم نزدیک شوند.,guidance,,تیم منتورینگ آکادمی سبحان صمدی,منبع: MQA-00019 | موضوع: بک‌تست | تأیید انسانی نشده؛ به‌عنوان راهنمایی آموزشی وارد شد، نه واقعیت رسمی.
mentor,بک‌تست و فوروارد تست,وقتی لایو با بک‌تست نمی‌خواند، چطور بررسی کنم؟,روش تشخیص: همان هفته‌هایی که در لایو ضرر داده‌اید را دوباره بک‌تست بگیرید. اگر برآیند بک‌تستِ همان روزها با آنچه در لایو انجام داده‌اید یکی نبود، مشکل در اجراست نه در استراتژی.,guidance,,تیم منتورینگ آکادمی سبحان صمدی,منبع: MQA-00020 | موضوع: بک‌تست | تأیید انسانی نشده؛ به‌عنوان راهنمایی آموزشی وارد شد، نه واقعیت رسمی.
mentor,فرآیندهای آکادمی,روال ارسال و بررسی تمرین‌ها چیست؟,تمرین‌ها در قالب سه تصویر ارسال می‌شوند، هر تصویر روی یک روز معاملاتی مجزا. در تمرین سایکل‌ها باید در هر تصویر هر سه سایکل (اسپایک، کانال، تریدینگ رنج) مشخص شده باشد. در تمرین گپ‌ها نباید نقاط ورود، خروج، حد ضرر، حد سود و ریسک به ریوارد مشخص شود. پس از تأیید هر مرحله، مسیر و تمرین مرحله‌ی بعد فرستاده می‌شود.,guidance,,تیم منتورینگ آکادمی سبحان صمدی,منبع: MQA-00024 | موضوع: تمرین‌ها | تأیید انسانی نشده؛ به‌عنوان راهنمایی آموزشی وارد شد، نه واقعیت رسمی.
mentor,فرآیندهای آکادمی,پیام‌ها با چه ترتیبی پاسخ داده می‌شوند؟,پیام‌ها به ترتیب نوبت پاسخ داده می‌شوند. فرستادن پیام اضافی یا علامت سؤال، حساب شما را دوباره به ابتدای صف می‌برد و پاسخ را دیرتر می‌کند. بهترین کار صبر کردن تا رسیدن نوبت است.,guidance,,تیم منتورینگ آکادمی سبحان صمدی,منبع: MQA-00026 | موضوع: صف پاسخ‌گویی | تأیید انسانی نشده؛ به‌عنوان راهنمایی آموزشی وارد شد، نه واقعیت رسمی.
mentor,روش و استراتژی,بعد از استاپ خوردن، چه وقت معکوس گرفتن درست است؟,معکوس گرفتن قاعده‌ی همیشگی نیست؛ تابع سایکل بازار است. اگر در کانال صعودی با شکست سقف وارد خرید شده‌اید و استاپ خورده‌اید، معکوس گرفتن یعنی فروش خلاف جهت سایکل — و این موقعیت خوبی نیست. معکوس فقط وقتی معنا دارد که سایکل واقعاً عوض شده باشد.,guidance,,تیم منتورینگ آکادمی سبحان صمدی,منبع: MQA-00027 | موضوع: معکوس گرفتن | تأیید انسانی نشده؛ به‌عنوان راهنمایی آموزشی وارد شد، نه واقعیت رسمی. | فقط وقتی اعتبار سایکل/روند تمام شده باشد.
mentor,روش و استراتژی,نشانه‌های پایان اعتبار یک روند چیست؟,سه نشانه که اعتبار روند تمام شده است: (۱) شکسته شدن آخرین اصلاح، (۲) توقف ساختن سقف بالاتر و کف پایین‌تر و رنج زدن به مدت تعداد زیادی کندل، (۳) شکل گرفتن ستاپ‌های برگشتی مثل MTR یا انتهای لگ دوم.,guidance,,تیم منتورینگ آکادمی سبحان صمدی,منبع: MQA-00028 | موضوع: پایان روند | تأیید انسانی نشده؛ به‌عنوان راهنمایی آموزشی وارد شد، نه واقعیت رسمی.
mentor,روش و استراتژی,القای نقدینگی چیست و چه ربطی به فیک بریک اوت دارد؟,القای نقدینگی یعنی قیمت با یک شکست یا کندل ظاهراً معتبر، معامله‌گران را به ورود در یک جهت ترغیب می‌کند تا حد ضررهایشان در ناحیه‌ای جمع شود؛ بعد قیمت به همان ناحیه برمی‌گردد، آن حد ضررها را فعال می‌کند و نقدینگی را جمع می‌کند و بعد حرکت اصلی را انجام می‌دهد. در عمل، همان چیزی است که به آن فیک بریک اوت گفته می‌شود.,guidance,,تیم منتورینگ آکادمی سبحان صمدی,منبع: MQA-00030 | موضوع: القای نقدینگی | تأیید انسانی نشده؛ به‌عنوان راهنمایی آموزشی وارد شد، نه واقعیت رسمی.
mentor,روش و استراتژی,سقف و کف روز و ناحیه‌ی ۵۰٪ چطور استفاده می‌شوند؟,سقف و کف روز را همیشه مشخص کنید — حتی اگر استراتژی‌تان چیز دیگری است — چون دیدگاه می‌دهد. درباره‌ی ۵۰٪: این یک ناحیه است نه یک خط دقیق؛ چند پیپ بالاتر یا پایین‌تر بودنش مهم نیست، مهم این است که ناحیه را درست تشخیص بدهید.,guidance,,تیم منتورینگ آکادمی سبحان صمدی,منبع: MQA-00032 | موضوع: سقف و کف روز | تأیید انسانی نشده؛ به‌عنوان راهنمایی آموزشی وارد شد، نه واقعیت رسمی.
mentor,روش و استراتژی,آیا معامله نکردن در تریدینگ رنج یک قانون است؟,این یک قانون نیست، یک فیلتر است — چیزی که معاملات را بهینه‌تر می‌کند. هر معامله‌ای در نهایت داخل یکی از سه سایکل انجام می‌شود؛ تریدینگ رنج هم استثنا نیست. جزئیاتش در ویدیوهای استراتژی‌نویسی می‌آید.,guidance,,تیم منتورینگ آکادمی سبحان صمدی,منبع: MQA-00033 | موضوع: تریدینگ رنج | تأیید انسانی نشده؛ به‌عنوان راهنمایی آموزشی وارد شد، نه واقعیت رسمی.
mentor,روش و استراتژی,وقتی بازار خلاف تحلیل حرکت می‌کند چه باید کرد؟,به‌جای یک تحلیل، چند سناریو از پیش بنویسید: اگر سقف شکست چه می‌شود، اگر نتوانست بشکند و فیک بریک اوت شد چه می‌شود، اگر دو لگ تکمیل شد ولی به هدف نرسید چه می‌شود. اگر باز هم بازار طبق هیچ‌کدام حرکت نکرد، اشکالی ندارد — اشتباه بودن تحلیل جزء جدایی‌ناپذیر معامله‌گری است و کسی همه را درست تشخیص نمی‌دهد.,guidance,,تیم منتورینگ آکادمی سبحان صمدی,منبع: MQA-00034 | موضوع: سناریوسازی | تأیید انسانی نشده؛ به‌عنوان راهنمایی آموزشی وارد شد، نه واقعیت رسمی.
mentor,فرآیندهای آکادمی,آیا تریدینگ پلن حتماً باید در قالب رسمی آکادمی باشد؟,قالب رسمی اجباری نیست — پلن را می‌توانید حتی در یک PDF ساده بنویسید؛ آنچه برای بررسی اهمیت دارد محتوای پلن است نه قالب آن. سرفصل‌های فرم آماده چون تصویری‌اند قابل ویرایش نیستند.,guidance,,تیم منتورینگ آکادمی سبحان صمدی,منبع: MQA-00041 | موضوع: قالب پلن | تأیید انسانی نشده؛ به‌عنوان راهنمایی آموزشی وارد شد، نه واقعیت رسمی.
mentor,فرآیندهای آکادمی,چرا نمی‌شود مرحله‌ها را زودتر رد کرد؟,سابقه‌ی طولانی جای طی کردن مراحل را نمی‌گیرد. منتور پلن را می‌بیند و اگر ناقص باشد اجازه‌ی عبور نمی‌دهد — چون تریدینگ پلن در واقع «کتاب راهنمای خودِ معامله‌گر» است و باید با جزئیات کامل پر شود. سخت‌گیری مرحله‌ها به نفع خود دانشجوست.,guidance,,تیم منتورینگ آکادمی سبحان صمدی,منبع: MQA-00042 | موضوع: عجله برای شروع | تأیید انسانی نشده؛ به‌عنوان راهنمایی آموزشی وارد شد، نه واقعیت رسمی.
mentor,روش و استراتژی,انواع گپ کدام‌اند و هرکدام در کجای روند شکل می‌گیرند؟,"سه نوع گپ، هرکدام متناظر با یک جای روند:
• گپ بریک اوت = همان اسپایک؛ در شروع روند.
• گپ فشار؛ در فاز کانال و داخل روند.
• گپ خستگی؛ در انتهای روند.
یعنی نوع گپ خودش می‌گوید در کدام سایکل هستید.",guidance,,تیم منتورینگ آکادمی سبحان صمدی,منبع: MQA-00043 | موضوع: گپ‌ها | تأیید انسانی نشده؛ به‌عنوان راهنمایی آموزشی وارد شد، نه واقعیت رسمی.
mentor,روش و استراتژی,چطور تشخیص سایکل و روند را تقویت کنم؟,تمرین مشخصی که منتور می‌دهد: به گذشته‌ی بازار برگردید و برای هر سایکل نمونه‌های زیاد بررسی کنید — مثلاً ۱۰۰ مورد کانال: ببینید کجا ورود می‌داده، چه ریواردی داده، و بعد از کانال چه اتفاقی افتاده و چطور از آن خارج شده. این با «دوباره دیدن ویدیو» جایگزین نمی‌شود؛ نیاز به دیدن حجم زیادی چارت دارد.,guidance,,تیم منتورینگ آکادمی سبحان صمدی,منبع: MQA-00046 | موضوع: تشخیص روند | تأیید انسانی نشده؛ به‌عنوان راهنمایی آموزشی وارد شد، نه واقعیت رسمی. | برای این تمرین باید بر مباحث دوره‌ی پیشرفته مسلط باشید.
mentor,روش و استراتژی,آیا برای این سبک، تحلیل مولتی تایم‌فریم لازم است؟,لازم نیست. آن نوع تحلیل مال کسی است که مولتی تایم‌فریم معامله می‌کند؛ سبک این دوره تک تایم‌فریم و کوتاه‌مدت است. ضمناً در مرحله‌ی بک‌تست اصلاً تحلیل انجام نمی‌شود — فقط نقاط ورود استراتژی رسم و ثبت می‌شود؛ تحلیل بعد از رسیدن به یک استراتژی نهایی وارد کار می‌شود.,guidance,,تیم منتورینگ آکادمی سبحان صمدی,منبع: MQA-00047 | موضوع: تحلیل مولتی تایم‌فریم | تأیید انسانی نشده؛ به‌عنوان راهنمایی آموزشی وارد شد، نه واقعیت رسمی.
mentor,روانشناسی معامله‌گری,اگر هیجان زمان باز شدن بورس را نمی‌توانم کنترل کنم چه کنم؟,سه راهکار: (۱) باز شدن بورس آمریکا هیجان زیادی وارد بازار می‌کند و ممکن است با شخصیت شما سازگار نباشد — می‌توانید تایم دیگری برای تمرین انتخاب کنید؛ بازار تا حدود ساعت ۱۰ شب نقدینگی قابل معامله دارد. (۲) مدیتیشن برای بالا بردن تمرکز در آن بازه. (۳) اگر پلن‌تان کامل مکتوب نیست و نمی‌دانید قرار است چه کنید، معامله نکنید و نظاره‌گر باشید.,guidance,,تیم منتورینگ آکادمی سبحان صمدی,منبع: MQA-00049 | موضوع: هیجان زمان بازگشایی | تأیید انسانی نشده؛ به‌عنوان راهنمایی آموزشی وارد شد، نه واقعیت رسمی.
mentor,روانشناسی معامله‌گری,چرا بعد از یک دوره‌ی خوب، ناگهان افت شدید می‌آید؟,این الگو شناخته‌شده است و دلیلش روانی است، نه استراتژیک: دو سه هفته‌ی اول پلن با دقت اجرا می‌شود و حساب رشد می‌کند؛ از هفته‌ی چهارم، پذیرش ضرر سخت می‌شود («یک ماه خوب ترید کرده‌ام، الان نباید ضرر کنم») و همین عدم پذیرش، اقدام اشتباه می‌سازد. درمانش: هر روز را یک روز کاری جدید ببینید و مدام استیتمنت را چک نکنید — چک کردن مکرر، ذهن را روی «حفظ سود» قفل می‌کند و پذیرش ضرر را از بین می‌برد.,guidance,,تیم منتورینگ آکادمی سبحان صمدی,منبع: MQA-00050 | موضوع: الگوی افت پایان دوره | تأیید انسانی نشده؛ به‌عنوان راهنمایی آموزشی وارد شد، نه واقعیت رسمی. | 💡 همین است دلیل اینکه منتور می‌گوید «دو سه هفته‌ی دیگر ادامه بده»: هدف دیدن مدیریت همین چالش است، نه صرفاً عدد سود.
mentor,روانشناسی معامله‌گری,چرا عملکرد آخر هفته افت می‌کند؟,طبیعی است: بعد از چند روز خوب، سخت‌گیری روی قوانین و صبر کم می‌شود و معاملات آخر هفته کیفیت پایین‌تری پیدا می‌کنند و کل برآیند هفته را خراب می‌کنند. قاعده: هدف روزهای پایانی هفته حفظ سود است، نه اضافه کردن سود.,guidance,,تیم منتورینگ آکادمی سبحان صمدی,منبع: MQA-00051 | موضوع: پایان هفته | تأیید انسانی نشده؛ به‌عنوان راهنمایی آموزشی وارد شد، نه واقعیت رسمی.
mentor,روانشناسی معامله‌گری,ریسک‌فری کردن کی درست است و کی اشتباه؟,ریسک‌فری کردن ذاتاً اشتباه نیست؛ اشتباه وقتی است که از روی ترس و لحظه‌ای انجام شود. راه‌حل: آن را به یک قانون مکتوب در پلن تبدیل کنید نه یک تصمیم لحظه‌ای؛ و اگر هنوز قانونی برایش ندارید، در بک‌تست هر دو حالت (با و بدون ریسک‌فری) را بسنجید و ببینید کدام ریوارد بهتری می‌دهد.,guidance,,تیم منتورینگ آکادمی سبحان صمدی,منبع: MQA-00052 | موضوع: ریسک‌فری زودهنگام | تأیید انسانی نشده؛ به‌عنوان راهنمایی آموزشی وارد شد، نه واقعیت رسمی.
mentor,روانشناسی معامله‌گری,چرا در حساب واقعی بد عمل می‌کنم در حالی که چالش را پاس کردم؟,علتش تفاوت کندل‌های بروکر نیست — اگر تکنیکال مشکل داشت، چالش پاس نمی‌شد. علت روانی است: با رسیدن حساب واقعی، ذهن از «اجرای درست پلن» به «سود گرفتن و برداشت» منتقل می‌شود و همین برآیند را به هم می‌ریزد. راه‌حل: در حساب واقعی هم دقیقاً همان نگاهی را داشته باشید که در دمو و مرحله‌ی چالش داشتید.,guidance,,تیم منتورینگ آکادمی سبحان صمدی,منبع: MQA-00053 | موضوع: حساب پراپ | تأیید انسانی نشده؛ به‌عنوان راهنمایی آموزشی وارد شد، نه واقعیت رسمی.
mentor,روانشناسی معامله‌گری,بعد از ضرر یا بعد از رسیدن به تارگت، پای چارت بمانم؟,در اوایل مسیر، بعد از ضرر سیستم را کاملاً ببندید و پای چارت نمانید — احتمال آمدن حس جبران بالاست. ماندن پای بازار مثل مدرس، مهارت مرحله‌ی بعد است نه شروع کار.,guidance,,تیم منتورینگ آکادمی سبحان صمدی,منبع: MQA-00054 | موضوع: بعد از ضرر | تأیید انسانی نشده؛ به‌عنوان راهنمایی آموزشی وارد شد، نه واقعیت رسمی.
mentor,فرآیندهای آکادمی,آیا می‌شود مرحله‌ی فوروارد تست را با پذیرش مسئولیت شخصی رد کرد؟,"خیر. آکادمی از این مسیر کوتاه نمی‌آید — حتی با پذیرش مسئولیت شخصی توسط دانشجو. دلیلش این است که استیتمنت باید در یک بازه‌ی بلندمدت بررسی شود تا ثبات رفتاری دیده شود، و راه دیگری مورد تأیید نیست.
نکته‌ی مهم در لحن: منتور همدلی می‌کند، مرز را محکم نگه می‌دارد، و در نهایت انتخاب دانشجو را محترم می‌شمارد و آرزوی موفقیت می‌کند — بدون مچ‌گیری و بدون کوتاه آمدن.",guidance,,تیم منتورینگ آکادمی سبحان صمدی,منبع: MQA-00065 | موضوع: الزام فوروارد تست | تأیید انسانی نشده؛ به‌عنوان راهنمایی آموزشی وارد شد، نه واقعیت رسمی.
mentor,فرآیندهای آکادمی,آکادمی برای بررسی حساب چه چیزی می‌خواهد و مربی چه نقشی دارد؟,"آکادمی برای بررسی عملکرد، به‌صورت کاملاً اختیاری، شماره حساب، رمز Investor (فقط خواندنی)، نام بروکر، نوع سرور و پلتفرم را می‌خواهد. رمز Investor فقط اجازه‌ی مشاهده می‌دهد و امکان معامله، واریز، برداشت یا تغییر ندارد. نداشتن تمایل کاملاً محترم است.
🔒 قاعده‌ی مربی هوش مصنوعی: مربی هرگز هیچ رمزی — حتی رمز Investor — و هیچ اطلاعات ورود حسابی را درخواست، دریافت یا نگهداری نمی‌کند. اگر دانشجو خودش فرستاد، مربی به او می‌گوید آن را ارسال نکند و او را به مسیر انسانی پشتیبانی ارجاع می‌دهد.",guidance,,تیم منتورینگ آکادمی سبحان صمدی,منبع: MQA-00069 | موضوع: بررسی حساب و اطلاعات ورود | تأیید انسانی نشده؛ به‌عنوان راهنمایی آموزشی وارد شد، نه واقعیت رسمی. | ارسال اطلاعات حساب کاملاً اختیاری است.
mentor,روانشناسی معامله‌گری,وقتی استراتژی سودده ناگهان ضررده می‌شود چه باید کرد؟,پاسخ منتور، تغییر استراتژی نیست — تغییر رفتار روزانه است: بعد از دو استاپ در آن سطح دیگر معامله نکنید و صبر کنید بازار شفاف شود. سقف سه استاپ روزانه سهمیه نیست؛ اگر با یک ضرر هم دیدید ساختار بازار شفاف نیست، روز را ببندید. همین است که سود انباشته را حفظ می‌کند. نگاه «یا TP2 یا سه استاپ» در بلندمدت حساب را ضررده می‌کند.,guidance,,تیم منتورینگ آکادمی سبحان صمدی,منبع: MQA-00071 | موضوع: دوره‌ی ضرر | تأیید انسانی نشده؛ به‌عنوان راهنمایی آموزشی وارد شد، نه واقعیت رسمی.
mentor,روانشناسی معامله‌گری,چطور یک اشتباه کوچک به از دست رفتن کل حساب می‌رسد؟,مسیر همیشه یکی است: تمرکز از «اجرای درست استراتژی» به «سود و ضرر» منتقل می‌شود → ترس و طمع می‌آید → اقدام احساسی → لوپ احساسات، و در آن لوپ حتی سودهایی که می‌گیرید دوباره به بازار پس داده می‌شود. نتیجه‌ی یک یا دو معامله برای معامله‌گر حرفه‌ای اهمیتی ندارد. راه بیرون آمدن: ژورنال معاملاتی و اصلاح تدریجی همین اشتباهات.,guidance,,تیم منتورینگ آکادمی سبحان صمدی,منبع: MQA-00072 | موضوع: لوپ احساسات | تأیید انسانی نشده؛ به‌عنوان راهنمایی آموزشی وارد شد، نه واقعیت رسمی.
mentor,روش و استراتژی,وقتی همه‌ی استراتژی‌های نوشته‌شده در بک‌تست شکست می‌خورند، مشکل کجاست؟,"تشخیص منتور: مشکل از استراتژی‌ها نیست، از نبود تسلط بر سایکل‌هاست. ترتیب درست:
۱) اول اسپایک، کانال و تریدینگ رنج را کامل بشناسید — کجا اسپایک شکل می‌گیرد، کی وارد کانال می‌شویم، در کانال چه می‌افتد، کی وارد رنج می‌شویم.
۲) همیشه دنبال دلیل و چرایی باشید، نه فقط الگو.
۳) بعد نکات تکنیکال را روی هر سایکل جداگانه پیاده کنید (بریک اوت در کانال با بریک اوت در رنج فرق دارد؛ لگ‌ها هم همین‌طور).
۴) و در این مرحله اصلاً بک‌تست نگیرید — فقط چارت را جلویتان بگذارید و تحلیل کنید تا به تسلط نسبی برسید؛ بعد سراغ استراتژی‌نویسی بروید.
⭐ نکته‌ی مهم درباره‌ی مرز: دانشجو صریحاً خواست منتور یک استراتژی آماده به او بدهد و منتور استراتژی نداد — به‌جایش مسیر تسلط را داد.",guidance,,تیم منتورینگ آکادمی سبحان صمدی,منبع: MQA-00073 | موضوع: تسلط بر سایکل‌ها | تأیید انسانی نشده؛ به‌عنوان راهنمایی آموزشی وارد شد، نه واقعیت رسمی.
mentor,روش و استراتژی,آیا استراتژی پیچیده‌تر بهتر است؟,خیر. منتور صریح می‌گوید استراتژی ساده اغلب بهتر عمل می‌کند و این تصور که «پیچیده‌تر یعنی حرفه‌ای‌تر» غلط است. توصیه‌ی همراه: معامله و بک‌تست را موازی ادامه دهید، نه یکی به‌جای دیگری.,guidance,,تیم منتورینگ آکادمی سبحان صمدی,منبع: MQA-00075 | موضوع: سادگی استراتژی | تأیید انسانی نشده؛ به‌عنوان راهنمایی آموزشی وارد شد، نه واقعیت رسمی.
mentor,فرآیندهای آکادمی,شرایط پیوستن به تیم معامله‌گری آکادمی چیست؟,پیش‌نیاز، گرفتن «تأییدیه‌ی حساب ریل» است. سپس استیتمنت حساب ریل یا دمو ارسال می‌شود با این حداقل‌ها: بازه‌ی ۶ ماه، دراوداون کمتر از ۱۰٪، پروفیت فکتور بالاتر از ۱.۵. حداقل سرمایه‌ی حساب هم پذیرفته است. استیتمنت حساب پراپ اصلاً بررسی نمی‌شود.,guidance,,تیم منتورینگ آکادمی سبحان صمدی,منبع: MQA-00008 | موضوع: تیم معامله‌گری | تأیید انسانی نشده؛ به‌عنوان راهنمایی آموزشی وارد شد، نه واقعیت رسمی. | شرایط اعلام‌شده در زمان ثبت این گفت‌وگو؛ ممکن است تغییر کند.
mentor,بک‌تست و فوروارد تست,در فایل اکسل بک‌تست هر معامله چطور ثبت می‌شود؟,هر معامله یک ردیف مستقل است؛ اگر در یک روز سه موقعیت گرفته‌اید، همان تاریخ سه بار تکرار می‌شود و داشبورد اکسل خودش تفکیک می‌کند. Avg Win R میانگین سود معاملات برنده و Avg Loss R میانگین ضررهاست — و چون ضرر هر معامله ثابت (۱٪ یا −۱) است، Avg Loss R عملاً همیشه ثابت می‌ماند.,guidance,,تیم منتورینگ آکادمی سبحان صمدی,منبع: MQA-00021 | موضوع: فایل بک‌تست | تأیید انسانی نشده؛ به‌عنوان راهنمایی آموزشی وارد شد، نه واقعیت رسمی.
mentor,فرآیندهای آکادمی,فایل‌ها و ویدیوهای مسیر از کجا دریافت می‌شوند؟,فایل‌های ضمیمه از داخل خودِ ویدیوهای اسپات‌پلیر دانلود می‌شوند (اکسل بک‌تست: ویدیوی ۶۱؛ فایل پلن: ویدیوهای ۶۶ و ۶۷). منتور در صورت مشکل فنی فایل را مستقیم می‌فرستد اما تأکید می‌کند ویدیوی آموزشی‌اش حتماً دیده شود.,guidance,,تیم منتورینگ آکادمی سبحان صمدی,منبع: MQA-00022 | موضوع: مسیر آموزش | تأیید انسانی نشده؛ به‌عنوان راهنمایی آموزشی وارد شد، نه واقعیت رسمی. | شماره‌ی ویدیوها مربوط به ساختار دوره در زمان این گفت‌وگوست.
mentor,روش و استراتژی,چه فیلترهایی جلوی ورود با شکست را می‌گیرند؟,سه فیلتر برای وارد نشدن با شکست: (۱) قیمت سطح را با دو لگ بشکند، (۲) با یک تک‌کندل خیلی بزرگ خودش را به سطح برساند، (۳) فاصله‌ی قیمت تا سطح خیلی زیاد باشد. در این حالت‌ها اولویت با فیک بریک اوت است — اما این هم اجباری نیست؛ فقط اگر محدوده مناسب بود.,guidance,,تیم منتورینگ آکادمی سبحان صمدی,منبع: MQA-00029 | موضوع: فیلتر ورود | تأیید انسانی نشده؛ به‌عنوان راهنمایی آموزشی وارد شد، نه واقعیت رسمی.
mentor,روش و استراتژی,MTR و بریک ایون چه تفاوتی دارند؟,تفاوت بنیادی: MTR یک ستاپ است، بریک ایون یک ناحیه. MTR ستاپ برگشتی انتهای روند است و بلافاصله پس از شکست خط روند و پولبک به همان سطح ورود انجام می‌شود. بریک ایون هم شامل بازگشت به شکست روند است و هم شکست سقف و کف: پس از شکست و تشکیل روند جدید، قیمت دوباره به ناحیه‌ی شکست برمی‌گردد و معمولاً با یک فیک بریک اوت همراه است.,guidance,,تیم منتورینگ آکادمی سبحان صمدی,منبع: MQA-00031 | موضوع: ستاپ‌های برگشتی | تأیید انسانی نشده؛ به‌عنوان راهنمایی آموزشی وارد شد، نه واقعیت رسمی.
mentor,روش و استراتژی,آیا معامله‌ی سریع، آربیتراژ حساب می‌شود؟,نه. آربیتراژ یعنی سوءاستفاده از اختلاف یا تأخیر قیمت بین دو بروکر — نه اینکه معامله سریع به سود برسد. اگر بر اساس استراتژی خودتان وارد شده‌اید و بازار سریع حرکت کرده و در ۲ دقیقه یا حتی ۳۰ ثانیه به هدف رسیده، این فقط یک معامله‌ی سریع و موفق است.,guidance,,تیم منتورینگ آکادمی سبحان صمدی,منبع: MQA-00036 | موضوع: آربیتراژ | تأیید انسانی نشده؛ به‌عنوان راهنمایی آموزشی وارد شد، نه واقعیت رسمی.
mentor,روش و استراتژی,گپ را در چه موقعیت‌هایی معامله کنیم؟,گپ را نه به‌تنهایی، بلکه در این پنج موقعیت بگیرید — چون نرخ رسیدن به تارگت در آن‌ها بالاتر است: بعد از ناحیه‌ی ۵۰٪، بعد از دو لگ اصلاحی، بعد از فیک بریک اوت، بعد از الگوی ۱۲۳، یا در محدوده‌ی بریک ایون.,guidance,,تیم منتورینگ آکادمی سبحان صمدی,منبع: MQA-00044 | موضوع: گپ‌ها | تأیید انسانی نشده؛ به‌عنوان راهنمایی آموزشی وارد شد، نه واقعیت رسمی.
mentor,روش و استراتژی,کانسپت اولیه، شکست ناحیه، تحلیل زمانی و تفاوت میکروکانال با اسپایک,"چهار تعریف:
• کانسپت اولیه = ایده و دید اولیه نسبت به بازار (و سناریو = تعیین اینکه اگر X رخ داد چه تصمیمی می‌گیریم).
• شکست ناحیه = بسته شدن کندل قوی آن‌سوی ناحیه، اما به‌تنهایی کافی نیست: ماهیت ناحیه، قدرت شکست، نحوه‌ی بسته شدن کندل و رفتار کندل‌های بعدی هم باید دیده شود.
• تحلیل زمانی = به‌جای «قیمت به کجا می‌رسد»، «چه زمانی و در چه مدتی می‌رسد».
• میکروکانال در برابر اسپایک: میکروکانال حرکت نسبتاً منظم در چند کندل متوالی با پولبک‌های بسیار کوچک است؛ اسپایک حرکت بسیار سریع و قدرتمند با اصلاح خیلی کم یا بدون اصلاح.",guidance,,تیم منتورینگ آکادمی سبحان صمدی,منبع: MQA-00045 | موضوع: میکروکانال و اسپایک | تأیید انسانی نشده؛ به‌عنوان راهنمایی آموزشی وارد شد، نه واقعیت رسمی.
mentor,روش و استراتژی,آیا استراتژی مدرس خارج از دقایق ابتدایی باز شدن بورس هم کار می‌کند؟,خیر. مدرس فقط با نقدینگی کار می‌کند و آن نقدینگی معمولاً در همان چند دقیقه‌ی اول پس از باز شدن بورس آمریکا رخ می‌دهد. یک ساعت دیرتر، همان ستاپ دیگر همان ستاپ نیست. ورودهای اصلی هم بریک اوت و فیک بریک اوت است.,guidance,,تیم منتورینگ آکادمی سبحان صمدی,منبع: MQA-00048 | موضوع: زمان معامله | تأیید انسانی نشده؛ به‌عنوان راهنمایی آموزشی وارد شد، نه واقعیت رسمی.
mentor,روش و استراتژی,موضع آکادمی درباره‌ی هج و مارتینگل چیست؟,موضع صریح: این روش مورد تأیید مدرس نیست. دلیلی که منتور می‌آورد: مارتینگل بارها با اوورترید اشتباه گرفته می‌شود و معامله‌گر را بیشتر درگیر احساسات می‌کند. (منتور در عین حال کلی‌گویی می‌کند که هر سیستمی با نظم و درک درست می‌تواند سودده باشد — اما نتیجه‌گیری روشن است.),guidance,,تیم منتورینگ آکادمی سبحان صمدی,منبع: MQA-00056 | موضوع: هج و مارتینگل | تأیید انسانی نشده؛ به‌عنوان راهنمایی آموزشی وارد شد، نه واقعیت رسمی.
mentor,متاتریدر,چرا روی بعضی نمادها معامله یا تک‌کلیک فعال نیست؟,در این بروکر، نمادهای قابل معامله آن‌هایی هستند که انتهای نامشان @ دارد. در Market Watch راست‌کلیک کنید، Show All بزنید و نمادهای دارای @ را انتخاب کنید — روی همان‌ها One Click Trading هم فعال است.,guidance,,تیم منتورینگ آکادمی سبحان صمدی,منبع: MQA-00058 | موضوع: نمادهای @ در متاتریدر ۵ | تأیید انسانی نشده؛ به‌عنوان راهنمایی آموزشی وارد شد، نه واقعیت رسمی. | این قاعده مربوط به بروکر معرفی‌شده است، نه همه‌ی بروکرها.
mentor,بررسی عملکرد,چه چیزی دراوداون را پایین نگه می‌دارد؟,دو عامل با هم: (۱) ریسک کمتر از ۱٪ در هر معامله، (۲) وین‌ریت واقعاً بالا — یعنی تعداد معاملات سودده بسیار بیشتر از ضررده. دراوداون تک‌رقمی حاصل ترکیب این دو است، نه فقط کم کردن ریسک.,guidance,,تیم منتورینگ آکادمی سبحان صمدی,منبع: MQA-00064 | موضوع: دراوداون پایین | تأیید انسانی نشده؛ به‌عنوان راهنمایی آموزشی وارد شد، نه واقعیت رسمی.
mentor,فرآیندهای آکادمی,وقتی منتور دانشجو عوض می‌شود چه می‌شود؟,تغییر منتور در آکادمی اتفاق می‌افتد و روال آن مشخص است: منتور جدید خودش را معرفی می‌کند، تصریح می‌کند که کل تاریخچه‌ی گفت‌وگو و روند معاملاتی دانشجو را خوانده، و به دانشجو اطمینان می‌دهد که این تغییر برای بی‌وقفه ماندن ارتباط است. منتور قبلی با احترام بدرقه می‌شود.,guidance,,تیم منتورینگ آکادمی سبحان صمدی,منبع: MQA-00070 | موضوع: تغییر منتور | تأیید انسانی نشده؛ به‌عنوان راهنمایی آموزشی وارد شد، نه واقعیت رسمی.
mentor,مرزهای پاسخ‌گویی,آکادمی درباره‌ی سرمایه‌گذاری پول بیرون از حساب معاملاتی چه می‌گوید؟,نکته‌ی اصلی که منتور می‌گوید و مربی هم باید همان را بگوید: آن حرف مربوط به مرحله‌ای است که شما از معامله‌گری به سوددهی رسیده باشید و بخواهید سودهایتان را سرمایه‌گذاری کنید — نه الان. تا آن زمان تمرکز روی آموزش و ساختن درآمد فعال است.,guidance,,تیم منتورینگ آکادمی سبحان صمدی,منبع: MQA-00074 | موضوع: سرمایه‌گذاری بیرون از بازار | تأیید انسانی نشده؛ به‌عنوان راهنمایی آموزشی وارد شد، نه واقعیت رسمی. | مربی نام هیچ دارایی سرمایه‌گذاری را به‌عنوان پیشنهاد نمی‌برد. | ⚠️ منتور در ادامه یک دارایی مشخص را هم به‌عنوان سرمایه‌گذاری امن نام برد. مربی هوش مصنوعی توصیه‌ی سرمایه‌گذاری نمی‌دهد و هیچ دارایی‌ای را پیشنهاد نمی‌کند — با تصمیم مالک پروژه (D-0015) این بخش تکرار نمی‌شود و ادامه‌ی پرسش طبق ACA-RULE-0003 به پشتیبانی انسانی ارجاع می‌شود.
mentor,بک‌تست و فوروارد تست,استراتژی‌ها را بر چه مبنایی بنویسم و چند تا؟,"چارچوب نوشتن استراتژی: آن‌ها را بر مبنای سه چرخه‌ی بازار بنویسید (اسپایک، کانال، تریدینگ رنج) و برای هر چرخه چند استراتژی — در مجموع حداقل ۱۰ مورد. تعریف استراتژی هم ساده است: هر چیز ساده و تکرارپذیر در بازار می‌تواند یک استراتژی باشد؛ قرار نیست پیچیده باشد. حالت‌های مختلف ورود و نقاط مختلف بازار را بررسی کنید تا تکرارپذیرترین‌ها پیدا شوند، و در حین بک‌تست همیشه دنبال دلیل و چرایی باشید.
پخش بودن ورودها در سشن‌های مختلف در ابتدای مسیر طبیعی است.",guidance,,تیم منتورینگ آکادمی سبحان صمدی,منبع: MQA-00076 | موضوع: نوشتن استراتژی | تأیید انسانی نشده؛ به‌عنوان راهنمایی آموزشی وارد شد، نه واقعیت رسمی. | ⚠️ توجه: بازه‌بندی رسمی بک‌تست همان چیزی است که در ACA-CLR-0004 آمده (یک سال در سه بازه‌ی چهارماهه)؛ این پاسخ فقط درباره‌ی مبنای نوشتن استراتژی‌هاست.
mentor,روش و استراتژی,دیدگاه معاملاتی مدرس بر چه پایه‌ای است؟,چارچوب دیدگاه مدرس: معامله در نقدینگی باز شدن بورس آمریکا، بر پایه‌ی بریک اوت و فیک بریک اوت روی سقف و کف نزدیک؛ اگر سناریوی شکست فیل شود، ورود با فیک بریک اوت. فیلترها شامل فیلتر ثانیه و عدم ورود وقتی سطح با یک کندل بزرگ شکسته می‌شود؛ و محدوده‌های بریک ایون و دو لگ هم بخشی از معاملات است. منتور تأکید می‌کند این دیدگاه با تماشای لایوها و تمرین تدریجی به دست می‌آید، نه با گرفتن فهرست فیلترها.,guidance,,تیم منتورینگ آکادمی سبحان صمدی,منبع: MQA-00035 | موضوع: استراتژی مدرس | تأیید انسانی نشده؛ به‌عنوان راهنمایی آموزشی وارد شد، نه واقعیت رسمی. | فهرست فیلترها جایگزین تماشای لایو و تمرین نمی‌شود.
mentor,بروکر,برای کار با بروکر فیلترشکن لازم است و بروکر زیر نظر کیست؟,طبق پاسخ منتور، برای کار با بروکر معتمد آکادمی فیلترشکن لازم نیست. بروکر معرفی‌شده WM Market است که زیر نظر وینزور فعالیت می‌کند. هنگام باز کردن حساب ریل، تیم بروکر تماس می‌گیرد و از طریق تلگرام هم در ارتباط است.,guidance,,تیم منتورینگ آکادمی سبحان صمدی,منبع: MQA-00038 | موضوع: بروکر و اتصال | تأیید انسانی نشده؛ به‌عنوان راهنمایی آموزشی وارد شد، نه واقعیت رسمی. | اطلاعات بروکر زمان‌مند است و باید با خود بروکر بررسی شود (RQ-0004).
mentor,بروکر,با چه مبلغی حساب ریل را شروع کنم و بونوس بگیرم؟,عدد منطقی برای شروع حساب ریل — و فقط پس از گرفتن تأییدیه — حدود ۵۰۰ تا ۷۰۰ دلار است. با ۳۰۰ دلار رعایت مدیریت سرمایه سخت می‌شود، به‌ویژه روی داوجونز. گرفتن بونوس بروکر پیشنهاد نمی‌شود.,guidance,,تیم منتورینگ آکادمی سبحان صمدی,منبع: MQA-00040 | موضوع: شروع حساب ریل | تأیید انسانی نشده؛ به‌عنوان راهنمایی آموزشی وارد شد، نه واقعیت رسمی. | فقط پس از تأییدیه‌ی منتور (ACA-INT-0245). | اعداد زمان‌مندند و توصیه‌ی مالی نیستند.
mentor,متاتریدر,ارزش پیپ طلا چند است و ارزش پیپ هر نماد را چطور پیدا کنم؟,"ارزش پیپ طلا را ۱ در نظر بگیرید و در محاسبه‌ی حجم دیگر لازم نیست رقم پیپت را حذف کنید.
روش عمومی پیدا کردن ارزش پیپ هر نماد: روی حساب دمو یک معامله با حجم ۱ لات باز کنید، حد سود را ۱۰ پیپ بالاتر بگذارید، و عددی که نشان می‌دهد را بر ۱۰ تقسیم کنید.",guidance,,تیم منتورینگ آکادمی سبحان صمدی,منبع: MQA-00057 | موضوع: ارزش پیپ طلا | تأیید انسانی نشده؛ به‌عنوان راهنمایی آموزشی وارد شد، نه واقعیت رسمی. | ارزش پیپ به بروکر و نماد بستگی دارد؛ روش اندازه‌گیری قابل اتکاتر از عدد ثابت است.
mentor,متاتریدر,چرا کندل‌ها یا اطلاعات روی چارت نمایش داده نمی‌شود؟,معمولاً مشکل رنگ است نه داده: روی چارت راست‌کلیک کنید، Properties را باز کنید و رنگ بخش Volume را که احتمالاً سفید (هم‌رنگ پس‌زمینه) است عوض کنید.,guidance,,تیم منتورینگ آکادمی سبحان صمدی,منبع: MQA-00061 | موضوع: نمایش چارت | تأیید انسانی نشده؛ به‌عنوان راهنمایی آموزشی وارد شد، نه واقعیت رسمی.
mentor,بک‌تست و فوروارد تست,وقتی دیتای تاریخی کافی نیست چه کنم؟,"عمق دیتای تاریخی به بروکر بستگی دارد — بیشتر بروکرها فقط چند ماه نشان می‌دهند و بعضی تا یک سال یا بیشتر. منتور اینجا صادقانه می‌گوید اطلاع دقیق ندارد و بررسی را به خود دانشجو می‌سپارد.
(در بسته‌ی ۱ راه دیگری هم داده شده بود: شبیه‌ساز و فایل‌های دیتای آماده.)",guidance,,تیم منتورینگ آکادمی سبحان صمدی,منبع: MQA-00062 | موضوع: دیتای تاریخی | تأیید انسانی نشده؛ به‌عنوان راهنمایی آموزشی وارد شد، نه واقعیت رسمی.
mentor,بروکر,چرا با وجود موجودی، معامله باز نمی‌شود؟,"دو چیز جدا: (۱) نوع حساب — با ۲۰۰ دلار به‌صورت خودکار حساب پرایم باز می‌شود؛ حساب زیرو حداقل ۱۰۰۰ دلار می‌خواهد. (۲) علت باز نشدن معامله معمولاً لوریج خیلی پایین حساب است؛ از کابین بروکر آن را روی ۱:۲۰۰ یا ۱:۳۰۰ بگذارید.
منتور اضافه می‌کند که با ۵۰ دلار هم می‌شود معامله باز کرد اما مدیریت سرمایه رعایت نمی‌شود — که با توصیه‌ی ۵۰۰ تا ۷۰۰ دلار برای شروع حساب ریل هم‌راستاست (MQA-00040).",guidance,,تیم منتورینگ آکادمی سبحان صمدی,منبع: MQA-00078 | موضوع: باز نشدن معامله | تأیید انسانی نشده؛ به‌عنوان راهنمایی آموزشی وارد شد، نه واقعیت رسمی. | حداقل واریزی و پله‌های لوریج زمان‌مند و وابسته به بروکرند.
mentor,متاتریدر,برای معامله چه نوع اینترنتی لازم است؟,مدرس در ایران از فیبر نوری استفاده می‌کند، اما پاسخ عمومی ندارد: بهترین گزینه به منطقه‌ی زندگی شما بستگی دارد و باید محلی بررسی کنید کدام سرویس بیشترین سرعت و پایداری را دارد.,guidance,,تیم منتورینگ آکادمی سبحان صمدی,منبع: MQA-00079 | موضوع: اینترنت و سخت‌افزار | تأیید انسانی نشده؛ به‌عنوان راهنمایی آموزشی وارد شد، نه واقعیت رسمی. | 💡 نکته‌ی مرتبط از خودِ همین بسته: یکی از دانشجوها به‌خاطر قطعی برق و پرش لپ‌تاپ با عجله وارد معامله شد و آن را جزو دو تخطی از پلن خودش شمرد — یعنی «مشکل چارت یا اتصال ⇒ معامله نکن» خودش می‌تواند یک بند پلن باشد.
mentor,بروکر,روال واریز و برداشت در شرایط تحریم چیست؟,روال به روایت منتور: (۱) اگر با لینک معرف ثبت‌نام کرده‌اید، از مسیر معتمد خود بروکر می‌توانید هم تتری و هم ریالی واریز و برداشت کنید — با ارسال شماره حساب معاملاتی، مدیر حساب تماس می‌گیرد. (۲) در غیر این صورت انتخاب صرافی کاملاً بر عهده‌ی خود شماست و باید تحقیق کنید. (۳) تتر را مستقیم از صرافی به بروکر نفرستید؛ یک کیف پول واسط (مثل تراست ولت) در میان باشد و برای برداشت از یک کیف پول مجزا استفاده کنید. (۴) شبکه حتماً TRC20 باشد — انتقال روی شبکه‌ی دیگر یعنی از دست رفتن پول.,guidance,,تیم منتورینگ آکادمی سبحان صمدی,منبع: MQA-00039 | موضوع: واریز و برداشت | تأیید انسانی نشده؛ به‌عنوان راهنمایی آموزشی وارد شد، نه واقعیت رسمی. | اطلاعات زمان‌مند است و سیاست ممکن است تغییر کرده باشد. | پرسش واقعی واریز/برداشت طبق ACA-RULE-0003 به پشتیبانی انسانی می‌رود. | ⚠️ طبق تصمیم D-0010 و قاعده‌ی ACA-RULE-0004، نام صرافی‌هایی که در متن اصلی آمده بود در این رکورد نیامده است: مربی نام هیچ صرافی‌ای را نمی‌برد و این موضوع کاملاً زمان‌مند است.
mentor,بروکر,تفاوت حساب زیرو و پرایم در بروکر چیست؟,دو نوع حساب: پرایم (پیش‌فرض، اسپرد بالاتر روی جفت‌ارزها) و زیرو (اسپرد نزدیک صفر، اما کمیسیون ۸ دلار به‌ازای هر لات — یعنی ۸۰ سنت برای ۰.۱ لات). حساب زیرو حداقل ۱۰۰۰ دلار واریزی می‌خواهد. برای حساب دموی زیرو باید از سایت بروکر درخواست تغییر نوع حساب داد.,guidance,,تیم منتورینگ آکادمی سبحان صمدی,منبع: MQA-00059 | موضوع: حساب زیرو و پرایم | تأیید انسانی نشده؛ به‌عنوان راهنمایی آموزشی وارد شد، نه واقعیت رسمی. | اعداد اسپرد، کمیسیون و حداقل واریزی زمان‌مندند (RQ-0004). | ⚠️ اعداد و شرایط بروکری‌اند و زمان‌مند؛ باید با خود بروکر بررسی شوند.
mentor,متاتریدر,اسپرد را چطور در حد ضرر لحاظ کنم؟,پاسخ منتور، جابه‌جا کردن نقطه‌ی ورود نیست: وقتی اسپرد بزرگ است، رعایت مدیریت سرمایه روی آن نماد عملاً ممکن نمی‌شود. راه‌حل، عوض کردن نوع حساب (زیرو با اسپرد نزدیک صفر) است — نه فشرده کردن حد ضرر برای جا دادن اسپرد.,guidance,,تیم منتورینگ آکادمی سبحان صمدی,منبع: MQA-00060 | موضوع: اسپرد و حد ضرر | تأیید انسانی نشده؛ به‌عنوان راهنمایی آموزشی وارد شد، نه واقعیت رسمی.
mentor,فرآیندهای آکادمی,شرایط دریافت سرمایه از آکادمی چیست؟,"روال: اول خودتان با سرمایه‌ی مازاد حساب ریل باز می‌کنید و بین ۳ تا ۶ ماه استیتمنت سودده می‌سازید؛ پس از بررسی، به اندازه‌ی همان سرمایه‌ی اولیه‌تان بالانس داده می‌شود و اگر سودده بمانید هر دو هفته بالانس افزایش می‌یابد.
پرسش‌های واقعی جذب سرمایه به پشتیبانی انسانی ارجاع می‌شوند.",guidance,,تیم منتورینگ آکادمی سبحان صمدی,منبع: MQA-00063 | موضوع: جذب سرمایه | تأیید انسانی نشده؛ به‌عنوان راهنمایی آموزشی وارد شد، نه واقعیت رسمی. | شرایط زمان‌مند است؛ پرسش واقعی به پشتیبانی ارجاع می‌شود (ACA-RULE-0003). | ⚠️ وقتی دانشجویی گفت «استاد گفتند ۱ یا ۲ ماه»، منتور همان معیار رسمی را تکرار کرد: ۶ ماه، دراوداون زیر ۱۰٪، پروفیت فکتور بالای ۱.۵. مربی باید همین معیار رسمی را بگوید و شنیده‌ها را تأیید نکند.
mentor,فرآیندهای آکادمی,وقتی دسترسی به ویدیوهای دوره قطع می‌شود چه کنم؟,"دو حالت:
• دسترسی از خارج از ایران: به دلیل محدودیت‌های ارتباطی، سرویس‌های میزبانی‌شده در ایران — از جمله پخش‌کننده‌ی دوره — از بیرون در دسترس نیستند. راهکاری که آکادمی اعلام کرده استفاده از VPN با IP ایران است و روی ویندوز، مک، اندروید و iOS تست شده.
• مشکل لایسنس یا تعویض دستگاه: به آیدی پشتیبانی پیام بدهید.",guidance,,تیم منتورینگ آکادمی سبحان صمدی,منبع: MQA-00066 | موضوع: دسترسی به ویدیوها | تأیید انسانی نشده؛ به‌عنوان راهنمایی آموزشی وارد شد، نه واقعیت رسمی. | وضعیت دسترسی زمان‌مند است. | مربی سرویس بیرونی معرفی نمی‌کند؛ ارجاع به پشتیبانی. | ⚠️ آکادمی در اطلاعیه‌اش یک سرویس بیرونی را با سلب مسئولیت کامل نام برده بود. مربی نام آن سرویس را نمی‌برد و کاربر را به پشتیبانی ارجاع می‌دهد؛ این وضعیت هم زمان‌مند است.
mentor,روانشناسی معامله‌گری,چطور با فشار روانی اخبار و شرایط بیرونی کنار بیایم؟,پاسخ منتور همدلانه و تجربی است: ذهن را درگیر اخبار نکنید؛ خودش هم شش سال پیش همین افکار را داشته و اگر به آن‌ها بها می‌داد اصلاً شروع نمی‌کرد.,guidance,,تیم منتورینگ آکادمی سبحان صمدی,منبع: MQA-00068 | موضوع: فشار روانی اخبار تحریم | تأیید انسانی نشده؛ به‌عنوان راهنمایی آموزشی وارد شد، نه واقعیت رسمی. | پاسخ انگیزشی است، نه ارزیابی ریسک مالی. | ⚠️ این یک پاسخ انگیزشی است، نه ارزیابی وضعیت واقعی. مربی نباید از آن نتیجه بگیرد که نگرانی مالی دانشجو بی‌مورد است؛ مسائل مالی همچنان به پشتیبانی انسانی ارجاع می‌شود.
mentor,بروکر,کمیسیون حساب زیرو منطقی است؟,منطق منتور: کمیسیون ۸ دلار به‌ازای هر لات، بهای اسپرد نزدیک صفر است. برای سبک اسکلپ که به اسپرد پایین نیاز دارد، این معاوضه می‌ارزد — در حالی که در حساب بدون کمیسیون، اسپرد بالای جفت‌ارزها همان هزینه را به شکل دیگری می‌گیرد. ساختار کمیسیون/اسپرد از بروکری به بروکر دیگر فرق دارد.,guidance,,تیم منتورینگ آکادمی سبحان صمدی,منبع: MQA-00077 | موضوع: کمیسیون حساب زیرو | تأیید انسانی نشده؛ به‌عنوان راهنمایی آموزشی وارد شد، نه واقعیت رسمی. | اعداد کمیسیون و اسپرد زمان‌مند و وابسته به بروکرند (RQ-0004). | ⚠️ اعداد بروکری و زمان‌مندند.
mentor,متاتریدر,اکسپرت مدیریت سرمایه‌ی آکادمی حجم را چطور تعیین می‌کند؟,در اکسپرت مدیریت سرمایه‌ی آکادمی شما حجم را دستی وارد نمی‌کنید — فقط ریسک‌لاین را مشخص می‌کنید و اکسپرت بر اساس فاصله‌ی حد ضرر، حجم را خودش محاسبه می‌کند. اگر حجم عجیب درآمد معمولاً باگ نیست: با بالانس کم — به‌ویژه روی نمادهای پرنوسان مثل داوجونز و طلا — ریسک دقیق قابل تنظیم نیست.,guidance,,تیم منتورینگ آکادمی سبحان صمدی,منبع: MQA-00037 | موضوع: اکسپرت مدیریت سرمایه | تأیید انسانی نشده؛ به‌عنوان راهنمایی آموزشی وارد شد، نه واقعیت رسمی. | توضیح فقط درباره‌ی ابزار داخلی آکادمی؛ هیچ اکسپرت بیرونی پیشنهاد نمی‌شود. | ⚠️ توجه سیاستی: ACA-RULE-0002 می‌گوید آکادمی هیچ اکسپرت، ربات یا سیگنالی پیشنهاد نمی‌کند. آن قاعده ناظر بر محصولات بیرونی است؛ ابزار مدیریت سرمایه‌ی خود آکادمی موضوع جداگانه‌ای است. تا تعیین تکلیف عبارت دقیق (CONF-0005)، مربی درباره‌ی ابزار داخلی فقط توضیح عملکردی می‌دهد و هیچ ابزار بیرونی را پیشنهاد نمی‌کند. | تعارض: CONF-0005
mentor,بروکر,وقتی صرافی تحریم می‌شود چه اتفاقی برای انتقال تتر می‌افتد؟,آنچه منتور توضیح می‌دهد: با تحریم شدن یک صرافی، بخش واریز و برداشت تتر روی شبکه‌های TRC20 و ERC20 بسته می‌شود — یعنی انتقال تتر از/به آن صرافی روی این دو شبکه انجام نمی‌شود، هرچند خود صرافی داخل ایران کار می‌کند و دارایی موجود در آن از بین نمی‌رود. انتقال‌های انجام‌شده‌ی قبلی هم مشکلی ایجاد نمی‌کند.,guidance,,تیم منتورینگ آکادمی سبحان صمدی,منبع: MQA-00067 | موضوع: تحریم صرافی | تأیید انسانی نشده؛ به‌عنوان راهنمایی آموزشی وارد شد، نه واقعیت رسمی. | کاملاً زمان‌مند؛ سیاست و وضعیت ممکن است تغییر کرده باشد. | ⚠️ این وضعیت شدیداً زمان‌مند است و طبق ACA-RULE-0004 مربی نام هیچ صرافی‌ای را نمی‌برد و پرسش واقعی را به پشتیبانی ارجاع می‌دهد.
